commit_hash,actor,branch,commit_message,event_type,files_changed,lines_added,lines_deleted,lines_changed,execution_time_seg,test_duration_sec,build_duration_sec,failed_job_name,failed_steps_count,log_category,dia_semana,hora_dia,is_weekend,is_hotfix_branch,is_feature_branch,is_main_branch,has_docker_change,has_db_change,has_api_change,has_frontend_change,has_login_change,has_dependency_change,has_env_change,has_migration_change,commit_action,commit_scope,risk_score_synthetic,status
a4dcbf17,junior_juan,feature/api,merge api module,pull_request,9,484,284,768,652,286,277,quality-and-testing,4,timeout,2,21,0,0,1,0,0,0,1,0,0,0,0,0,merge,api,0.4551,failure
926c50bd,junior_juan,release/v1,rollback migration module,pull_request,16,8,194,202,530,275,202,quality-and-testing,1,database,3,23,0,0,0,0,0,0,0,0,0,0,0,1,rollback,migration,0.6248,failure
7e028091,anndrew492,feature/pagos,fix auth module,push,5,269,25,294,49,20,24,none,0,none,2,21,0,0,1,0,0,0,0,0,1,0,0,0,fix,auth,0.3712,success
c1241c5a,carlos_dev,main,remove login module,push,9,364,355,719,456,184,231,quality-and-testing,2,database,5,21,0,0,0,1,0,0,0,0,1,0,0,0,remove,login,0.9200,failure
d97b14cc,carlos_dev,feature/dashboard,add tests module,push,13,57,358,415,290,79,156,none,0,none,5,0,0,0,1,0,0,0,0,0,0,0,0,0,add,tests,0.2982,success
1063e810,junior_juan,feature/api,add docker module,push,5,614,336,950,518,247,209,security-and-build,4,docker,3,20,0,0,1,0,1,0,0,0,0,0,0,0,add,docker,0.8072,failure
6d740b48,junior_juan,hotfix/urgente,add dashboard module,push,8,488,193,681,418,112,295,quality-and-testing,4,syntax,5,19,0,1,0,0,0,0,0,1,0,0,0,0,add,dashboard,0.6302,failure
ee12d126,junior_juan,ci/cd-proyecto,update environment module,pull_request,15,540,296,836,533,255,244,security-and-build,1,timeout,2,5,0,0,0,0,0,0,0,0,0,0,1,0,update,environment,0.6114,failure
586f67b6,junior_juan,hotfix/urgente,update frontend module,push,22,159,244,403,474,172,238,security-and-build,1,dependency,3,19,0,1,0,0,0,0,0,1,0,0,0,0,update,frontend,0.5693,failure
50f25fcd,carlos_dev,feature/pagos,rollback tests module,push,5,583,78,661,575,284,225,security-and-build,1,timeout,7,19,1,0,1,0,0,0,0,0,0,0,0,0,rollback,tests,0.5332,failure
c3a9b196,carlos_dev,ci/cd-proyecto,add database module,push,7,419,326,745,649,333,243,quality-and-testing,2,database,4,2,0,0,0,0,0,1,0,0,0,0,0,0,add,database,0.6865,failure
41f29fa5,carlos_dev,feature/pagos,refactor database module,pull_request,20,573,120,693,615,234,299,quality-and-testing,1,database,4,20,0,0,1,0,0,1,0,0,0,0,0,0,refactor,database,0.6674,failure
cb124a92,carlos_dev,release/v1,add tests module,push,14,293,0,293,223,27,107,none,0,none,3,14,0,0,0,0,0,0,0,0,0,0,0,0,add,tests,0.3264,success
4f42598b,maria_backend,feature/api,rollback environment module,pull_request,15,511,181,692,324,85,214,security-and-build,2,dependency,5,2,0,0,1,0,0,0,0,0,0,0,1,0,rollback,environment,0.7985,failure
f93dbefa,carlos_dev,feature/dashboard,remove dependencies module,pull_request,10,98,187,285,563,162,367,none,0,none,3,20,0,0,1,0,0,0,0,0,0,1,0,0,remove,dependencies,0.3112,success
7348718a,anndrew492,feature/pagos,fix environment module,push,5,102,178,280,380,129,211,none,0,none,4,2,0,0,1,0,0,0,0,0,0,0,1,0,fix,environment,0.4011,success
7ca6f3ed,anndrew492,feature/api,merge api module,pull_request,1,357,97,454,303,112,137,none,0,none,4,3,0,0,1,0,0,0,1,0,0,0,0,0,merge,api,0.2349,success
22150c5b,junior_juan,ci/cd-proyecto,merge docker module,push,13,136,323,459,441,200,226,security-and-build,2,docker,6,8,1,0,0,0,1,0,0,0,0,0,0,0,merge,docker,0.5980,failure
38a0b8cc,anndrew492,hotfix/urgente,fix login module,push,13,644,117,761,268,78,108,security-and-build,3,dependency,6,16,1,1,0,0,0,0,0,0,1,0,0,0,fix,login,0.9200,failure
ece37fec,anndrew492,feature/pagos,fix dependencies module,pull_request,9,170,108,278,295,54,233,none,0,none,4,20,0,0,1,0,0,0,0,0,0,1,0,0,fix,dependencies,0.3578,success
f951625a,anndrew492,feature/dashboard,merge dependencies module,pull_request,11,286,147,433,441,159,208,none,0,none,1,6,0,0,1,0,0,0,0,0,0,1,0,0,merge,dependencies,0.3836,success
05e3e620,junior_juan,release/v1,add billing module,pull_request,4,156,277,433,354,120,185,none,0,none,2,7,0,0,0,0,0,0,0,0,0,0,0,0,add,billing,0.0300,success
d711f057,carlos_dev,feature/dashboard,update dependencies module,push,10,129,357,486,437,128,243,security-and-build,4,dependency,7,11,1,0,1,0,0,0,0,0,0,1,0,0,update,dependencies,0.5649,failure
ab9334f2,carlos_dev,release/v1,update auth module,pull_request,4,102,169,271,297,176,34,none,0,none,2,1,0,0,0,0,0,0,0,0,1,0,0,0,update,auth,0.2232,success
4909ee6b,carlos_dev,feature/dashboard,update api module,pull_request,5,556,234,790,464,185,246,quality-and-testing,2,syntax,1,22,0,0,1,0,0,0,1,0,0,0,0,0,update,api,0.5433,failure
894578d7,junior_juan,release/v1,refactor login module,pull_request,6,8,6,14,214,44,111,none,0,none,6,5,1,0,0,0,0,0,0,0,1,0,0,0,refactor,login,0.4443,success
db3cb036,maria_backend,main,fix billing module,push,9,437,191,628,550,284,248,security-and-build,4,timeout,4,0,0,0,0,1,0,0,0,0,0,0,0,0,fix,billing,0.4590,failure
073618aa,carlos_dev,feature/pagos,merge migration module,pull_request,10,31,186,217,264,158,76,none,0,none,7,10,1,0,1,0,0,0,0,0,0,0,0,1,merge,migration,0.3145,success
e7335c76,maria_backend,ci/cd-proyecto,remove dashboard module,push,15,301,353,654,527,304,169,none,0,none,1,6,0,0,0,0,0,0,0,1,0,0,0,0,remove,dashboard,0.4224,success
745d8528,anndrew492,feature/dashboard,merge dashboard module,push,10,568,198,766,385,160,194,none,0,none,2,6,0,0,1,0,0,0,0,1,0,0,0,0,merge,dashboard,0.3836,success
b8d67657,anndrew492,feature/dashboard,rollback tests module,pull_request,6,298,102,400,331,158,102,none,0,none,2,18,0,0,1,0,0,0,0,0,0,0,0,0,rollback,tests,0.0402,success
126789bd,carlos_dev,feature/api,remove api module,pull_request,1,163,51,214,189,33,104,none,0,none,5,11,0,0,1,0,0,0,1,0,0,0,0,0,remove,api,0.1838,success
b3b28c32,carlos_dev,feature/api,add dependencies module,pull_request,20,268,332,600,513,246,209,security-and-build,2,dependency,4,14,0,0,1,0,0,0,0,0,0,1,0,0,add,dependencies,0.5567,failure
e3b52c84,junior_juan,release/v1,merge database module,pull_request,20,455,36,491,602,262,260,none,0,none,3,14,0,0,0,0,0,1,0,0,0,0,0,0,merge,database,0.3977,success
c797d12f,maria_backend,release/v1,refactor migration module,push,15,561,115,676,607,347,235,quality-and-testing,3,database,4,5,0,0,0,0,0,0,0,0,0,0,0,1,refactor,migration,0.8576,failure
aaec171d,anndrew492,feature/pagos,rollback frontend module,push,5,131,257,388,229,35,139,none,0,none,5,6,0,0,1,0,0,0,0,1,0,0,0,0,rollback,frontend,0.2426,success
6b8ffa0d,carlos_dev,release/v1,merge environment module,pull_request,5,142,102,244,353,48,249,none,0,none,2,3,0,0,0,0,0,0,0,0,0,0,1,0,merge,environment,0.3649,success
c9716e10,carlos_dev,hotfix/urgente,remove frontend module,pull_request,13,549,2,551,456,236,211,security-and-build,3,dependency,3,1,0,1,0,0,0,0,0,1,0,0,0,0,remove,frontend,0.5098,failure
745095ad,anndrew492,feature/dashboard,rollback environment module,push,13,407,207,614,349,129,132,security-and-build,5,docker,1,12,0,0,1,0,0,0,0,0,0,0,1,0,rollback,environment,0.7256,failure
c33d88fc,anndrew492,feature/pagos,update frontend module,pull_request,12,59,210,269,306,188,33,none,0,none,1,3,0,0,1,0,0,0,0,1,0,0,0,0,update,frontend,0.0680,success
2aa0ff3b,carlos_dev,feature/api,remove migration module,push,17,13,170,183,466,176,236,quality-and-testing,4,database,4,23,0,0,1,0,0,0,0,0,0,0,0,1,remove,migration,0.6022,failure
fab90826,carlos_dev,main,merge login module,pull_request,13,115,245,360,306,154,142,none,0,none,1,22,0,0,0,1,0,0,0,0,1,0,0,0,merge,login,0.4195,success
575ac70e,maria_backend,feature/pagos,refactor docker module,pull_request,15,35,310,345,400,175,165,none,0,none,1,21,0,0,1,0,1,0,0,0,0,0,0,0,refactor,docker,0.3891,success
2384e11c,maria_backend,main,fix environment module,pull_request,14,228,50,278,340,92,230,none,0,none,7,9,1,0,0,1,0,0,0,0,0,0,1,0,fix,environment,0.4065,success
93be3dce,anndrew492,feature/api,refactor api module,pull_request,8,567,186,753,519,228,255,quality-and-testing,3,database,5,10,0,0,1,0,0,0,1,0,0,0,0,0,refactor,api,0.4933,failure
d8d0a0d1,carlos_dev,hotfix/urgente,remove api module,pull_request,15,240,27,267,129,56,36,security-and-build,5,docker,5,17,0,1,0,0,0,0,1,0,0,0,0,0,remove,api,0.5683,failure
06484e9a,anndrew492,main,add billing module,pull_request,12,73,34,107,458,182,200,none,0,none,2,22,0,0,0,1,0,0,0,0,0,0,0,0,add,billing,0.0300,success
625c1b79,carlos_dev,feature/api,refactor frontend module,push,18,557,131,688,536,170,284,security-and-build,5,timeout,6,17,1,0,1,0,0,0,0,1,0,0,0,0,refactor,frontend,0.5217,failure
3ac1f4bd,maria_backend,release/v1,fix environment module,push,12,414,33,447,425,159,237,none,0,none,1,13,0,0,0,0,0,0,0,0,0,0,1,0,fix,environment,0.3993,success
c68f953c,anndrew492,release/v1,fix docker module,pull_request,1,619,18,637,437,133,267,security-and-build,1,docker,2,18,0,0,0,0,1,0,0,0,0,0,0,0,fix,docker,0.5211,failure
7a270d0c,carlos_dev,hotfix/urgente,refactor api module,pull_request,17,297,283,580,385,308,50,telemetry-dispatch,3,timeout,6,2,1,1,0,0,0,0,1,0,0,0,0,0,refactor,api,0.8924,failure
03367d7f,junior_juan,feature/pagos,remove billing module,pull_request,8,533,195,728,528,233,276,none,0,none,4,3,0,0,1,0,0,0,0,0,0,0,0,0,remove,billing,0.1319,success
6cde942b,anndrew492,main,add docker module,pull_request,3,534,237,771,649,169,404,security-and-build,4,docker,5,8,0,0,0,1,1,0,0,0,0,0,0,0,add,docker,0.5964,failure
e576c115,carlos_dev,feature/pagos,remove tests module,pull_request,13,326,338,664,509,148,325,none,0,none,7,4,1,0,1,0,0,0,0,0,0,0,0,0,remove,tests,0.2195,success
b0b4fa72,anndrew492,release/v1,rollback docker module,pull_request,2,148,127,275,295,107,147,none,0,none,3,7,0,0,0,0,1,0,0,0,0,0,0,0,rollback,docker,0.3041,success
64755063,anndrew492,feature/api,fix billing module,push,10,411,104,515,295,88,153,none,0,none,5,9,0,0,1,0,0,0,0,0,0,0,0,0,fix,billing,0.2848,success
c7a45a26,junior_juan,hotfix/urgente,fix billing module,pull_request,15,227,109,336,155,53,72,security-and-build,4,env,4,19,0,1,0,0,0,0,0,0,0,0,0,0,fix,billing,0.5254,failure
90776c67,anndrew492,ci/cd-proyecto,refactor database module,pull_request,14,220,284,504,506,329,163,quality-and-testing,4,database,4,0,0,0,0,0,0,1,0,0,0,0,0,0,refactor,database,0.4780,failure
0fc33eb0,maria_backend,main,rollback auth module,push,4,406,274,680,335,167,99,quality-and-testing,3,syntax,5,13,0,0,0,1,0,0,0,0,1,0,0,0,rollback,auth,0.9200,failure
427fadbb,anndrew492,feature/pagos,remove security module,push,1,14,84,98,190,68,115,none,0,none,2,5,0,0,1,0,0,0,0,0,0,0,0,0,remove,security,0.0300,success
1e61a2a7,anndrew492,release/v1,add api module,pull_request,11,569,329,898,363,104,237,security-and-build,2,security,7,0,1,0,0,0,0,0,1,0,0,0,0,0,add,api,0.6350,failure
836477be,anndrew492,feature/pagos,update dashboard module,pull_request,10,633,217,850,500,298,174,none,0,none,3,23,0,0,1,0,0,0,0,1,0,0,0,0,update,dashboard,0.1280,success
b4433a52,carlos_dev,feature/pagos,refactor security module,push,7,311,136,447,359,107,241,none,0,none,6,11,1,0,1,0,0,0,0,0,0,0,0,0,refactor,security,0.1494,success
98080212,maria_backend,ci/cd-proyecto,fix login module,push,7,70,1,71,131,19,29,none,0,none,4,6,0,0,0,0,0,0,0,0,1,0,0,0,fix,login,0.2194,success
6e5d653a,junior_juan,feature/dashboard,rollback dependencies module,push,5,246,101,347,503,189,234,security-and-build,4,dependency,6,1,1,0,1,0,0,0,0,0,0,1,0,0,rollback,dependencies,0.8049,failure
141851c4,maria_backend,feature/api,fix database module,push,13,356,2,358,476,198,212,none,0,none,1,8,0,0,1,0,0,1,0,0,0,0,0,0,fix,database,0.3247,success
fbf7f703,anndrew492,hotfix/urgente,merge security module,pull_request,10,450,62,512,569,270,218,none,0,none,4,18,0,1,0,0,0,0,0,0,0,0,0,0,merge,security,0.3834,success
463b9f53,carlos_dev,ci/cd-proyecto,update dependencies module,pull_request,19,156,38,194,331,20,263,none,0,none,7,10,1,0,0,0,0,0,0,0,0,1,0,0,update,dependencies,0.3841,success
b3989c1c,maria_backend,release/v1,refactor dependencies module,pull_request,12,142,120,262,494,143,281,none,0,none,1,3,0,0,0,0,0,0,0,0,0,1,0,0,refactor,dependencies,0.3324,success
d57b2241,junior_juan,ci/cd-proyecto,update auth module,push,14,632,310,942,518,156,278,security-and-build,3,docker,1,4,0,0,0,0,0,0,0,0,1,0,0,0,update,auth,0.9200,failure
5a019e79,carlos_dev,release/v1,refactor tests module,pull_request,5,300,239,539,520,328,111,none,0,none,6,1,1,0,0,0,0,0,0,0,0,0,0,0,refactor,tests,0.2759,success
99d2e42d,junior_juan,ci/cd-proyecto,add tests module,push,18,588,302,890,480,221,245,quality-and-testing,4,test,1,16,0,0,0,0,0,0,0,0,0,0,0,0,add,tests,0.4877,failure
4e536d1b,anndrew492,feature/api,merge billing module,pull_request,8,270,84,354,253,101,104,none,0,none,1,22,0,0,1,0,0,0,0,0,0,0,0,0,merge,billing,0.1288,success
4d5e5f35,maria_backend,main,update tests module,push,13,639,142,781,305,56,217,quality-and-testing,5,test,1,1,0,0,0,1,0,0,0,0,0,0,0,0,update,tests,0.5172,failure
eba65dd1,carlos_dev,main,add login module,pull_request,6,571,226,797,280,130,132,security-and-build,3,security,7,4,1,0,0,1,0,0,0,0,1,0,0,0,add,login,0.6584,failure
32b3e128,junior_juan,ci/cd-proyecto,update billing module,push,1,73,354,427,463,194,246,none,0,none,7,10,1,0,0,0,0,0,0,0,0,0,0,0,update,billing,0.3230,success
74bd2d5b,carlos_dev,hotfix/urgente,refactor environment module,push,11,72,354,426,284,88,139,quality-and-testing,4,env,7,14,1,1,0,0,0,0,0,0,0,0,1,0,refactor,environment,0.7610,failure
c38ddd0b,anndrew492,feature/pagos,refactor tests module,pull_request,15,411,251,662,442,165,208,none,0,none,4,7,0,0,1,0,0,0,0,0,0,0,0,0,refactor,tests,0.3048,success
24f4a127,maria_backend,feature/api,refactor dependencies module,push,4,236,345,581,629,143,419,security-and-build,1,dependency,7,16,1,0,1,0,0,0,0,0,0,1,0,0,refactor,dependencies,0.6115,failure
41f1c54d,anndrew492,main,rollback environment module,push,12,159,346,505,488,164,237,security-and-build,3,docker,2,2,0,0,0,1,0,0,0,0,0,0,1,0,rollback,environment,0.8421,failure
41849049,anndrew492,feature/dashboard,rollback frontend module,push,9,116,351,467,513,205,219,none,0,none,5,16,0,0,1,0,0,0,0,1,0,0,0,0,rollback,frontend,0.3847,success
7a08c0f4,junior_juan,feature/api,update migration module,pull_request,20,259,255,514,538,279,173,quality-and-testing,4,database,3,14,0,0,1,0,0,0,0,0,0,0,0,1,update,migration,0.4750,failure
985e9f47,carlos_dev,feature/api,update api module,push,12,608,156,764,540,281,246,quality-and-testing,5,timeout,7,10,1,0,1,0,0,0,1,0,0,0,0,0,update,api,0.7143,failure
7ea01539,anndrew492,hotfix/urgente,add tests module,pull_request,9,145,269,414,270,197,37,none,0,none,3,6,0,1,0,0,0,0,0,0,0,0,0,0,add,tests,0.3677,success
3b2055bb,anndrew492,feature/api,update auth module,push,13,365,237,602,527,287,150,security-and-build,1,timeout,4,15,0,0,1,0,0,0,0,0,1,0,0,0,update,auth,0.6202,failure
3c252cf3,anndrew492,hotfix/urgente,remove dashboard module,push,14,549,178,727,209,73,116,security-and-build,1,security,7,5,1,1,0,0,0,0,0,1,0,0,0,0,remove,dashboard,0.9200,failure
0f8ccc11,carlos_dev,feature/dashboard,refactor login module,push,2,509,240,749,493,182,301,quality-and-testing,1,test,4,2,0,0,1,0,0,0,0,0,1,0,0,0,refactor,login,0.7150,failure
f509d58d,anndrew492,main,update tests module,pull_request,8,19,113,132,347,218,119,none,0,none,4,9,0,0,0,1,0,0,0,0,0,0,0,0,update,tests,0.0620,success
91cdbcd6,carlos_dev,hotfix/urgente,remove auth module,push,15,485,213,698,438,173,195,quality-and-testing,3,syntax,2,17,0,1,0,0,0,0,0,0,1,0,0,0,remove,auth,0.9200,failure
d0119f69,maria_backend,feature/dashboard,rollback environment module,push,10,524,268,792,449,338,85,security-and-build,3,timeout,4,2,0,0,1,0,0,0,0,0,0,0,1,0,rollback,environment,0.7849,failure
82aff586,maria_backend,ci/cd-proyecto,refactor api module,pull_request,6,644,268,912,489,222,186,security-and-build,4,timeout,5,4,0,0,0,0,0,0,1,0,0,0,0,0,refactor,api,0.6835,failure
91876b86,carlos_dev,feature/pagos,refactor tests module,push,7,564,44,608,658,241,354,none,0,none,5,21,0,0,1,0,0,0,0,0,0,0,0,0,refactor,tests,0.3464,success
1e51881a,anndrew492,release/v1,remove frontend module,pull_request,5,501,57,558,597,321,246,none,0,none,2,10,0,0,0,0,0,0,0,1,0,0,0,0,remove,frontend,0.0300,success
e0e0fede,carlos_dev,feature/pagos,update security module,pull_request,4,589,146,735,446,176,204,none,0,none,4,8,0,0,1,0,0,0,0,0,0,0,0,0,update,security,0.0300,success
c739ba73,junior_juan,ci/cd-proyecto,remove tests module,push,5,380,41,421,296,74,146,none,0,none,1,0,0,0,0,0,0,0,0,0,0,0,0,0,remove,tests,0.3238,success
87681541,junior_juan,main,add environment module,pull_request,15,567,258,825,296,133,147,quality-and-testing,4,runtime,6,3,1,0,0,1,0,0,0,0,0,0,1,0,add,environment,0.8834,failure
171b32ae,carlos_dev,ci/cd-proyecto,fix billing module,pull_request,12,261,73,334,283,72,150,none,0,none,3,3,0,0,0,0,0,0,0,0,0,0,0,0,fix,billing,0.0950,success
f1c2c2c3,junior_juan,hotfix/urgente,remove security module,push,19,541,233,774,292,169,104,security-and-build,2,security,4,16,0,1,0,0,0,0,0,0,0,0,0,0,remove,security,0.6899,failure
be2284b1,junior_juan,feature/pagos,update api module,push,9,106,256,362,459,144,239,none,0,none,2,11,0,0,1,0,0,0,1,0,0,0,0,0,update,api,0.3728,success
39e7b0ec,carlos_dev,feature/dashboard,merge api module,push,7,501,116,617,629,252,293,quality-and-testing,2,timeout,4,14,0,0,1,0,0,0,1,0,0,0,0,0,merge,api,0.4762,failure
1022bb2f,junior_juan,main,refactor auth module,push,9,478,245,723,301,119,153,quality-and-testing,1,syntax,1,20,0,0,0,1,0,0,0,0,1,0,0,0,refactor,auth,0.9200,failure
4e91dcce,maria_backend,release/v1,merge migration module,push,14,406,64,470,316,216,33,quality-and-testing,5,database,6,19,1,0,0,0,0,0,0,0,0,0,0,1,merge,migration,0.5823,failure
11a0169e,anndrew492,feature/api,rollback login module,push,16,190,79,269,221,168,23,telemetry-dispatch,5,timeout,3,17,0,0,1,0,0,0,0,0,1,0,0,0,rollback,login,0.4905,failure
bd3549c4,maria_backend,ci/cd-proyecto,add frontend module,pull_request,10,589,315,904,286,122,137,none,0,none,5,7,0,0,0,0,0,0,0,1,0,0,0,0,add,frontend,0.2163,success
4d4d9dc3,carlos_dev,feature/pagos,refactor docker module,pull_request,15,129,319,448,378,155,167,none,0,none,2,0,0,0,1,0,1,0,0,0,0,0,0,0,refactor,docker,0.3563,success
5598ad4b,junior_juan,feature/dashboard,update frontend module,pull_request,2,114,358,472,231,128,73,none,0,none,4,15,0,0,1,0,0,0,0,1,0,0,0,0,update,frontend,0.0300,success
8917c123,junior_juan,main,merge migration module,pull_request,20,81,152,233,296,152,135,quality-and-testing,5,database,7,6,1,0,0,1,0,0,0,0,0,0,0,1,merge,migration,0.4707,failure
23eec5fe,junior_juan,feature/api,rollback dashboard module,pull_request,8,357,47,404,231,133,65,none,0,none,2,12,0,0,1,0,0,0,0,1,0,0,0,0,rollback,dashboard,0.0808,success
109ad974,maria_backend,feature/dashboard,merge dashboard module,push,7,465,207,672,529,269,179,none,0,none,2,12,0,0,1,0,0,0,0,1,0,0,0,0,merge,dashboard,0.3181,success
2d761c3c,maria_backend,feature/dashboard,update environment module,push,13,218,167,385,198,106,22,none,0,none,4,20,0,0,1,0,0,0,0,0,0,0,1,0,update,environment,0.3934,success
7041a49b,junior_juan,release/v1,fix billing module,push,2,159,359,518,447,279,127,none,0,none,3,23,0,0,0,0,0,0,0,0,0,0,0,0,fix,billing,0.1854,success
0730ccb4,maria_backend,release/v1,rollback tests module,pull_request,6,77,127,204,459,211,224,none,0,none,6,4,1,0,0,0,0,0,0,0,0,0,0,0,rollback,tests,0.2934,success
6c0e4a36,junior_juan,feature/pagos,merge environment module,pull_request,2,501,295,796,233,89,100,security-and-build,2,dependency,3,17,0,0,1,0,0,0,0,0,0,0,1,0,merge,environment,0.5200,failure
0474b8de,junior_juan,hotfix/urgente,merge environment module,pull_request,10,393,7,400,101,15,42,quality-and-testing,3,runtime,5,21,0,1,0,0,0,0,0,0,0,0,1,0,merge,environment,0.7291,failure
316d36b2,junior_juan,release/v1,refactor dashboard module,push,13,468,314,782,376,150,192,none,0,none,4,15,0,0,0,0,0,0,0,1,0,0,0,0,refactor,dashboard,0.4285,success
7275328e,maria_backend,release/v1,fix dashboard module,push,6,45,339,384,245,111,48,none,0,none,2,4,0,0,0,0,0,0,0,1,0,0,0,0,fix,dashboard,0.3332,success
308bfee7,junior_juan,feature/api,add environment module,push,14,226,181,407,226,112,81,quality-and-testing,3,database,2,6,0,0,1,0,0,0,0,0,0,0,1,0,add,environment,0.4772,failure
e05e6945,anndrew492,release/v1,remove database module,push,9,276,178,454,290,195,58,quality-and-testing,1,database,6,10,1,0,0,0,0,1,0,0,0,0,0,0,remove,database,0.5332,failure
274791ef,anndrew492,ci/cd-proyecto,update auth module,push,13,435,276,711,507,224,249,telemetry-dispatch,3,timeout,1,13,0,0,0,0,0,0,0,0,1,0,0,0,update,auth,0.6351,failure
8143088c,maria_backend,hotfix/urgente,remove auth module,pull_request,12,564,264,828,290,166,91,quality-and-testing,4,timeout,7,12,1,1,0,0,0,0,0,0,1,0,0,0,remove,auth,0.8688,failure
e4adc685,anndrew492,feature/api,remove environment module,push,11,471,40,511,616,234,317,security-and-build,1,timeout,2,2,0,0,1,0,0,0,0,0,0,0,1,0,remove,environment,0.5473,failure
2bba2a9c,carlos_dev,feature/api,remove frontend module,push,6,305,70,375,287,99,111,none,0,none,1,18,0,0,1,0,0,0,0,1,0,0,0,0,remove,frontend,0.1017,success
ff5df260,anndrew492,ci/cd-proyecto,remove migration module,pull_request,5,126,107,233,325,196,46,none,0,none,1,20,0,0,0,0,0,0,0,0,0,0,0,1,remove,migration,0.3287,success
7d37cf53,carlos_dev,feature/pagos,merge dependencies module,pull_request,23,225,356,581,545,157,318,none,0,none,3,2,0,0,1,0,0,0,0,0,0,1,0,0,merge,dependencies,0.4172,success
5ee687b9,junior_juan,release/v1,rollback billing module,push,2,294,190,484,174,63,56,none,0,none,4,13,0,0,0,0,0,0,0,0,0,0,0,0,rollback,billing,0.3385,success
46f4caca,carlos_dev,ci/cd-proyecto,refactor dashboard module,pull_request,18,75,98,173,337,191,75,none,0,none,2,9,0,0,0,0,0,0,0,1,0,0,0,0,refactor,dashboard,0.0718,success
47672abe,carlos_dev,feature/pagos,fix dashboard module,push,15,209,319,528,444,322,87,none,0,none,1,0,0,0,1,0,0,0,0,1,0,0,0,0,fix,dashboard,0.2653,success
846374a6,junior_juan,hotfix/urgente,update login module,pull_request,9,481,304,785,476,198,237,quality-and-testing,5,syntax,1,13,0,1,0,0,0,0,0,0,1,0,0,0,update,login,0.8955,failure
64d24c29,maria_backend,ci/cd-proyecto,merge docker module,push,14,251,252,503,450,178,266,security-and-build,3,docker,5,1,0,0,0,0,1,0,0,0,0,0,0,0,merge,docker,0.5286,failure
a3649a87,anndrew492,feature/api,rollback environment module,push,17,109,336,445,275,74,123,quality-and-testing,5,syntax,5,3,0,0,1,0,0,0,0,0,0,0,1,0,rollback,environment,0.5924,failure
5359c529,maria_backend,ci/cd-proyecto,remove auth module,push,7,327,359,686,423,216,202,security-and-build,1,timeout,1,3,0,0,0,0,0,0,0,0,1,0,0,0,remove,auth,0.7977,failure
e87a5430,anndrew492,feature/dashboard,rollback dependencies module,push,15,120,50,170,583,147,382,security-and-build,5,dependency,2,3,0,0,1,0,0,0,0,0,0,1,0,0,rollback,dependencies,0.6130,failure
0477e97e,anndrew492,release/v1,remove billing module,push,14,204,7,211,315,87,154,none,0,none,1,13,0,0,0,0,0,0,0,0,0,0,0,0,remove,billing,0.3264,success
c8893249,anndrew492,feature/dashboard,remove dependencies module,push,6,344,181,525,565,175,314,security-and-build,5,dependency,3,7,0,0,1,0,0,0,0,0,0,1,0,0,remove,dependencies,0.4597,failure
68c25948,maria_backend,main,remove dashboard module,push,8,570,19,589,511,256,238,none,0,none,4,21,0,0,0,1,0,0,0,1,0,0,0,0,remove,dashboard,0.3332,success
e93da292,carlos_dev,main,remove api module,pull_request,14,124,199,323,351,154,114,security-and-build,2,docker,4,2,0,0,0,1,0,0,1,0,0,0,0,0,remove,api,0.5278,failure
08dbb512,carlos_dev,main,fix login module,pull_request,18,156,114,270,255,172,34,none,0,none,3,4,0,0,0,1,0,0,0,0,1,0,0,0,fix,login,0.3126,success
eca29a1a,junior_juan,release/v1,add database module,pull_request,6,632,218,850,559,151,327,quality-and-testing,3,database,6,18,1,0,0,0,0,1,0,0,0,0,0,0,add,database,0.6444,failure
99b93efb,carlos_dev,ci/cd-proyecto,fix security module,pull_request,10,130,219,349,240,109,90,none,0,none,2,9,0,0,0,0,0,0,0,0,0,0,0,0,fix,security,0.0807,success
a50a35a0,anndrew492,feature/dashboard,remove billing module,push,14,379,256,635,589,303,270,none,0,none,5,8,0,0,1,0,0,0,0,0,0,0,0,0,remove,billing,0.4145,success
9153d15b,carlos_dev,hotfix/urgente,merge database module,pull_request,20,621,110,731,376,257,106,quality-and-testing,2,database,4,5,0,1,0,0,0,1,0,0,0,0,0,0,merge,database,0.9100,failure
fc7b9790,carlos_dev,feature/dashboard,refactor security module,push,1,573,14,587,385,106,244,none,0,none,6,17,1,0,1,0,0,0,0,0,0,0,0,0,refactor,security,0.3752,success
b9dff7a9,maria_backend,feature/dashboard,add database module,push,12,178,245,423,388,158,217,none,0,none,4,4,0,0,1,0,0,1,0,0,0,0,0,0,add,database,0.3612,success
b74ce3e5,carlos_dev,main,refactor environment module,pull_request,9,122,255,377,251,131,115,none,0,none,4,17,0,0,0,1,0,0,0,0,0,0,1,0,refactor,environment,0.3774,success
dcd023a4,junior_juan,feature/dashboard,merge environment module,pull_request,17,362,260,622,495,262,151,security-and-build,4,security,1,21,0,0,1,0,0,0,0,0,0,0,1,0,merge,environment,0.7061,failure
5881ce66,maria_backend,hotfix/urgente,refactor database module,push,16,559,76,635,495,234,239,quality-and-testing,5,database,7,18,1,1,0,0,0,1,0,0,0,0,0,0,refactor,database,0.9200,failure
bc042270,junior_juan,main,add security module,push,6,194,163,357,213,115,49,none,0,none,4,2,0,0,0,1,0,0,0,0,0,0,0,0,add,security,0.3938,success
bcaa32b0,junior_juan,feature/dashboard,add auth module,push,4,574,292,866,348,270,55,quality-and-testing,1,database,6,7,1,0,1,0,0,0,0,0,1,0,0,0,add,auth,0.5888,failure
cee2999c,anndrew492,feature/dashboard,fix billing module,push,15,149,231,380,282,109,83,none,0,none,1,8,0,0,1,0,0,0,0,0,0,0,0,0,fix,billing,0.2949,success
67432a2a,junior_juan,release/v1,update login module,push,6,419,157,576,500,221,260,quality-and-testing,5,database,7,5,1,0,0,0,0,0,0,0,1,0,0,0,update,login,0.6300,failure
dbc36ce4,carlos_dev,ci/cd-proyecto,fix billing module,push,13,91,36,127,337,144,108,none,0,none,3,2,0,0,0,0,0,0,0,0,0,0,0,0,fix,billing,0.1562,success
ee2368a5,maria_backend,feature/api,merge database module,pull_request,11,636,116,752,604,364,189,quality-and-testing,3,database,1,0,0,0,1,0,0,1,0,0,0,0,0,0,merge,database,0.5399,failure
793b6a99,junior_juan,main,fix dependencies module,pull_request,18,636,135,771,619,285,249,security-and-build,2,dependency,1,23,0,0,0,1,0,0,0,0,0,1,0,0,fix,dependencies,0.6613,failure
3de3cb55,maria_backend,hotfix/urgente,merge migration module,push,12,79,159,238,288,145,126,quality-and-testing,4,database,3,21,0,1,0,0,0,0,0,0,0,0,0,1,merge,migration,0.7136,failure
bd4d67f3,junior_juan,feature/dashboard,remove billing module,push,11,166,329,495,423,181,198,none,0,none,5,13,0,0,1,0,0,0,0,0,0,0,0,0,remove,billing,0.1297,success
1c40d139,carlos_dev,ci/cd-proyecto,update security module,push,16,14,84,98,192,20,160,none,0,none,7,5,1,0,0,0,0,0,0,0,0,0,0,0,update,security,0.4078,success
28357712,maria_backend,feature/api,update billing module,push,13,397,356,753,576,201,294,none,0,none,5,5,0,0,1,0,0,0,0,0,0,0,0,0,update,billing,0.4138,success
780cb898,carlos_dev,feature/pagos,fix login module,pull_request,17,202,174,376,390,117,258,quality-and-testing,1,timeout,1,23,0,0,1,0,0,0,0,0,1,0,0,0,fix,login,0.4871,failure
fe83c75d,anndrew492,release/v1,add login module,pull_request,9,41,233,274,213,82,82,none,0,none,2,22,0,0,0,0,0,0,0,0,1,0,0,0,add,login,0.3029,success
31dd0f6e,carlos_dev,hotfix/urgente,update billing module,push,5,266,153,419,118,21,91,none,0,none,4,17,0,1,0,0,0,0,0,0,0,0,0,0,update,billing,0.4169,success
6cd4b947,carlos_dev,feature/pagos,merge frontend module,pull_request,5,243,181,424,258,86,103,none,0,none,2,2,0,0,1,0,0,0,0,1,0,0,0,0,merge,frontend,0.0895,success
d9078708,anndrew492,feature/api,merge login module,pull_request,10,379,309,688,238,128,74,none,0,none,3,6,0,0,1,0,0,0,0,0,1,0,0,0,merge,login,0.4118,success
2680f926,junior_juan,main,remove login module,pull_request,15,550,279,829,505,313,102,quality-and-testing,4,runtime,7,16,1,0,0,1,0,0,0,0,1,0,0,0,remove,login,0.7606,failure
08dd65ee,maria_backend,release/v1,update login module,push,12,174,166,340,99,50,21,none,0,none,2,17,0,0,0,0,0,0,0,0,1,0,0,0,update,login,0.3527,success
c0d4a7dd,carlos_dev,hotfix/urgente,add frontend module,pull_request,17,479,301,780,452,123,247,quality-and-testing,1,runtime,6,1,1,1,0,0,0,0,0,1,0,0,0,0,add,frontend,0.6608,failure
4781bb1f,carlos_dev,feature/pagos,add billing module,pull_request,10,338,251,589,360,257,71,none,0,none,2,13,0,0,1,0,0,0,0,0,0,0,0,0,add,billing,0.0300,success
33654768,maria_backend,feature/dashboard,refactor tests module,pull_request,4,571,147,718,553,301,208,none,0,none,1,1,0,0,1,0,0,0,0,0,0,0,0,0,refactor,tests,0.1829,success
bb72a99f,junior_juan,feature/api,merge environment module,pull_request,18,324,335,659,407,191,169,quality-and-testing,2,runtime,4,18,0,0,1,0,0,0,0,0,0,0,1,0,merge,environment,0.6245,failure
f387fcf7,junior_juan,hotfix/urgente,remove security module,pull_request,9,16,354,370,293,86,176,security-and-build,2,security,4,3,0,1,0,0,0,0,0,0,0,0,0,0,remove,security,0.5084,failure
03cf3c96,anndrew492,hotfix/urgente,add tests module,push,9,556,34,590,442,205,206,quality-and-testing,4,test,5,9,0,1,0,0,0,0,0,0,0,0,0,0,add,tests,0.6055,failure
6a0b5534,maria_backend,release/v1,update tests module,pull_request,5,420,114,534,586,242,304,none,0,none,4,9,0,0,0,0,0,0,0,0,0,0,0,0,update,tests,0.0497,success
b8ea41a2,anndrew492,main,rollback tests module,push,5,357,228,585,637,234,327,security-and-build,1,timeout,7,3,1,0,0,1,0,0,0,0,0,0,0,0,rollback,tests,0.5663,failure
e3a63662,junior_juan,ci/cd-proyecto,update frontend module,pull_request,7,190,308,498,355,212,117,none,0,none,1,9,0,0,0,0,0,0,0,1,0,0,0,0,update,frontend,0.0300,success
79c71c45,maria_backend,feature/dashboard,rollback login module,pull_request,1,269,59,328,276,76,125,none,0,none,4,7,0,0,1,0,0,0,0,0,1,0,0,0,rollback,login,0.3405,success
293ecb66,carlos_dev,feature/pagos,rollback tests module,pull_request,1,220,38,258,311,209,65,none,0,none,5,1,0,0,1,0,0,0,0,0,0,0,0,0,rollback,tests,0.0300,success
d555990b,junior_juan,ci/cd-proyecto,update environment module,push,12,538,257,795,638,271,280,telemetry-dispatch,1,timeout,6,5,1,0,0,0,0,0,0,0,0,0,1,0,update,environment,0.8818,failure
e6064e34,maria_backend,release/v1,refactor frontend module,pull_request,16,238,251,489,256,55,113,none,0,none,4,8,0,0,0,0,0,0,0,1,0,0,0,0,refactor,frontend,0.0897,success
78aa2897,anndrew492,feature/api,update database module,pull_request,20,378,297,675,441,205,194,quality-and-testing,3,database,6,2,1,0,1,0,0,1,0,0,0,0,0,0,update,database,0.7452,failure
b042d25d,anndrew492,feature/pagos,add billing module,push,13,422,258,680,405,268,96,none,0,none,1,14,0,0,1,0,0,0,0,0,0,0,0,0,add,billing,0.3649,success
2d5bbdcb,junior_juan,hotfix/urgente,merge docker module,push,5,200,277,477,317,103,135,security-and-build,3,docker,1,16,0,1,0,0,1,0,0,0,0,0,0,0,merge,docker,0.7293,failure
9145ca18,carlos_dev,hotfix/urgente,refactor docker module,pull_request,6,160,143,303,437,160,257,security-and-build,3,docker,3,22,0,1,0,0,1,0,0,0,0,0,0,0,refactor,docker,0.5727,failure
daf2a6cd,maria_backend,feature/dashboard,remove security module,pull_request,5,434,164,598,543,256,272,none,0,none,4,17,0,0,1,0,0,0,0,0,0,0,0,0,remove,security,0.0300,success
aa0ab7c3,carlos_dev,feature/api,merge migration module,pull_request,19,285,351,636,284,153,120,quality-and-testing,1,database,5,8,0,0,1,0,0,0,0,0,0,0,0,1,merge,migration,0.7005,failure
41699863,carlos_dev,hotfix/urgente,refactor billing module,push,15,581,205,786,411,218,148,quality-and-testing,2,test,4,16,0,1,0,0,0,0,0,0,0,0,0,0,refactor,billing,0.7665,failure
b873e6a6,junior_juan,release/v1,update frontend module,push,9,290,111,401,470,179,238,none,0,none,3,16,0,0,0,0,0,0,0,1,0,0,0,0,update,frontend,0.1970,success
adc16aa9,junior_juan,main,fix dashboard module,push,11,639,245,884,482,118,282,security-and-build,3,security,4,4,0,0,0,1,0,0,0,1,0,0,0,0,fix,dashboard,0.4860,failure
4179c0a9,anndrew492,hotfix/urgente,merge security module,push,9,527,352,879,249,138,68,security-and-build,2,security,6,22,1,1,0,0,0,0,0,0,0,0,0,0,merge,security,0.7381,failure
0fe559c6,carlos_dev,feature/dashboard,update auth module,pull_request,2,429,130,559,274,131,136,none,0,none,5,19,0,0,1,0,0,0,0,0,1,0,0,0,update,auth,0.3007,success
7d865e66,junior_juan,feature/pagos,refactor database module,pull_request,18,528,340,868,469,270,189,quality-and-testing,3,database,4,8,0,0,1,0,0,1,0,0,0,0,0,0,refactor,database,0.6839,failure
fa31b310,carlos_dev,feature/dashboard,refactor security module,push,5,78,108,186,269,143,118,none,0,none,4,22,0,0,1,0,0,0,0,0,0,0,0,0,refactor,security,0.0300,success
6b1251d9,carlos_dev,ci/cd-proyecto,merge tests module,push,9,76,106,182,219,90,80,none,0,none,3,10,0,0,0,0,0,0,0,0,0,0,0,0,merge,tests,0.2339,success
56ba5805,carlos_dev,release/v1,fix login module,push,15,524,289,813,549,187,305,quality-and-testing,3,timeout,7,12,1,0,0,0,0,0,0,0,1,0,0,0,fix,login,0.8006,failure
ca6432d2,carlos_dev,feature/dashboard,refactor dependencies module,push,8,244,260,504,584,139,358,security-and-build,3,dependency,3,8,0,0,1,0,0,0,0,0,0,1,0,0,refactor,dependencies,0.5365,failure
b1de0a5a,anndrew492,release/v1,merge auth module,push,18,207,216,423,374,147,150,quality-and-testing,3,database,7,20,1,0,0,0,0,0,0,0,1,0,0,0,merge,auth,0.7598,failure
70d74a16,carlos_dev,feature/api,remove billing module,pull_request,13,385,295,680,389,122,234,none,0,none,3,22,0,0,1,0,0,0,0,0,0,0,0,0,remove,billing,0.1075,success
5a3d5d36,junior_juan,feature/api,rollback database module,push,14,124,143,267,393,168,156,quality-and-testing,1,database,1,14,0,0,1,0,0,1,0,0,0,0,0,0,rollback,database,0.6085,failure
f97bcba7,maria_backend,main,fix security module,pull_request,13,259,53,312,371,201,124,none,0,none,1,3,0,0,0,1,0,0,0,0,0,0,0,0,fix,security,0.0612,success
12c84963,junior_juan,hotfix/urgente,remove docker module,pull_request,18,496,304,800,682,220,384,security-and-build,2,docker,5,22,0,1,0,0,1,0,0,0,0,0,0,0,remove,docker,0.9200,failure
1a61ffe3,carlos_dev,feature/dashboard,remove frontend module,pull_request,16,402,225,627,548,258,268,none,0,none,7,22,1,0,1,0,0,0,0,1,0,0,0,0,remove,frontend,0.3508,success
8a30bf05,maria_backend,ci/cd-proyecto,merge security module,pull_request,4,170,195,365,140,18,77,none,0,none,1,0,0,0,0,0,0,0,0,0,0,0,0,0,merge,security,0.0891,success
130be106,carlos_dev,feature/api,merge database module,push,13,193,121,314,331,83,190,none,0,none,4,7,0,0,1,0,0,1,0,0,0,0,0,0,merge,database,0.3063,success
83492c34,junior_juan,main,remove dependencies module,pull_request,23,211,345,556,682,313,328,security-and-build,1,dependency,3,16,0,0,0,1,0,0,0,0,0,1,0,0,remove,dependencies,0.4642,failure
10c23b01,carlos_dev,release/v1,fix api module,push,8,463,197,660,617,348,238,quality-and-testing,2,timeout,7,18,1,0,0,0,0,0,1,0,0,0,0,0,fix,api,0.6568,failure
988ca416,carlos_dev,feature/api,add docker module,pull_request,15,398,53,451,484,92,355,security-and-build,4,docker,7,19,1,0,1,0,1,0,0,0,0,0,0,0,add,docker,0.5153,failure
e251ced4,carlos_dev,release/v1,remove frontend module,push,11,190,255,445,329,63,218,none,0,none,5,9,0,0,0,0,0,0,0,1,0,0,0,0,remove,frontend,0.2276,success
4c50e46d,junior_juan,hotfix/urgente,add tests module,push,14,358,151,509,705,346,281,security-and-build,5,timeout,1,18,0,1,0,0,0,0,0,0,0,0,0,0,add,tests,0.5443,failure
71d6adbf,junior_juan,feature/pagos,rollback tests module,push,18,320,320,640,445,229,205,quality-and-testing,2,test,2,9,0,0,1,0,0,0,0,0,0,0,0,0,rollback,tests,0.4514,failure
2bce222c,carlos_dev,ci/cd-proyecto,fix environment module,pull_request,10,96,104,200,260,142,36,none,0,none,2,14,0,0,0,0,0,0,0,0,0,0,1,0,fix,environment,0.2090,success
1b836683,maria_backend,release/v1,rollback tests module,pull_request,10,152,308,460,335,65,258,none,0,none,4,23,0,0,0,0,0,0,0,0,0,0,0,0,rollback,tests,0.2919,success
795d6292,carlos_dev,ci/cd-proyecto,fix database module,push,7,66,189,255,144,83,20,none,0,none,3,7,0,0,0,0,0,1,0,0,0,0,0,0,fix,database,0.3958,success
f5237b2f,carlos_dev,feature/api,add tests module,pull_request,15,472,359,831,396,155,233,none,0,none,3,21,0,0,1,0,0,0,0,0,0,0,0,0,add,tests,0.3070,success
3fd7af67,maria_backend,release/v1,refactor auth module,push,8,650,333,983,498,218,256,telemetry-dispatch,5,env,4,7,0,0,0,0,0,0,0,0,1,0,0,0,refactor,auth,0.7860,failure
4925f507,junior_juan,feature/dashboard,fix dependencies module,push,10,535,298,833,550,292,223,security-and-build,1,dependency,3,5,0,0,1,0,0,0,0,0,0,1,0,0,fix,dependencies,0.6800,failure
a37a69ab,maria_backend,main,fix dashboard module,pull_request,17,460,340,800,503,192,258,none,0,none,4,15,0,0,0,1,0,0,0,1,0,0,0,0,fix,dashboard,0.2067,success
9b2742e2,maria_backend,feature/dashboard,add dependencies module,push,3,490,227,717,498,63,377,security-and-build,5,dependency,5,23,0,0,1,0,0,0,0,0,0,1,0,0,add,dependencies,0.7056,failure
7435ec98,anndrew492,hotfix/urgente,rollback login module,pull_request,15,458,69,527,498,182,270,quality-and-testing,1,env,4,15,0,1,0,0,0,0,0,0,1,0,0,0,rollback,login,0.8039,failure
51976f7d,carlos_dev,feature/dashboard,remove login module,pull_request,9,95,283,378,184,39,108,none,0,none,7,9,1,0,1,0,0,0,0,0,1,0,0,0,remove,login,0.4118,success
f9ef99b8,anndrew492,feature/pagos,rollback tests module,push,2,381,249,630,516,262,196,none,0,none,4,12,0,0,1,0,0,0,0,0,0,0,0,0,rollback,tests,0.4098,success
a2c01e15,anndrew492,feature/api,update database module,push,14,346,178,524,414,324,81,none,0,none,6,10,1,0,1,0,0,1,0,0,0,0,0,0,update,database,0.4423,success
c7a0d939,maria_backend,ci/cd-proyecto,merge frontend module,push,11,135,98,233,222,40,139,none,0,none,1,1,0,0,0,0,0,0,0,1,0,0,0,0,merge,frontend,0.1700,success
630d4a0c,anndrew492,main,refactor security module,push,10,264,312,576,413,161,241,security-and-build,1,security,6,8,1,0,0,1,0,0,0,0,0,0,0,0,refactor,security,0.4970,failure
8006fa49,maria_backend,hotfix/urgente,refactor security module,pull_request,6,578,247,825,454,247,131,security-and-build,2,security,5,22,0,1,0,0,0,0,0,0,0,0,0,0,refactor,security,0.5911,failure
f3eb6221,anndrew492,feature/dashboard,remove dependencies module,pull_request,10,26,327,353,517,210,264,none,0,none,3,0,0,0,1,0,0,0,0,0,0,1,0,0,remove,dependencies,0.4372,success
ae86bdba,carlos_dev,hotfix/urgente,refactor billing module,pull_request,9,576,147,723,410,136,257,quality-and-testing,1,syntax,1,2,0,1,0,0,0,0,0,0,0,0,0,0,refactor,billing,0.6764,failure
20ced8fb,carlos_dev,ci/cd-proyecto,remove tests module,pull_request,13,425,9,434,366,191,125,none,0,none,4,12,0,0,0,0,0,0,0,0,0,0,0,0,remove,tests,0.0300,success
73c9d7fb,anndrew492,feature/api,fix dashboard module,push,18,563,192,755,405,139,250,none,0,none,1,7,0,0,1,0,0,0,0,1,0,0,0,0,fix,dashboard,0.4263,success
b269a7c2,maria_backend,hotfix/urgente,rollback tests module,push,12,350,108,458,289,163,75,quality-and-testing,5,test,4,4,0,1,0,0,0,0,0,0,0,0,0,0,rollback,tests,0.7862,failure
1313a1a5,carlos_dev,feature/dashboard,fix tests module,push,6,366,60,426,316,194,84,none,0,none,6,1,1,0,1,0,0,0,0,0,0,0,0,0,fix,tests,0.2628,success
00532542,anndrew492,ci/cd-proyecto,add frontend module,pull_request,3,57,294,351,387,209,169,none,0,none,2,10,0,0,0,0,0,0,0,1,0,0,0,0,add,frontend,0.0300,success
763dfaca,carlos_dev,main,add dashboard module,pull_request,18,399,9,408,201,39,106,none,0,none,1,15,0,0,0,1,0,0,0,1,0,0,0,0,add,dashboard,0.1763,success
c982377f,maria_backend,feature/dashboard,merge dashboard module,push,10,623,333,956,504,195,228,none,0,none,6,6,1,0,1,0,0,0,0,1,0,0,0,0,merge,dashboard,0.4344,success
dd52a6c5,carlos_dev,hotfix/urgente,fix frontend module,push,22,192,241,433,423,176,213,quality-and-testing,1,runtime,2,0,0,1,0,0,0,0,0,1,0,0,0,0,fix,frontend,0.8302,failure
893cd13b,carlos_dev,hotfix/urgente,merge auth module,pull_request,22,102,159,261,311,158,113,telemetry-dispatch,3,timeout,7,0,1,1,0,0,0,0,0,0,1,0,0,0,merge,auth,0.7520,failure
ffcc8357,anndrew492,release/v1,rollback docker module,pull_request,17,153,16,169,464,187,193,security-and-build,5,docker,7,11,1,0,0,0,1,0,0,0,0,0,0,0,rollback,docker,0.6035,failure
8c08a7f5,maria_backend,hotfix/urgente,add migration module,push,17,75,136,211,392,289,86,quality-and-testing,2,database,7,10,1,1,0,0,0,0,0,0,0,0,0,1,add,migration,0.7549,failure
fb168111,maria_backend,feature/pagos,add security module,push,2,453,247,700,372,114,237,none,0,none,2,7,0,0,1,0,0,0,0,0,0,0,0,0,add,security,0.2399,success
29650abc,anndrew492,release/v1,remove database module,push,13,239,212,451,291,220,62,quality-and-testing,1,database,5,20,0,0,0,0,0,1,0,0,0,0,0,0,remove,database,0.5671,failure
24186fec,carlos_dev,feature/dashboard,rollback frontend module,push,14,176,137,313,332,92,233,none,0,none,1,11,0,0,1,0,0,0,0,1,0,0,0,0,rollback,frontend,0.4405,success
bf020d64,maria_backend,feature/pagos,fix migration module,pull_request,6,98,278,376,494,175,254,none,0,none,5,14,0,0,1,0,0,0,0,0,0,0,0,1,fix,migration,0.2021,success
7f5287c8,maria_backend,release/v1,add dashboard module,push,6,75,360,435,240,40,172,none,0,none,3,10,0,0,0,0,0,0,0,1,0,0,0,0,add,dashboard,0.2065,success
b8711af0,anndrew492,hotfix/urgente,remove login module,pull_request,9,623,212,835,483,234,241,security-and-build,2,docker,6,21,1,1,0,0,0,0,0,0,1,0,0,0,remove,login,0.9200,failure
8978a49c,junior_juan,main,rollback login module,push,10,136,18,154,327,148,103,quality-and-testing,5,database,7,17,1,0,0,1,0,0,0,0,1,0,0,0,rollback,login,0.8757,failure
6af8aab7,maria_backend,main,rollback billing module,push,13,456,223,679,411,269,92,telemetry-dispatch,5,env,3,15,0,0,0,1,0,0,0,0,0,0,0,0,rollback,billing,0.6712,failure
b9b580b4,junior_juan,release/v1,remove login module,pull_request,15,616,245,861,554,200,288,telemetry-dispatch,4,timeout,6,9,1,0,0,0,0,0,0,0,1,0,0,0,remove,login,0.7990,failure
e9136274,carlos_dev,release/v1,update login module,push,3,491,54,545,419,124,247,none,0,none,2,19,0,0,0,0,0,0,0,0,1,0,0,0,update,login,0.3587,success
40f3d220,carlos_dev,ci/cd-proyecto,add frontend module,push,4,621,98,719,410,169,205,none,0,none,6,6,1,0,0,0,0,0,0,1,0,0,0,0,add,frontend,0.3067,success
e18f0a90,junior_juan,feature/pagos,remove tests module,pull_request,3,54,333,387,419,184,165,none,0,none,7,23,1,0,1,0,0,0,0,0,0,0,0,0,remove,tests,0.1991,success
8ff3525d,anndrew492,release/v1,rollback frontend module,pull_request,5,229,39,268,159,27,47,none,0,none,3,9,0,0,0,0,0,0,0,1,0,0,0,0,rollback,frontend,0.0300,success
8527c5d6,maria_backend,feature/pagos,refactor auth module,pull_request,18,534,345,879,233,53,118,telemetry-dispatch,4,timeout,2,13,0,0,1,0,0,0,0,0,1,0,0,0,refactor,auth,0.6165,failure
141d2a3d,anndrew492,release/v1,rollback docker module,pull_request,16,562,215,777,607,163,391,security-and-build,1,docker,5,10,0,0,0,0,1,0,0,0,0,0,0,0,rollback,docker,0.7616,failure
98828c13,junior_juan,main,update auth module,push,16,543,338,881,497,184,277,security-and-build,3,security,7,17,1,0,0,1,0,0,0,0,1,0,0,0,update,auth,0.9200,failure
46d83394,anndrew492,feature/api,rollback database module,push,7,591,244,835,627,260,333,quality-and-testing,3,database,4,4,0,0,1,0,0,1,0,0,0,0,0,0,rollback,database,0.7201,failure
876880b2,carlos_dev,feature/dashboard,add billing module,push,11,280,224,504,329,137,124,none,0,none,3,2,0,0,1,0,0,0,0,0,0,0,0,0,add,billing,0.2705,success
235f77c5,junior_juan,ci/cd-proyecto,fix security module,pull_request,13,248,232,480,153,101,25,none,0,none,6,1,1,0,0,0,0,0,0,0,0,0,0,0,fix,security,0.1584,success
f404a6a0,anndrew492,hotfix/urgente,rollback api module,pull_request,7,221,332,553,607,279,266,telemetry-dispatch,2,timeout,4,7,0,1,0,0,0,0,1,0,0,0,0,0,rollback,api,0.6852,failure
1304544f,maria_backend,hotfix/urgente,update tests module,push,18,460,195,655,395,126,192,quality-and-testing,2,test,3,0,0,1,0,0,0,0,0,0,0,0,0,0,update,tests,0.7927,failure
f6ea70df,anndrew492,main,merge frontend module,push,13,396,22,418,231,34,185,quality-and-testing,3,database,2,2,0,0,0,1,0,0,0,1,0,0,0,0,merge,frontend,0.5724,failure
e64bf407,maria_backend,ci/cd-proyecto,add billing module,pull_request,11,124,255,379,223,110,97,none,0,none,1,6,0,0,0,0,0,0,0,0,0,0,0,0,add,billing,0.0332,success
88c75b30,anndrew492,release/v1,remove frontend module,pull_request,16,119,112,231,501,194,233,none,0,none,7,21,1,0,0,0,0,0,0,1,0,0,0,0,remove,frontend,0.1438,success
6525d217,maria_backend,release/v1,remove billing module,push,11,26,322,348,290,128,72,none,0,none,4,14,0,0,0,0,0,0,0,0,0,0,0,0,remove,billing,0.2684,success
3cedeba2,anndrew492,hotfix/urgente,rollback security module,push,9,335,350,685,353,156,124,security-and-build,4,security,3,17,0,1,0,0,0,0,0,0,0,0,0,0,rollback,security,0.8547,failure
97f5619c,maria_backend,release/v1,add login module,push,11,489,205,694,716,313,348,security-and-build,2,timeout,5,11,0,0,0,0,0,0,0,0,1,0,0,0,add,login,0.6114,failure
d03636f6,junior_juan,ci/cd-proyecto,fix billing module,pull_request,5,88,229,317,252,171,66,none,0,none,6,2,1,0,0,0,0,0,0,0,0,0,0,0,fix,billing,0.1277,success
54a5c026,junior_juan,main,merge dependencies module,push,19,393,209,602,501,147,302,security-and-build,5,dependency,1,8,0,0,0,1,0,0,0,0,0,1,0,0,merge,dependencies,0.9200,failure
b0c43268,maria_backend,feature/dashboard,merge login module,pull_request,4,596,72,668,470,137,243,none,0,none,4,0,0,0,1,0,0,0,0,0,1,0,0,0,merge,login,0.4311,success
870260c6,junior_juan,ci/cd-proyecto,rollback dashboard module,pull_request,2,540,223,763,578,309,181,none,0,none,1,7,0,0,0,0,0,0,0,1,0,0,0,0,rollback,dashboard,0.2163,success
243c3827,carlos_dev,release/v1,rollback docker module,push,17,502,183,685,709,287,393,security-and-build,1,docker,7,15,1,0,0,0,1,0,0,0,0,0,0,0,rollback,docker,0.9200,failure
92598262,carlos_dev,feature/pagos,add frontend module,push,5,238,187,425,417,205,159,none,0,none,5,8,0,0,1,0,0,0,0,1,0,0,0,0,add,frontend,0.0300,success
7d07ff96,anndrew492,hotfix/urgente,merge environment module,pull_request,17,332,117,449,367,216,121,quality-and-testing,1,syntax,6,4,1,1,0,0,0,0,0,0,0,0,1,0,merge,environment,0.9098,failure
55dc3175,anndrew492,feature/dashboard,remove billing module,push,12,461,264,725,391,177,125,none,0,none,3,13,0,0,1,0,0,0,0,0,0,0,0,0,remove,billing,0.3431,success
e30e9f97,carlos_dev,feature/dashboard,merge dashboard module,pull_request,9,419,203,622,421,153,198,none,0,none,2,17,0,0,1,0,0,0,0,1,0,0,0,0,merge,dashboard,0.0818,success
ea0e74b9,anndrew492,feature/api,fix tests module,pull_request,3,600,318,918,368,136,191,none,0,none,7,3,1,0,1,0,0,0,0,0,0,0,0,0,fix,tests,0.2519,success
173c403c,carlos_dev,release/v1,update billing module,pull_request,5,408,291,699,583,201,313,none,0,none,2,9,0,0,0,0,0,0,0,0,0,0,0,0,update,billing,0.1368,success
8630eaf6,maria_backend,feature/pagos,fix dashboard module,pull_request,7,62,66,128,255,100,86,none,0,none,5,6,0,0,1,0,0,0,0,1,0,0,0,0,fix,dashboard,0.0300,success
1b56ab14,anndrew492,release/v1,add dashboard module,push,8,172,159,331,254,192,23,none,0,none,4,4,0,0,0,0,0,0,0,1,0,0,0,0,add,dashboard,0.2956,success
a0eba67b,junior_juan,main,update api module,pull_request,13,506,346,852,587,318,184,quality-and-testing,3,timeout,5,13,0,0,0,1,0,0,1,0,0,0,0,0,update,api,0.5483,failure
9d98624c,maria_backend,feature/api,update frontend module,push,3,147,204,351,337,121,163,none,0,none,5,13,0,0,1,0,0,0,0,1,0,0,0,0,update,frontend,0.1704,success
8a92e76f,junior_juan,main,update dependencies module,pull_request,4,246,20,266,529,163,319,none,0,none,5,20,0,0,0,1,0,0,0,0,0,1,0,0,update,dependencies,0.2393,success
27087c60,carlos_dev,main,refactor security module,pull_request,7,413,25,438,143,48,41,none,0,none,5,4,0,0,0,1,0,0,0,0,0,0,0,0,refactor,security,0.0394,success
737cbfbd,junior_juan,release/v1,rollback auth module,push,3,9,63,72,291,203,66,security-and-build,1,dependency,4,23,0,0,0,0,0,0,0,0,1,0,0,0,rollback,auth,0.4724,failure
7723c046,anndrew492,main,merge docker module,push,11,558,68,626,623,280,299,security-and-build,4,docker,5,6,0,0,0,1,1,0,0,0,0,0,0,0,merge,docker,0.9200,failure
239a2c4f,maria_backend,ci/cd-proyecto,merge billing module,pull_request,15,382,176,558,266,170,68,none,0,none,4,0,0,0,0,0,0,0,0,0,0,0,0,0,merge,billing,0.0998,success
07522ca7,junior_juan,release/v1,add billing module,push,18,516,152,668,607,339,254,quality-and-testing,4,timeout,7,23,1,0,0,0,0,0,0,0,0,0,0,0,add,billing,0.5710,failure
a6560f05,carlos_dev,feature/api,refactor billing module,push,7,544,17,561,322,141,93,none,0,none,1,16,0,0,1,0,0,0,0,0,0,0,0,0,refactor,billing,0.3188,success
442c47ca,carlos_dev,ci/cd-proyecto,merge login module,push,10,516,262,778,372,146,194,security-and-build,4,timeout,7,15,1,0,0,0,0,0,0,0,1,0,0,0,merge,login,0.6626,failure
a5c1208f,anndrew492,hotfix/urgente,fix tests module,pull_request,19,444,334,778,436,267,164,quality-and-testing,4,test,1,11,0,1,0,0,0,0,0,0,0,0,0,0,fix,tests,0.7575,failure
a8427893,anndrew492,main,rollback database module,push,15,623,70,693,566,244,245,quality-and-testing,1,database,5,6,0,0,0,1,0,1,0,0,0,0,0,0,rollback,database,0.9200,failure
3f5b5a65,junior_juan,main,fix security module,pull_request,7,253,288,541,415,214,123,none,0,none,7,10,1,0,0,1,0,0,0,0,0,0,0,0,fix,security,0.1059,success
f7c174c1,carlos_dev,main,refactor api module,push,15,256,312,568,590,294,252,security-and-build,1,timeout,2,4,0,0,0,1,0,0,1,0,0,0,0,0,refactor,api,0.9052,failure
e746885f,carlos_dev,feature/api,update login module,pull_request,13,402,197,599,551,211,266,none,0,none,1,12,0,0,1,0,0,0,0,0,1,0,0,0,update,login,0.3037,success
fc8883d8,maria_backend,release/v1,add dependencies module,pull_request,6,311,44,355,288,131,138,none,0,none,5,1,0,0,0,0,0,0,0,0,0,1,0,0,add,dependencies,0.3890,success
22e87472,junior_juan,main,remove billing module,pull_request,3,364,99,463,312,172,122,none,0,none,3,4,0,0,0,1,0,0,0,0,0,0,0,0,remove,billing,0.0961,success
0c66b7a4,anndrew492,release/v1,merge dependencies module,pull_request,2,351,16,367,456,68,307,none,0,none,2,17,0,0,0,0,0,0,0,0,0,1,0,0,merge,dependencies,0.3522,success
d60d3bf1,carlos_dev,feature/pagos,refactor docker module,push,16,358,176,534,486,207,236,security-and-build,5,docker,2,23,0,0,1,0,1,0,0,0,0,0,0,0,refactor,docker,0.5631,failure
4a055320,anndrew492,feature/api,remove docker module,pull_request,1,546,98,644,708,346,330,security-and-build,2,docker,1,6,0,0,1,0,1,0,0,0,0,0,0,0,remove,docker,0.5851,failure
aff8e067,anndrew492,ci/cd-proyecto,remove auth module,push,8,555,131,686,534,246,243,telemetry-dispatch,5,timeout,1,17,0,0,0,0,0,0,0,0,1,0,0,0,remove,auth,0.6326,failure
0457cdc3,anndrew492,ci/cd-proyecto,add login module,pull_request,15,51,168,219,500,200,215,none,0,none,6,6,1,0,0,0,0,0,0,0,1,0,0,0,add,login,0.3285,success
75f057bc,junior_juan,feature/dashboard,rollback tests module,push,13,617,198,815,508,236,227,quality-and-testing,3,test,7,18,1,0,1,0,0,0,0,0,0,0,0,0,rollback,tests,0.5176,failure
b5c4a788,carlos_dev,hotfix/urgente,fix login module,pull_request,6,577,150,727,392,124,258,security-and-build,4,dependency,1,3,0,1,0,0,0,0,0,0,1,0,0,0,fix,login,0.9200,failure
aaa66ed5,maria_backend,hotfix/urgente,remove api module,push,11,286,224,510,418,124,231,telemetry-dispatch,1,env,1,11,0,1,0,0,0,0,1,0,0,0,0,0,remove,api,0.8314,failure
a3f70179,junior_juan,release/v1,refactor api module,push,6,487,2,489,499,205,214,none,0,none,2,6,0,0,0,0,0,0,1,0,0,0,0,0,refactor,api,0.3568,success
b497797b,carlos_dev,hotfix/urgente,merge dependencies module,push,18,299,84,383,518,140,317,security-and-build,3,dependency,6,6,1,1,0,0,0,0,0,0,0,1,0,0,merge,dependencies,0.9200,failure
4c166eb6,carlos_dev,feature/dashboard,remove security module,pull_request,7,250,50,300,443,109,253,none,0,none,5,0,0,0,1,0,0,0,0,0,0,0,0,0,remove,security,0.0300,success
b9c00e82,anndrew492,hotfix/urgente,add billing module,pull_request,12,197,58,255,459,171,234,none,0,none,6,0,1,1,0,0,0,0,0,0,0,0,0,0,add,billing,0.3886,success
5d841f50,maria_backend,feature/dashboard,update api module,pull_request,8,204,30,234,211,78,96,none,0,none,3,2,0,0,1,0,0,0,1,0,0,0,0,0,update,api,0.2553,success
52c1396d,carlos_dev,feature/dashboard,rollback login module,pull_request,1,480,161,641,362,142,151,security-and-build,4,security,2,7,0,0,1,0,0,0,0,0,1,0,0,0,rollback,login,0.6504,failure
b871bb6e,junior_juan,feature/pagos,rollback billing module,push,14,23,326,349,371,83,238,none,0,none,5,18,0,0,1,0,0,0,0,0,0,0,0,0,rollback,billing,0.3673,success
71931d36,anndrew492,main,fix dashboard module,push,10,322,337,659,442,159,247,none,0,none,4,21,0,0,0,1,0,0,0,1,0,0,0,0,fix,dashboard,0.4445,success
b62efcff,maria_backend,ci/cd-proyecto,fix dependencies module,push,12,96,144,240,365,71,264,security-and-build,3,dependency,1,11,0,0,0,0,0,0,0,0,0,1,0,0,fix,dependencies,0.5563,failure
43578709,anndrew492,feature/pagos,update api module,push,17,485,58,543,450,235,175,security-and-build,4,docker,6,5,1,0,1,0,0,0,1,0,0,0,0,0,update,api,0.5685,failure
d7369c44,anndrew492,release/v1,update docker module,push,4,457,155,612,484,92,309,security-and-build,2,docker,2,23,0,0,0,0,1,0,0,0,0,0,0,0,update,docker,0.5945,failure
e71a48e6,junior_juan,feature/api,update migration module,push,4,627,99,726,464,324,132,quality-and-testing,4,database,5,10,0,0,1,0,0,0,0,0,0,0,0,1,update,migration,0.5685,failure
19b3e253,anndrew492,main,remove environment module,push,17,308,338,646,405,195,148,security-and-build,1,dependency,5,18,0,0,0,1,0,0,0,0,0,0,1,0,remove,environment,0.9200,failure
79e6670e,carlos_dev,hotfix/urgente,fix api module,pull_request,23,191,142,333,255,18,204,quality-and-testing,3,runtime,5,19,0,1,0,0,0,0,1,0,0,0,0,0,fix,api,0.8300,failure
9fecbfff,anndrew492,release/v1,fix billing module,pull_request,7,434,206,640,504,293,187,none,0,none,1,1,0,0,0,0,0,0,0,0,0,0,0,0,fix,billing,0.0724,success
a7fa3083,carlos_dev,feature/pagos,rollback dashboard module,push,12,88,88,176,333,173,134,none,0,none,3,8,0,0,1,0,0,0,0,1,0,0,0,0,rollback,dashboard,0.0885,success
b8d3d301,maria_backend,feature/dashboard,update migration module,push,12,619,287,906,552,301,172,quality-and-testing,2,database,5,0,0,0,1,0,0,0,0,0,0,0,0,1,update,migration,0.7210,failure
a1c8037d,carlos_dev,release/v1,add dashboard module,push,17,79,320,399,280,111,102,none,0,none,6,18,1,0,0,0,0,0,0,1,0,0,0,0,add,dashboard,0.3957,success
f5e905d9,carlos_dev,feature/pagos,update api module,pull_request,7,24,0,24,157,120,21,none,0,none,6,23,1,0,1,0,0,0,1,0,0,0,0,0,update,api,0.3832,success
9ed6429f,junior_juan,ci/cd-proyecto,add docker module,pull_request,16,245,301,546,591,283,241,none,0,none,4,10,0,0,0,0,1,0,0,0,0,0,0,0,add,docker,0.4178,success
0cc297a6,carlos_dev,feature/pagos,rollback login module,pull_request,12,506,309,815,473,319,117,quality-and-testing,3,env,1,9,0,0,1,0,0,0,0,0,1,0,0,0,rollback,login,0.5795,failure
e75b3cea,junior_juan,main,rollback environment module,push,2,315,7,322,383,171,131,security-and-build,4,security,3,7,0,0,0,1,0,0,0,0,0,0,1,0,rollback,environment,0.7561,failure
d7984e78,junior_juan,hotfix/urgente,remove dashboard module,pull_request,10,80,320,400,140,62,46,quality-and-testing,4,syntax,6,1,1,1,0,0,0,0,0,1,0,0,0,0,remove,dashboard,0.5390,failure
6071a2a1,carlos_dev,hotfix/urgente,fix login module,pull_request,20,299,241,540,457,230,194,quality-and-testing,2,syntax,3,18,0,1,0,0,0,0,0,0,1,0,0,0,fix,login,0.7120,failure
e01cd6af,carlos_dev,feature/dashboard,remove tests module,pull_request,15,412,26,438,316,164,102,none,0,none,2,18,0,0,1,0,0,0,0,0,0,0,0,0,remove,tests,0.0831,success
1626c72c,carlos_dev,hotfix/urgente,refactor dependencies module,pull_request,7,301,170,471,361,186,113,security-and-build,1,dependency,7,12,1,1,0,0,0,0,0,0,0,1,0,0,refactor,dependencies,0.6652,failure
ea4fc638,maria_backend,feature/dashboard,merge security module,pull_request,1,276,41,317,344,56,217,none,0,none,6,19,1,0,1,0,0,0,0,0,0,0,0,0,merge,security,0.0300,success
9f005ec6,junior_juan,feature/dashboard,fix api module,push,16,295,176,471,284,146,98,security-and-build,3,timeout,3,17,0,0,1,0,0,0,1,0,0,0,0,0,fix,api,0.5108,failure
dce4fb53,junior_juan,ci/cd-proyecto,update security module,pull_request,13,502,325,827,597,203,351,none,0,none,4,1,0,0,0,0,0,0,0,0,0,0,0,0,update,security,0.2856,success
b9acf7f4,carlos_dev,feature/pagos,update migration module,pull_request,12,208,155,363,513,260,224,none,0,none,3,2,0,0,1,0,0,0,0,0,0,0,0,1,update,migration,0.3920,success
fe1f0136,maria_backend,release/v1,remove docker module,pull_request,7,568,162,730,621,240,332,security-and-build,5,docker,4,5,0,0,0,0,1,0,0,0,0,0,0,0,remove,docker,0.6958,failure
133030a9,carlos_dev,release/v1,add dashboard module,push,13,589,299,888,584,305,231,telemetry-dispatch,1,timeout,7,15,1,0,0,0,0,0,0,1,0,0,0,0,add,dashboard,0.4544,failure
b23fd8be,carlos_dev,feature/dashboard,remove api module,push,16,363,56,419,455,210,171,security-and-build,1,security,1,21,0,0,1,0,0,0,1,0,0,0,0,0,remove,api,0.6374,failure
e5a51689,junior_juan,release/v1,fix migration module,pull_request,18,28,27,55,312,149,132,quality-and-testing,3,database,2,11,0,0,0,0,0,0,0,0,0,0,0,1,fix,migration,0.4557,failure
70a3064e,anndrew492,feature/pagos,fix auth module,push,2,371,179,550,343,116,169,none,0,none,4,0,0,0,1,0,0,0,0,0,1,0,0,0,fix,auth,0.3797,success
05802121,carlos_dev,feature/api,update security module,push,1,256,82,338,284,148,125,none,0,none,2,7,0,0,1,0,0,0,0,0,0,0,0,0,update,security,0.0607,success
10da3ecb,junior_juan,feature/pagos,update dependencies module,pull_request,4,350,116,466,397,32,285,none,0,none,5,5,0,0,1,0,0,0,0,0,0,1,0,0,update,dependencies,0.3375,success
06f19a27,maria_backend,release/v1,rollback login module,push,18,474,221,695,552,236,287,telemetry-dispatch,3,timeout,7,8,1,0,0,0,0,0,0,0,1,0,0,0,rollback,login,0.9200,failure
799acedf,anndrew492,feature/pagos,fix tests module,push,1,92,197,289,416,134,256,none,0,none,5,18,0,0,1,0,0,0,0,0,0,0,0,0,fix,tests,0.0517,success
662a0832,junior_juan,ci/cd-proyecto,refactor login module,pull_request,9,62,145,207,248,35,206,none,0,none,7,7,1,0,0,0,0,0,0,0,1,0,0,0,refactor,login,0.3969,success
a839c16f,carlos_dev,release/v1,remove docker module,pull_request,8,36,45,81,411,74,280,none,0,none,5,4,0,0,0,0,1,0,0,0,0,0,0,0,remove,docker,0.4385,success
bfc962e3,carlos_dev,feature/api,rollback tests module,pull_request,5,332,194,526,527,319,183,none,0,none,2,17,0,0,1,0,0,0,0,0,0,0,0,0,rollback,tests,0.1597,success
1b049619,junior_juan,feature/dashboard,fix login module,push,11,638,284,922,389,138,216,security-and-build,3,timeout,5,16,0,0,1,0,0,0,0,0,1,0,0,0,fix,login,0.7591,failure
ae0fa015,anndrew492,feature/api,rollback dashboard module,push,13,635,142,777,490,152,266,quality-and-testing,5,syntax,3,6,0,0,1,0,0,0,0,1,0,0,0,0,rollback,dashboard,0.5388,failure
c8d7c8fb,maria_backend,main,rollback environment module,pull_request,1,611,36,647,651,239,344,telemetry-dispatch,5,timeout,6,16,1,0,0,1,0,0,0,0,0,0,1,0,rollback,environment,0.6451,failure
5ec92c70,junior_juan,main,update dependencies module,push,18,206,104,310,534,160,310,security-and-build,5,dependency,3,3,0,0,0,1,0,0,0,0,0,1,0,0,update,dependencies,0.8251,failure
3b94bd5b,anndrew492,hotfix/urgente,refactor api module,pull_request,12,463,131,594,531,294,229,quality-and-testing,4,timeout,5,2,0,1,0,0,0,0,1,0,0,0,0,0,refactor,api,0.7346,failure
911f33e8,junior_juan,feature/api,fix auth module,push,4,194,149,343,226,185,30,none,0,none,5,10,0,0,1,0,0,0,0,0,1,0,0,0,fix,auth,0.3885,success
6f8c8b8a,maria_backend,release/v1,add dependencies module,pull_request,12,214,311,525,531,201,251,security-and-build,2,dependency,6,4,1,0,0,0,0,0,0,0,0,1,0,0,add,dependencies,0.5447,failure
d2c89a58,maria_backend,feature/pagos,update dependencies module,pull_request,17,595,180,775,545,178,335,security-and-build,4,dependency,4,0,0,0,1,0,0,0,0,0,0,1,0,0,update,dependencies,0.6957,failure
a76e0034,anndrew492,feature/dashboard,update database module,pull_request,17,332,333,665,624,406,195,quality-and-testing,4,database,3,17,0,0,1,0,0,1,0,0,0,0,0,0,update,database,0.6197,failure
fcc89712,maria_backend,feature/pagos,update login module,pull_request,17,579,4,583,556,221,267,none,0,none,1,22,0,0,1,0,0,0,0,0,1,0,0,0,update,login,0.3867,success
6968e265,maria_backend,feature/dashboard,fix tests module,pull_request,7,6,133,139,305,157,74,none,0,none,2,16,0,0,1,0,0,0,0,0,0,0,0,0,fix,tests,0.0300,success
583b239b,carlos_dev,feature/dashboard,add dependencies module,pull_request,10,537,45,582,419,71,335,none,0,none,4,1,0,0,1,0,0,0,0,0,0,1,0,0,add,dependencies,0.3219,success
c5fce9e9,anndrew492,release/v1,fix dependencies module,push,13,221,180,401,398,104,288,security-and-build,1,dependency,3,5,0,0,0,0,0,0,0,0,0,1,0,0,fix,dependencies,0.6013,failure
0e8c5d26,carlos_dev,hotfix/urgente,update api module,push,11,122,56,178,430,176,231,security-and-build,2,env,1,14,0,1,0,0,0,0,1,0,0,0,0,0,update,api,0.4686,failure
b47d6efe,anndrew492,hotfix/urgente,fix frontend module,push,22,453,123,576,234,105,124,telemetry-dispatch,4,env,5,22,0,1,0,0,0,0,0,1,0,0,0,0,fix,frontend,0.8040,failure
b1354617,junior_juan,release/v1,refactor billing module,pull_request,14,192,343,535,556,299,193,none,0,none,4,2,0,0,0,0,0,0,0,0,0,0,0,0,refactor,billing,0.2573,success
e5e60dc1,junior_juan,feature/dashboard,rollback database module,push,11,176,101,277,486,180,224,quality-and-testing,2,database,5,3,0,0,1,0,0,1,0,0,0,0,0,0,rollback,database,0.5322,failure
157e0e83,junior_juan,main,update billing module,pull_request,2,579,215,794,637,306,270,none,0,none,1,15,0,0,0,1,0,0,0,0,0,0,0,0,update,billing,0.1236,success
a36530a7,carlos_dev,feature/dashboard,add tests module,pull_request,11,554,69,623,596,307,225,none,0,none,7,7,1,0,1,0,0,0,0,0,0,0,0,0,add,tests,0.2106,success
511d67ce,carlos_dev,feature/pagos,add login module,push,18,308,222,530,609,281,288,security-and-build,1,timeout,7,8,1,0,1,0,0,0,0,0,1,0,0,0,add,login,0.5622,failure
2b3a1bb2,carlos_dev,hotfix/urgente,remove tests module,pull_request,10,60,125,185,257,18,161,none,0,none,7,5,1,1,0,0,0,0,0,0,0,0,0,0,remove,tests,0.3882,success
5145ec56,junior_juan,feature/api,rollback dashboard module,pull_request,6,205,94,299,438,173,185,none,0,none,6,13,1,0,1,0,0,0,0,1,0,0,0,0,rollback,dashboard,0.0904,success
464c5c78,carlos_dev,feature/api,rollback auth module,push,4,449,17,466,124,23,57,security-and-build,4,timeout,4,19,0,0,1,0,0,0,0,0,1,0,0,0,rollback,auth,0.5305,failure
b2b6a54b,carlos_dev,ci/cd-proyecto,rollback dependencies module,push,14,570,112,682,543,269,262,security-and-build,5,dependency,1,14,0,0,0,0,0,0,0,0,0,1,0,0,rollback,dependencies,0.9200,failure
6c168731,anndrew492,feature/pagos,refactor security module,pull_request,9,305,147,452,191,53,94,none,0,none,7,20,1,0,1,0,0,0,0,0,0,0,0,0,refactor,security,0.1578,success
54010b15,junior_juan,release/v1,rollback database module,push,9,455,47,502,543,293,168,quality-and-testing,5,database,5,4,0,0,0,0,0,1,0,0,0,0,0,0,rollback,database,0.6196,failure
e5c4fdbb,maria_backend,feature/api,remove docker module,push,4,551,75,626,341,109,195,security-and-build,4,docker,1,8,0,0,1,0,1,0,0,0,0,0,0,0,remove,docker,0.7281,failure
2a0d4737,anndrew492,ci/cd-proyecto,fix login module,pull_request,9,616,1,617,535,249,263,telemetry-dispatch,2,timeout,6,22,1,0,0,0,0,0,0,0,1,0,0,0,fix,login,0.6705,failure
275369d1,carlos_dev,ci/cd-proyecto,update migration module,push,10,9,106,115,536,240,229,quality-and-testing,4,database,4,3,0,0,0,0,0,0,0,0,0,0,0,1,update,migration,0.5269,failure
44294892,carlos_dev,main,add login module,push,5,155,58,213,366,144,144,security-and-build,5,docker,1,9,0,0,0,1,0,0,0,0,1,0,0,0,add,login,0.5949,failure
567b166a,carlos_dev,main,remove login module,pull_request,13,582,356,938,512,309,116,quality-and-testing,1,syntax,2,6,0,0,0,1,0,0,0,0,1,0,0,0,remove,login,0.8048,failure
364b6248,anndrew492,hotfix/urgente,update migration module,pull_request,18,332,268,600,636,296,264,quality-and-testing,3,database,6,15,1,1,0,0,0,0,0,0,0,0,0,1,update,migration,0.9200,failure
2bbf9697,anndrew492,release/v1,merge tests module,push,9,316,197,513,515,223,266,none,0,none,7,3,1,0,0,0,0,0,0,0,0,0,0,0,merge,tests,0.3928,success
02c7643e,anndrew492,main,rollback dependencies module,push,13,452,208,660,665,325,333,security-and-build,3,dependency,6,21,1,0,0,1,0,0,0,0,0,1,0,0,rollback,dependencies,0.9200,failure
8fa9434d,anndrew492,ci/cd-proyecto,remove frontend module,push,15,290,58,348,407,185,163,none,0,none,5,23,0,0,0,0,0,0,0,1,0,0,0,0,remove,frontend,0.4146,success
0d010b00,junior_juan,feature/api,update dependencies module,push,6,459,109,568,690,265,403,none,0,none,6,10,1,0,1,0,0,0,0,0,0,1,0,0,update,dependencies,0.4390,success
277fe14b,maria_backend,main,add dependencies module,pull_request,15,457,24,481,412,59,289,none,0,none,2,13,0,0,0,1,0,0,0,0,0,1,0,0,add,dependencies,0.3858,success
612f9e96,junior_juan,hotfix/urgente,refactor docker module,push,23,195,190,385,394,32,308,security-and-build,5,docker,6,23,1,1,0,0,1,0,0,0,0,0,0,0,refactor,docker,0.9200,failure
a9ecdddf,maria_backend,ci/cd-proyecto,remove tests module,pull_request,4,341,162,503,556,238,308,none,0,none,2,22,0,0,0,0,0,0,0,0,0,0,0,0,remove,tests,0.0300,success
bef2dcec,junior_juan,feature/pagos,refactor migration module,push,16,389,90,479,523,274,227,quality-and-testing,2,database,1,17,0,0,1,0,0,0,0,0,0,0,0,1,refactor,migration,0.5607,failure
8a484f3a,maria_backend,hotfix/urgente,rollback frontend module,push,19,484,194,678,398,121,203,quality-and-testing,4,runtime,4,9,0,1,0,0,0,0,0,1,0,0,0,0,rollback,frontend,0.8634,failure
daf3e8e4,anndrew492,feature/pagos,rollback login module,push,7,387,76,463,435,156,247,none,0,none,1,22,0,0,1,0,0,0,0,0,1,0,0,0,rollback,login,0.4442,success
28354e14,maria_backend,feature/dashboard,remove login module,push,15,594,254,848,526,170,325,telemetry-dispatch,1,timeout,3,7,0,0,1,0,0,0,0,0,1,0,0,0,remove,login,0.7822,failure
540d6b4d,junior_juan,feature/api,add frontend module,pull_request,11,632,76,708,505,243,229,none,0,none,1,20,0,0,1,0,0,0,0,1,0,0,0,0,add,frontend,0.0457,success
b3f5219f,junior_juan,feature/pagos,merge tests module,push,2,354,216,570,455,276,140,none,0,none,3,1,0,0,1,0,0,0,0,0,0,0,0,0,merge,tests,0.1337,success
2f731391,anndrew492,ci/cd-proyecto,add dashboard module,push,12,401,63,464,389,219,162,none,0,none,3,8,0,0,0,0,0,0,0,1,0,0,0,0,add,dashboard,0.2235,success
655d1ff3,anndrew492,ci/cd-proyecto,merge dependencies module,push,10,539,322,861,338,86,162,security-and-build,1,dependency,3,3,0,0,0,0,0,0,0,0,0,1,0,0,merge,dependencies,0.7239,failure
0c19d88c,carlos_dev,hotfix/urgente,update tests module,pull_request,11,456,329,785,606,219,341,security-and-build,2,timeout,7,6,1,1,0,0,0,0,0,0,0,0,0,0,update,tests,0.5567,failure
f0acad33,maria_backend,hotfix/urgente,refactor security module,push,16,226,124,350,331,144,130,security-and-build,5,security,4,0,0,1,0,0,0,0,0,0,0,0,0,0,refactor,security,0.7299,failure
67ce8736,junior_juan,feature/dashboard,add auth module,push,3,391,160,551,528,266,227,none,0,none,6,16,1,0,1,0,0,0,0,0,1,0,0,0,add,auth,0.3415,success
8f2d4830,anndrew492,hotfix/urgente,remove frontend module,push,14,30,10,40,230,129,29,quality-and-testing,2,runtime,3,12,0,1,0,0,0,0,0,1,0,0,0,0,remove,frontend,0.4917,failure
f76de23f,maria_backend,feature/api,refactor docker module,push,18,300,206,506,569,238,265,security-and-build,3,docker,2,19,0,0,1,0,1,0,0,0,0,0,0,0,refactor,docker,0.5318,failure
6be6de27,junior_juan,feature/dashboard,rollback login module,push,9,274,317,591,458,185,216,security-and-build,1,dependency,1,3,0,0,1,0,0,0,0,0,1,0,0,0,rollback,login,0.6162,failure
107fa919,carlos_dev,main,update frontend module,push,3,201,202,403,265,126,124,none,0,none,1,17,0,0,0,1,0,0,0,1,0,0,0,0,update,frontend,0.4098,success
e72d5139,anndrew492,ci/cd-proyecto,refactor database module,push,19,528,208,736,583,377,161,quality-and-testing,2,database,3,18,0,0,0,0,0,1,0,0,0,0,0,0,refactor,database,0.8401,failure
75674504,carlos_dev,release/v1,merge frontend module,pull_request,12,479,269,748,678,256,340,none,0,none,4,17,0,0,0,0,0,0,0,1,0,0,0,0,merge,frontend,0.2237,success
53a02983,maria_backend,ci/cd-proyecto,rollback tests module,pull_request,13,592,189,781,484,211,196,none,0,none,6,15,1,0,0,0,0,0,0,0,0,0,0,0,rollback,tests,0.3110,success
42fcf4c8,junior_juan,feature/pagos,remove dashboard module,push,17,67,323,390,326,161,89,none,0,none,3,23,0,0,1,0,0,0,0,1,0,0,0,0,remove,dashboard,0.3736,success
d6b8498f,carlos_dev,feature/dashboard,refactor login module,push,9,445,74,519,287,110,141,quality-and-testing,4,runtime,3,8,0,0,1,0,0,0,0,0,1,0,0,0,refactor,login,0.5326,failure
08ef7d39,anndrew492,release/v1,merge environment module,push,18,86,88,174,460,187,223,none,0,none,7,18,1,0,0,0,0,0,0,0,0,0,1,0,merge,environment,0.4430,success
2a8045e9,anndrew492,main,refactor frontend module,pull_request,4,459,184,643,388,131,249,none,0,none,1,6,0,0,0,1,0,0,0,1,0,0,0,0,refactor,frontend,0.2405,success
3c678e3c,anndrew492,release/v1,fix dashboard module,push,4,70,143,213,416,182,182,none,0,none,3,23,0,0,0,0,0,0,0,1,0,0,0,0,fix,dashboard,0.1433,success
5ae06298,maria_backend,feature/pagos,fix migration module,pull_request,9,455,129,584,433,330,60,none,0,none,4,10,0,0,1,0,0,0,0,0,0,0,0,1,fix,migration,0.3623,success
6ed42a10,maria_backend,release/v1,fix migration module,pull_request,15,178,28,206,529,270,221,none,0,none,6,12,1,0,0,0,0,0,0,0,0,0,0,1,fix,migration,0.4164,success
1f6ba256,anndrew492,feature/api,merge api module,pull_request,7,368,136,504,558,226,286,none,0,none,4,6,0,0,1,0,0,0,1,0,0,0,0,0,merge,api,0.2774,success
47be266c,carlos_dev,feature/api,update docker module,push,16,235,327,562,561,223,282,none,0,none,4,0,0,0,1,0,1,0,0,0,0,0,0,0,update,docker,0.4486,success
38f3dac0,maria_backend,ci/cd-proyecto,fix docker module,pull_request,17,554,5,559,458,215,207,security-and-build,1,docker,7,7,1,0,0,0,1,0,0,0,0,0,0,0,fix,docker,0.5717,failure
fabedd0b,anndrew492,feature/pagos,merge billing module,pull_request,4,291,80,371,398,183,180,none,0,none,2,5,0,0,1,0,0,0,0,0,0,0,0,0,merge,billing,0.0574,success
4ab76511,anndrew492,feature/dashboard,remove security module,push,10,515,125,640,533,116,336,none,0,none,2,20,0,0,1,0,0,0,0,0,0,0,0,0,remove,security,0.4381,success
88569270,junior_juan,main,merge frontend module,push,19,133,61,194,267,75,183,none,0,none,4,13,0,0,0,1,0,0,0,1,0,0,0,0,merge,frontend,0.3946,success
51f23926,carlos_dev,feature/api,rollback dependencies module,push,14,546,310,856,414,145,262,security-and-build,3,dependency,3,7,0,0,1,0,0,0,0,0,0,1,0,0,rollback,dependencies,0.8524,failure
27fb79fc,maria_backend,feature/dashboard,rollback migration module,pull_request,23,449,189,638,482,183,282,quality-and-testing,2,database,7,23,1,0,1,0,0,0,0,0,0,0,0,1,rollback,migration,0.9200,failure
4588b067,maria_backend,feature/api,remove api module,pull_request,18,562,17,579,430,140,209,none,0,none,2,20,0,0,1,0,0,0,1,0,0,0,0,0,remove,api,0.3699,success
b7b1f7ab,anndrew492,feature/dashboard,fix security module,pull_request,3,474,244,718,240,148,83,none,0,none,7,3,1,0,1,0,0,0,0,0,0,0,0,0,fix,security,0.2024,success
1cd57bdd,anndrew492,main,update docker module,push,2,541,223,764,540,119,360,security-and-build,5,docker,3,6,0,0,0,1,1,0,0,0,0,0,0,0,update,docker,0.8018,failure
8bdbcc41,anndrew492,feature/api,rollback environment module,pull_request,14,263,105,368,357,90,199,security-and-build,5,dependency,2,23,0,0,1,0,0,0,0,0,0,0,1,0,rollback,environment,0.6093,failure
3b6c5b58,junior_juan,feature/pagos,remove database module,pull_request,20,401,19,420,123,91,21,none,0,none,6,8,1,0,1,0,0,1,0,0,0,0,0,0,remove,database,0.4214,success
424ae5e5,anndrew492,feature/pagos,rollback dependencies module,pull_request,4,200,324,524,691,233,421,security-and-build,4,dependency,7,12,1,0,1,0,0,0,0,0,0,1,0,0,rollback,dependencies,0.4568,failure
01d39cf1,maria_backend,main,update login module,pull_request,9,545,50,595,405,203,175,none,0,none,1,17,0,0,0,1,0,0,0,0,1,0,0,0,update,login,0.3458,success
cac26912,anndrew492,ci/cd-proyecto,merge dependencies module,pull_request,14,186,53,239,452,125,310,none,0,none,7,10,1,0,0,0,0,0,0,0,0,1,0,0,merge,dependencies,0.4206,success
d089a437,carlos_dev,feature/pagos,update tests module,push,12,573,167,740,374,197,134,none,0,none,5,8,0,0,1,0,0,0,0,0,0,0,0,0,update,tests,0.3586,success
19a0fc07,carlos_dev,feature/dashboard,merge migration module,pull_request,13,391,307,698,460,191,264,quality-and-testing,4,database,7,2,1,0,1,0,0,0,0,0,0,0,0,1,merge,migration,0.6757,failure
3490c3fb,maria_backend,feature/pagos,update login module,push,16,643,251,894,350,146,127,quality-and-testing,2,database,5,8,0,0,1,0,0,0,0,0,1,0,0,0,update,login,0.6529,failure
21952819,anndrew492,feature/dashboard,fix docker module,push,2,427,327,754,576,335,207,security-and-build,2,docker,5,20,0,0,1,0,1,0,0,0,0,0,0,0,fix,docker,0.5397,failure
21996069,carlos_dev,feature/dashboard,fix security module,push,15,103,227,330,246,186,41,none,0,none,1,13,0,0,1,0,0,0,0,0,0,0,0,0,fix,security,0.3285,success
c70ebb8e,anndrew492,main,fix migration module,push,6,645,243,888,500,339,156,quality-and-testing,4,database,1,5,0,0,0,1,0,0,0,0,0,0,0,1,fix,migration,0.9200,failure
cd522a57,junior_juan,ci/cd-proyecto,merge security module,pull_request,6,73,32,105,355,19,253,none,0,none,2,8,0,0,0,0,0,0,0,0,0,0,0,0,merge,security,0.0300,success
c2271190,maria_backend,feature/dashboard,merge database module,pull_request,14,622,260,882,554,274,257,quality-and-testing,3,database,6,8,1,0,1,0,0,1,0,0,0,0,0,0,merge,database,0.5523,failure
52d18abb,anndrew492,main,update api module,push,17,604,244,848,439,201,166,security-and-build,1,security,3,20,0,0,0,1,0,0,1,0,0,0,0,0,update,api,0.9200,failure
c42580a9,carlos_dev,feature/api,refactor database module,push,10,280,8,288,499,174,258,none,0,none,7,13,1,0,1,0,0,1,0,0,0,0,0,0,refactor,database,0.3571,success
85be0226,carlos_dev,ci/cd-proyecto,update billing module,push,10,125,235,360,282,120,118,security-and-build,1,security,6,21,1,0,0,0,0,0,0,0,0,0,0,0,update,billing,0.4577,failure
6aed6a56,maria_backend,ci/cd-proyecto,update dashboard module,push,19,440,207,647,636,310,317,none,0,none,5,11,0,0,0,0,0,0,0,1,0,0,0,0,update,dashboard,0.4167,success
67374910,junior_juan,release/v1,fix database module,pull_request,10,597,240,837,691,313,289,quality-and-testing,5,database,1,20,0,0,0,0,0,1,0,0,0,0,0,0,fix,database,0.5867,failure
699f7ec8,carlos_dev,ci/cd-proyecto,refactor security module,push,4,217,141,358,148,26,60,none,0,none,1,9,0,0,0,0,0,0,0,0,0,0,0,0,refactor,security,0.2139,success
ba757769,carlos_dev,main,remove environment module,push,8,148,343,491,163,114,28,security-and-build,3,security,3,0,0,0,0,1,0,0,0,0,0,0,1,0,remove,environment,0.8764,failure
896f8cb5,maria_backend,release/v1,add billing module,push,11,334,145,479,276,158,32,none,0,none,2,1,0,0,0,0,0,0,0,0,0,0,0,0,add,billing,0.2273,success
2afee433,maria_backend,feature/dashboard,merge dependencies module,pull_request,12,385,225,610,516,233,263,security-and-build,4,dependency,1,3,0,0,1,0,0,0,0,0,0,1,0,0,merge,dependencies,0.6289,failure
99269e75,junior_juan,feature/api,remove dependencies module,push,15,503,76,579,600,212,356,security-and-build,4,dependency,5,20,0,0,1,0,0,0,0,0,0,1,0,0,remove,dependencies,0.7003,failure
b5fb320c,maria_backend,feature/dashboard,remove security module,push,1,444,127,571,546,296,194,none,0,none,5,1,0,0,1,0,0,0,0,0,0,0,0,0,remove,security,0.2597,success
18906468,maria_backend,feature/pagos,merge migration module,push,24,495,238,733,416,263,127,quality-and-testing,4,database,1,21,0,0,1,0,0,0,0,0,0,0,0,1,merge,migration,0.7005,failure
8637f656,junior_juan,release/v1,add dependencies module,push,2,461,27,488,352,71,231,security-and-build,1,dependency,7,15,1,0,0,0,0,0,0,0,0,1,0,0,add,dependencies,0.6119,failure
bc251845,anndrew492,feature/pagos,add dependencies module,pull_request,19,107,123,230,326,57,216,none,0,none,5,11,0,0,1,0,0,0,0,0,0,1,0,0,add,dependencies,0.3502,success
5971eec6,anndrew492,feature/dashboard,add migration module,push,22,354,203,557,585,351,157,quality-and-testing,4,database,6,2,1,0,1,0,0,0,0,0,0,0,0,1,add,migration,0.6040,failure
904baeea,carlos_dev,ci/cd-proyecto,rollback dependencies module,push,13,217,360,577,660,239,361,security-and-build,2,dependency,2,16,0,0,0,0,0,0,0,0,0,1,0,0,rollback,dependencies,0.7167,failure
4108c310,carlos_dev,release/v1,refactor migration module,push,18,497,247,744,421,291,72,quality-and-testing,1,database,3,10,0,0,0,0,0,0,0,0,0,0,0,1,refactor,migration,0.8666,failure
91e451be,junior_juan,main,merge environment module,push,18,316,95,411,207,154,30,security-and-build,3,security,7,7,1,0,0,1,0,0,0,0,0,0,1,0,merge,environment,0.8520,failure
0bfeaff1,carlos_dev,release/v1,rollback migration module,push,7,186,229,415,569,263,222,quality-and-testing,4,database,5,7,0,0,0,0,0,0,0,0,0,0,0,1,rollback,migration,0.5407,failure
a478e07c,carlos_dev,feature/pagos,update api module,push,15,201,358,559,404,225,145,none,0,none,1,13,0,0,1,0,0,0,1,0,0,0,0,0,update,api,0.4460,success
ea79c88b,junior_juan,hotfix/urgente,update environment module,pull_request,12,358,302,660,504,247,200,quality-and-testing,3,timeout,4,5,0,1,0,0,0,0,0,0,0,0,1,0,update,environment,0.8310,failure
6c3a8644,maria_backend,feature/pagos,add login module,push,11,393,243,636,463,293,131,quality-and-testing,4,syntax,5,3,0,0,1,0,0,0,0,0,1,0,0,0,add,login,0.5906,failure
0a183918,anndrew492,ci/cd-proyecto,refactor billing module,push,13,597,104,701,448,172,256,none,0,none,1,14,0,0,0,0,0,0,0,0,0,0,0,0,refactor,billing,0.4145,success
8272a5c8,anndrew492,main,merge migration module,push,15,284,72,356,358,222,103,quality-and-testing,3,database,7,10,1,0,0,1,0,0,0,0,0,0,0,1,merge,migration,0.8736,failure
bfc6606f,carlos_dev,feature/pagos,remove environment module,pull_request,16,451,351,802,457,151,261,quality-and-testing,2,syntax,7,21,1,0,1,0,0,0,0,0,0,0,1,0,remove,environment,0.8484,failure
485ed2eb,junior_juan,ci/cd-proyecto,refactor dashboard module,push,17,232,267,499,341,99,177,none,0,none,3,5,0,0,0,0,0,0,0,1,0,0,0,0,refactor,dashboard,0.4090,success
a212b4ab,junior_juan,main,merge auth module,pull_request,13,250,94,344,139,40,48,none,0,none,4,0,0,0,0,1,0,0,0,0,1,0,0,0,merge,auth,0.4301,success
ea4a2200,carlos_dev,feature/dashboard,add docker module,push,13,154,21,175,387,122,242,none,0,none,2,10,0,0,1,0,1,0,0,0,0,0,0,0,add,docker,0.2587,success
d30d9536,junior_juan,main,update security module,push,10,69,43,112,148,35,32,none,0,none,3,11,0,0,0,1,0,0,0,0,0,0,0,0,update,security,0.2825,success
ee7a27ae,anndrew492,main,merge database module,pull_request,23,292,221,513,394,140,208,quality-and-testing,5,database,6,1,1,0,0,1,0,1,0,0,0,0,0,0,merge,database,0.6567,failure
9abfc54f,junior_juan,feature/dashboard,rollback auth module,push,10,461,71,532,348,172,93,quality-and-testing,4,database,1,11,0,0,1,0,0,0,0,0,1,0,0,0,rollback,auth,0.4734,failure
6b84ac3e,carlos_dev,feature/pagos,add login module,pull_request,2,517,56,573,541,233,219,none,0,none,5,21,0,0,1,0,0,0,0,0,1,0,0,0,add,login,0.3382,success
e0826423,anndrew492,hotfix/urgente,remove docker module,pull_request,12,69,257,326,293,135,144,security-and-build,1,docker,2,10,0,1,0,0,1,0,0,0,0,0,0,0,remove,docker,0.6141,failure
6fa269c9,junior_juan,release/v1,merge frontend module,pull_request,15,40,102,142,195,156,20,none,0,none,7,5,1,0,0,0,0,0,0,1,0,0,0,0,merge,frontend,0.2605,success
c0f5ce9f,maria_backend,ci/cd-proyecto,refactor billing module,pull_request,14,149,136,285,241,22,190,none,0,none,1,2,0,0,0,0,0,0,0,0,0,0,0,0,refactor,billing,0.0698,success
cc051ac6,junior_juan,feature/pagos,rollback docker module,pull_request,15,536,145,681,494,106,359,security-and-build,2,docker,4,5,0,0,1,0,1,0,0,0,0,0,0,0,rollback,docker,0.7622,failure
9f945b26,junior_juan,release/v1,remove database module,pull_request,21,229,287,516,405,217,105,quality-and-testing,1,database,4,14,0,0,0,0,0,1,0,0,0,0,0,0,remove,database,0.5266,failure
9e4f039b,anndrew492,hotfix/urgente,merge database module,push,11,104,327,431,400,273,92,quality-and-testing,2,database,1,5,0,1,0,0,0,1,0,0,0,0,0,0,merge,database,0.8069,failure
ba950776,anndrew492,feature/dashboard,refactor login module,push,11,295,161,456,338,202,95,none,0,none,3,22,0,0,1,0,0,0,0,0,1,0,0,0,refactor,login,0.3407,success
9f90e976,anndrew492,feature/api,update dependencies module,push,12,34,229,263,482,180,275,none,0,none,1,18,0,0,1,0,0,0,0,0,0,1,0,0,update,dependencies,0.4393,success
2e66a816,carlos_dev,feature/api,remove environment module,push,16,556,211,767,398,174,161,security-and-build,5,env,7,0,1,0,1,0,0,0,0,0,0,0,1,0,remove,environment,0.8794,failure
55d8c3c8,maria_backend,feature/api,refactor security module,pull_request,17,184,139,323,352,201,62,none,0,none,6,2,1,0,1,0,0,0,0,0,0,0,0,0,refactor,security,0.2720,success
a03b45b7,junior_juan,feature/api,refactor database module,push,12,523,210,733,379,146,179,quality-and-testing,5,database,5,11,0,0,1,0,0,1,0,0,0,0,0,0,refactor,database,0.6857,failure
d4893442,anndrew492,release/v1,refactor docker module,pull_request,5,69,112,181,412,216,177,none,0,none,4,1,0,0,0,0,1,0,0,0,0,0,0,0,refactor,docker,0.2512,success
64aa9020,junior_juan,hotfix/urgente,remove api module,pull_request,5,513,327,840,341,100,188,telemetry-dispatch,5,timeout,7,2,1,1,0,0,0,0,1,0,0,0,0,0,remove,api,0.9200,failure
6fe3e7bf,anndrew492,feature/api,rollback environment module,pull_request,15,581,177,758,439,186,165,security-and-build,2,dependency,3,16,0,0,1,0,0,0,0,0,0,0,1,0,rollback,environment,0.7963,failure
48e8c687,anndrew492,main,fix api module,push,7,415,51,466,330,142,174,security-and-build,4,security,6,23,1,0,0,1,0,0,1,0,0,0,0,0,fix,api,0.8414,failure
4dc9eed5,junior_juan,feature/api,remove auth module,pull_request,10,572,106,678,535,215,303,security-and-build,1,timeout,5,11,0,0,1,0,0,0,0,0,1,0,0,0,remove,auth,0.4725,failure
ca7a8b9e,junior_juan,feature/pagos,merge tests module,pull_request,7,555,45,600,439,218,204,none,0,none,5,3,0,0,1,0,0,0,0,0,0,0,0,0,merge,tests,0.0629,success
f31f62e9,anndrew492,hotfix/urgente,refactor tests module,push,17,499,72,571,468,242,215,quality-and-testing,1,test,6,10,1,1,0,0,0,0,0,0,0,0,0,0,refactor,tests,0.7517,failure
523c42d6,anndrew492,hotfix/urgente,update security module,pull_request,17,543,141,684,508,280,139,security-and-build,2,security,4,18,0,1,0,0,0,0,0,0,0,0,0,0,update,security,0.6718,failure
39b06531,junior_juan,ci/cd-proyecto,remove security module,pull_request,2,591,125,716,557,253,239,none,0,none,3,6,0,0,0,0,0,0,0,0,0,0,0,0,remove,security,0.1079,success
8322b7d1,maria_backend,main,refactor api module,pull_request,4,306,202,508,545,314,163,none,0,none,1,20,0,0,0,1,0,0,1,0,0,0,0,0,refactor,api,0.3164,success
07578b7b,carlos_dev,feature/pagos,fix migration module,push,18,64,11,75,285,198,66,none,0,none,7,11,1,0,1,0,0,0,0,0,0,0,0,1,fix,migration,0.4289,success
cac78a9d,carlos_dev,ci/cd-proyecto,merge security module,push,1,68,91,159,206,31,106,none,0,none,5,0,0,0,0,0,0,0,0,0,0,0,0,0,merge,security,0.1991,success
189261aa,anndrew492,ci/cd-proyecto,refactor frontend module,pull_request,12,580,2,582,477,161,267,none,0,none,7,5,1,0,0,0,0,0,0,1,0,0,0,0,refactor,frontend,0.3595,success
e8e13a75,carlos_dev,ci/cd-proyecto,remove billing module,push,5,631,39,670,562,291,225,none,0,none,2,6,0,0,0,0,0,0,0,0,0,0,0,0,remove,billing,0.2318,success
4d9e0d7b,maria_backend,release/v1,rollback dashboard module,push,18,178,292,470,311,218,55,security-and-build,5,env,6,16,1,0,0,0,0,0,0,1,0,0,0,0,rollback,dashboard,0.5328,failure
8bc7da5d,junior_juan,release/v1,rollback login module,push,7,140,188,328,408,162,239,security-and-build,4,dependency,2,10,0,0,0,0,0,0,0,0,1,0,0,0,rollback,login,0.5232,failure
cbd2141b,junior_juan,ci/cd-proyecto,add dashboard module,push,20,68,273,341,368,164,115,quality-and-testing,5,runtime,6,4,1,0,0,0,0,0,0,1,0,0,0,0,add,dashboard,0.4810,failure
1466aca8,junior_juan,release/v1,update login module,pull_request,3,631,344,975,475,119,307,quality-and-testing,1,runtime,4,3,0,0,0,0,0,0,0,0,1,0,0,0,update,login,0.6898,failure
418a3b3c,maria_backend,feature/dashboard,remove tests module,push,14,143,31,174,130,19,53,none,0,none,4,15,0,0,1,0,0,0,0,0,0,0,0,0,remove,tests,0.0300,success
48ab083a,anndrew492,hotfix/urgente,remove docker module,pull_request,5,279,131,410,474,186,269,security-and-build,5,docker,4,12,0,1,0,0,1,0,0,0,0,0,0,0,remove,docker,0.6799,failure
4cb56e8b,carlos_dev,ci/cd-proyecto,merge login module,push,5,302,284,586,521,321,151,none,0,none,7,12,1,0,0,0,0,0,0,0,1,0,0,0,merge,login,0.4195,success
2ecb8e55,carlos_dev,main,add frontend module,pull_request,10,562,230,792,524,179,314,none,0,none,4,12,0,0,0,1,0,0,0,1,0,0,0,0,add,frontend,0.0300,success
c29ae941,maria_backend,feature/api,refactor migration module,push,7,306,3,309,171,91,37,none,0,none,6,15,1,0,1,0,0,0,0,0,0,0,0,1,refactor,migration,0.3570,success
5e195d64,junior_juan,feature/pagos,add dashboard module,pull_request,5,586,155,741,461,281,153,none,0,none,3,11,0,0,1,0,0,0,0,1,0,0,0,0,add,dashboard,0.0857,success
768df9d4,junior_juan,feature/api,add environment module,push,8,12,345,357,330,137,160,none,0,none,7,19,1,0,1,0,0,0,0,0,0,0,1,0,add,environment,0.4239,success
cf6db9cf,junior_juan,main,merge dashboard module,push,9,200,345,545,300,72,167,none,0,none,3,14,0,0,0,1,0,0,0,1,0,0,0,0,merge,dashboard,0.3952,success
09bd5760,junior_juan,feature/dashboard,update api module,pull_request,8,443,328,771,344,279,52,security-and-build,3,dependency,6,9,1,0,1,0,0,0,1,0,0,0,0,0,update,api,0.5679,failure
b64fd4e1,junior_juan,feature/api,fix tests module,pull_request,8,296,7,303,285,144,72,none,0,none,1,21,0,0,1,0,0,0,0,0,0,0,0,0,fix,tests,0.0300,success
3a0da10b,maria_backend,feature/pagos,refactor auth module,pull_request,2,98,266,364,279,96,107,none,0,none,6,11,1,0,1,0,0,0,0,0,1,0,0,0,refactor,auth,0.2537,success
e86492c8,junior_juan,main,refactor login module,pull_request,10,130,192,322,327,163,107,none,0,none,6,7,1,0,0,1,0,0,0,0,1,0,0,0,refactor,login,0.3205,success
11596786,junior_juan,hotfix/urgente,refactor api module,pull_request,8,231,132,363,292,132,72,quality-and-testing,3,runtime,4,16,0,1,0,0,0,0,1,0,0,0,0,0,refactor,api,0.5349,failure
dfcd0c4d,anndrew492,ci/cd-proyecto,fix docker module,push,1,247,155,402,313,92,143,security-and-build,2,docker,1,10,0,0,0,0,1,0,0,0,0,0,0,0,fix,docker,0.4544,failure
f6e1b870,anndrew492,release/v1,add database module,pull_request,20,588,119,707,590,325,220,quality-and-testing,2,database,4,23,0,0,0,0,0,1,0,0,0,0,0,0,add,database,0.7353,failure
96fb037f,maria_backend,hotfix/urgente,add tests module,pull_request,3,182,132,314,361,213,94,none,0,none,5,1,0,1,0,0,0,0,0,0,0,0,0,0,add,tests,0.3616,success
a4397588,carlos_dev,ci/cd-proyecto,fix docker module,push,18,411,315,726,655,176,420,security-and-build,5,docker,5,23,0,0,0,0,1,0,0,0,0,0,0,0,fix,docker,0.7515,failure
ecd373bc,anndrew492,ci/cd-proyecto,remove database module,push,14,573,358,931,576,329,239,quality-and-testing,4,database,5,1,0,0,0,0,0,1,0,0,0,0,0,0,remove,database,0.8995,failure
50097031,junior_juan,main,fix dependencies module,push,9,314,347,661,450,158,281,security-and-build,4,dependency,7,23,1,0,0,1,0,0,0,0,0,1,0,0,fix,dependencies,0.9200,failure
f89f8088,maria_backend,hotfix/urgente,remove dependencies module,push,27,70,183,253,303,67,169,security-and-build,1,dependency,6,2,1,1,0,0,0,0,0,0,0,1,0,0,remove,dependencies,0.9200,failure
6adf18dd,maria_backend,release/v1,merge tests module,push,9,258,37,295,225,108,55,none,0,none,6,20,1,0,0,0,0,0,0,0,0,0,0,0,merge,tests,0.2907,success
80c37b2f,anndrew492,feature/pagos,rollback dependencies module,push,16,251,146,397,417,171,192,security-and-build,5,dependency,3,23,0,0,1,0,0,0,0,0,0,1,0,0,rollback,dependencies,0.8391,failure
65e8811f,junior_juan,feature/pagos,add frontend module,push,7,107,167,274,219,102,93,none,0,none,5,23,0,0,1,0,0,0,0,1,0,0,0,0,add,frontend,0.1215,success
7d9e9f31,carlos_dev,ci/cd-proyecto,fix tests module,pull_request,14,573,122,695,344,179,105,none,0,none,6,22,1,0,0,0,0,0,0,0,0,0,0,0,fix,tests,0.3257,success
94a78319,carlos_dev,feature/dashboard,rollback dashboard module,pull_request,17,44,256,300,227,124,45,none,0,none,5,19,0,0,1,0,0,0,0,1,0,0,0,0,rollback,dashboard,0.1921,success
f5d6fa39,junior_juan,main,add docker module,push,14,381,301,682,620,185,400,security-and-build,2,docker,6,22,1,0,0,1,1,0,0,0,0,0,0,0,add,docker,0.9200,failure
7875fc32,carlos_dev,hotfix/urgente,merge billing module,pull_request,22,533,348,881,372,140,202,quality-and-testing,3,syntax,5,10,0,1,0,0,0,0,0,0,0,0,0,0,merge,billing,0.6951,failure
3e4be967,anndrew492,feature/api,fix billing module,pull_request,14,649,0,649,388,118,180,none,0,none,7,21,1,0,1,0,0,0,0,0,0,0,0,0,fix,billing,0.3692,success
42d8c609,anndrew492,main,merge database module,pull_request,21,144,341,485,444,145,238,quality-and-testing,2,database,4,20,0,0,0,1,0,1,0,0,0,0,0,0,merge,database,0.5601,failure
944eddd1,junior_juan,main,refactor tests module,push,1,646,270,916,520,280,235,quality-and-testing,5,test,6,9,1,0,0,1,0,0,0,0,0,0,0,0,refactor,tests,0.7573,failure
ce137a31,carlos_dev,hotfix/urgente,merge dependencies module,push,15,211,351,562,728,269,391,security-and-build,5,dependency,1,1,0,1,0,0,0,0,0,0,0,1,0,0,merge,dependencies,0.9200,failure
09579ca6,carlos_dev,hotfix/urgente,update tests module,push,9,465,353,818,470,237,174,quality-and-testing,3,test,7,9,1,1,0,0,0,0,0,0,0,0,0,0,update,tests,0.6945,failure
19d027bd,carlos_dev,feature/dashboard,rollback database module,push,11,514,226,740,596,391,139,quality-and-testing,1,database,1,8,0,0,1,0,0,1,0,0,0,0,0,0,rollback,database,0.6846,failure
7ee694dc,maria_backend,hotfix/urgente,add security module,push,19,19,287,306,223,75,129,security-and-build,5,security,1,9,0,1,0,0,0,0,0,0,0,0,0,0,add,security,0.6815,failure
7e112e32,carlos_dev,ci/cd-proyecto,update login module,pull_request,14,112,89,201,185,51,115,none,0,none,3,22,0,0,0,0,0,0,0,0,1,0,0,0,update,login,0.3658,success
56bd74ac,carlos_dev,main,refactor database module,pull_request,8,218,345,563,720,411,270,quality-and-testing,5,database,4,5,0,0,0,1,0,1,0,0,0,0,0,0,refactor,database,0.5032,failure
de1c37ed,carlos_dev,feature/pagos,merge tests module,push,2,243,1,244,341,95,171,none,0,none,3,10,0,0,1,0,0,0,0,0,0,0,0,0,merge,tests,0.0300,success
30083f71,anndrew492,main,merge security module,pull_request,12,574,83,657,495,256,194,none,0,none,3,10,0,0,0,1,0,0,0,0,0,0,0,0,merge,security,0.1755,success
26261f90,maria_backend,feature/dashboard,refactor login module,push,5,125,15,140,134,18,54,none,0,none,4,7,0,0,1,0,0,0,0,0,1,0,0,0,refactor,login,0.2530,success
cb400fba,junior_juan,feature/pagos,remove tests module,pull_request,17,516,5,521,578,305,187,none,0,none,4,0,0,0,1,0,0,0,0,0,0,0,0,0,remove,tests,0.1388,success
0f9309c5,junior_juan,release/v1,update login module,pull_request,13,279,44,323,200,94,58,quality-and-testing,5,database,7,4,1,0,0,0,0,0,0,0,1,0,0,0,update,login,0.4993,failure
6bd5cb5e,carlos_dev,release/v1,update login module,pull_request,10,399,239,638,390,241,100,security-and-build,1,docker,4,18,0,0,0,0,0,0,0,0,1,0,0,0,update,login,0.4744,failure
df292176,junior_juan,feature/api,remove dashboard module,pull_request,16,516,70,586,464,95,290,none,0,none,7,8,1,0,1,0,0,0,0,1,0,0,0,0,remove,dashboard,0.0933,success
f4cdb280,maria_backend,main,add frontend module,pull_request,12,493,343,836,494,276,167,none,0,none,1,9,0,0,0,1,0,0,0,1,0,0,0,0,add,frontend,0.0300,success
bc756d2f,maria_backend,hotfix/urgente,fix environment module,pull_request,9,373,294,667,522,289,172,security-and-build,5,timeout,7,11,1,1,0,0,0,0,0,0,0,0,1,0,fix,environment,0.9200,failure
0b90c886,anndrew492,main,refactor migration module,pull_request,18,255,226,481,226,113,37,none,0,none,5,7,0,0,0,1,0,0,0,0,0,0,0,1,refactor,migration,0.3906,success
186ee95f,junior_juan,release/v1,rollback security module,pull_request,17,425,9,434,128,46,66,none,0,none,5,12,0,0,0,0,0,0,0,0,0,0,0,0,rollback,security,0.2917,success
b1101945,carlos_dev,release/v1,remove tests module,pull_request,5,619,58,677,736,339,308,none,0,none,4,4,0,0,0,0,0,0,0,0,0,0,0,0,remove,tests,0.1584,success
73b923b5,anndrew492,feature/dashboard,fix docker module,push,4,150,196,346,362,157,174,none,0,none,2,2,0,0,1,0,1,0,0,0,0,0,0,0,fix,docker,0.3532,success
0b05a793,junior_juan,ci/cd-proyecto,merge dependencies module,push,19,298,183,481,522,201,313,security-and-build,4,dependency,2,3,0,0,0,0,0,0,0,0,0,1,0,0,merge,dependencies,0.7469,failure
fe55a90d,anndrew492,main,update login module,push,1,326,186,512,475,279,141,quality-and-testing,2,runtime,1,6,0,0,0,1,0,0,0,0,1,0,0,0,update,login,0.5872,failure
ebe1ee3d,junior_juan,main,remove database module,pull_request,20,603,129,732,422,198,175,quality-and-testing,1,database,6,11,1,0,0,1,0,1,0,0,0,0,0,0,remove,database,0.8092,failure
b24a0f4f,maria_backend,feature/dashboard,remove database module,pull_request,9,108,171,279,492,279,139,none,0,none,1,9,0,0,1,0,0,1,0,0,0,0,0,0,remove,database,0.3439,success
40357633,maria_backend,main,merge security module,pull_request,7,25,16,41,193,56,87,none,0,none,4,17,0,0,0,1,0,0,0,0,0,0,0,0,merge,security,0.0300,success
42d88361,maria_backend,ci/cd-proyecto,remove docker module,pull_request,7,286,14,300,277,94,110,none,0,none,6,15,1,0,0,0,1,0,0,0,0,0,0,0,remove,docker,0.3833,success
ec45d1dd,junior_juan,main,add auth module,pull_request,6,427,251,678,607,272,246,security-and-build,3,timeout,5,6,0,0,0,1,0,0,0,0,1,0,0,0,add,auth,0.5027,failure
0ba32b4a,anndrew492,hotfix/urgente,rollback security module,push,17,629,327,956,259,112,122,security-and-build,2,security,3,15,0,1,0,0,0,0,0,0,0,0,0,0,rollback,security,0.9200,failure
8543fec5,junior_juan,ci/cd-proyecto,add tests module,pull_request,4,342,29,371,202,28,84,none,0,none,7,8,1,0,0,0,0,0,0,0,0,0,0,0,add,tests,0.0300,success
585ac3ad,maria_backend,hotfix/urgente,fix dependencies module,push,24,645,50,695,563,145,362,security-and-build,5,dependency,4,17,0,1,0,0,0,0,0,0,0,1,0,0,fix,dependencies,0.9200,failure
26e691f7,maria_backend,feature/api,merge auth module,push,5,283,235,518,416,190,211,none,0,none,6,9,1,0,1,0,0,0,0,0,1,0,0,0,merge,auth,0.3933,success
fcd3af04,junior_juan,release/v1,add api module,push,4,523,187,710,439,256,166,quality-and-testing,2,timeout,6,9,1,0,0,0,0,0,1,0,0,0,0,0,add,api,0.7116,failure
10d49395,maria_backend,main,add api module,push,11,162,32,194,220,114,64,security-and-build,5,dependency,2,15,0,0,0,1,0,0,1,0,0,0,0,0,add,api,0.5529,failure
6ac2bf0d,junior_juan,hotfix/urgente,rollback migration module,push,20,425,68,493,474,295,171,quality-and-testing,5,database,7,6,1,1,0,0,0,0,0,0,0,0,0,1,rollback,migration,0.9200,failure
9c0a11cc,junior_juan,hotfix/urgente,update docker module,push,3,612,182,794,566,182,317,security-and-build,1,docker,1,0,0,1,0,0,1,0,0,0,0,0,0,0,update,docker,0.8692,failure
9f7482d3,maria_backend,hotfix/urgente,update auth module,push,15,492,316,808,568,191,293,quality-and-testing,4,timeout,6,3,1,1,0,0,0,0,0,0,1,0,0,0,update,auth,0.9200,failure
1d0f743c,maria_backend,main,fix database module,push,16,564,177,741,756,445,287,quality-and-testing,4,database,7,11,1,0,0,1,0,1,0,0,0,0,0,0,fix,database,0.9200,failure
7e149df8,carlos_dev,release/v1,rollback security module,push,11,176,126,302,384,220,130,security-and-build,5,security,7,17,1,0,0,0,0,0,0,0,0,0,0,0,rollback,security,0.4530,failure
165bd2ea,carlos_dev,main,merge frontend module,push,20,27,21,48,445,172,240,quality-and-testing,1,runtime,6,13,1,0,0,1,0,0,0,1,0,0,0,0,merge,frontend,0.5681,failure
98fcade1,maria_backend,feature/dashboard,rollback migration module,push,10,125,260,385,528,315,131,quality-and-testing,3,database,6,17,1,0,1,0,0,0,0,0,0,0,0,1,rollback,migration,0.6099,failure
91e5ae3e,maria_backend,ci/cd-proyecto,update environment module,push,16,98,12,110,126,22,59,security-and-build,4,timeout,7,21,1,0,0,0,0,0,0,0,0,0,1,0,update,environment,0.6338,failure
fa9eefe7,carlos_dev,main,update docker module,push,15,442,347,789,423,226,156,security-and-build,4,docker,6,4,1,0,0,1,1,0,0,0,0,0,0,0,update,docker,0.9200,failure
82c641d3,carlos_dev,feature/dashboard,update tests module,push,18,203,92,295,243,109,81,none,0,none,3,1,0,0,1,0,0,0,0,0,0,0,0,0,update,tests,0.1966,success
e4720938,carlos_dev,release/v1,update dependencies module,pull_request,15,646,0,646,490,139,297,security-and-build,3,dependency,5,5,0,0,0,0,0,0,0,0,0,1,0,0,update,dependencies,0.6786,failure
746ff625,carlos_dev,feature/api,refactor auth module,push,18,304,119,423,352,174,88,security-and-build,3,security,5,8,0,0,1,0,0,0,0,0,1,0,0,0,refactor,auth,0.5056,failure
e7ad9cef,junior_juan,main,rollback frontend module,pull_request,17,507,21,528,481,186,256,none,0,none,2,6,0,0,0,1,0,0,0,1,0,0,0,0,rollback,frontend,0.2524,success
b7eb3248,maria_backend,release/v1,fix login module,pull_request,16,179,113,292,249,34,195,quality-and-testing,4,test,5,0,0,0,0,0,0,0,0,0,1,0,0,0,fix,login,0.4622,failure
4ce53039,maria_backend,feature/dashboard,fix docker module,push,10,272,13,285,516,79,364,none,0,none,7,19,1,0,1,0,1,0,0,0,0,0,0,0,fix,docker,0.3789,success
4d34476c,junior_juan,release/v1,merge billing module,push,5,523,241,764,538,108,343,none,0,none,7,8,1,0,0,0,0,0,0,0,0,0,0,0,merge,billing,0.3422,success
741a1aeb,maria_backend,feature/dashboard,fix api module,pull_request,16,135,172,307,298,35,224,none,0,none,4,22,0,0,1,0,0,0,1,0,0,0,0,0,fix,api,0.4114,success
4ffa54ed,junior_juan,release/v1,remove login module,pull_request,2,466,135,601,524,280,226,quality-and-testing,4,timeout,1,8,0,0,0,0,0,0,0,0,1,0,0,0,remove,login,0.6010,failure
686318a7,carlos_dev,release/v1,merge auth module,pull_request,7,221,234,455,273,166,83,security-and-build,5,dependency,7,23,1,0,0,0,0,0,0,0,1,0,0,0,merge,auth,0.4641,failure
b192852c,carlos_dev,feature/api,remove database module,push,12,365,310,675,428,154,229,quality-and-testing,1,database,3,14,0,0,1,0,0,1,0,0,0,0,0,0,remove,database,0.6320,failure
2c2327eb,carlos_dev,ci/cd-proyecto,update auth module,push,4,301,194,495,359,125,193,security-and-build,1,security,7,21,1,0,0,0,0,0,0,0,1,0,0,0,update,auth,0.5250,failure
62a5c1fe,maria_backend,hotfix/urgente,update login module,pull_request,20,567,116,683,476,310,155,security-and-build,5,dependency,4,14,0,1,0,0,0,0,0,0,1,0,0,0,update,login,0.8192,failure
653cfdce,maria_backend,hotfix/urgente,fix database module,push,18,459,325,784,614,270,281,quality-and-testing,3,database,1,12,0,1,0,0,0,1,0,0,0,0,0,0,fix,database,0.9200,failure
3e899b04,anndrew492,ci/cd-proyecto,fix environment module,pull_request,7,628,288,916,384,243,118,quality-and-testing,5,syntax,4,11,0,0,0,0,0,0,0,0,0,0,1,0,fix,environment,0.5691,failure
b9cbf3c4,anndrew492,feature/pagos,rollback dependencies module,pull_request,15,352,269,621,478,202,229,security-and-build,1,dependency,2,10,0,0,1,0,0,0,0,0,0,1,0,0,rollback,dependencies,0.8227,failure
58a737bf,anndrew492,hotfix/urgente,merge migration module,pull_request,12,128,339,467,411,134,222,quality-and-testing,4,database,7,2,1,1,0,0,0,0,0,0,0,0,0,1,merge,migration,0.8484,failure
8a6c80d6,maria_backend,main,add tests module,pull_request,9,574,211,785,540,271,203,none,0,none,3,3,0,0,0,1,0,0,0,0,0,0,0,0,add,tests,0.1185,success
61bded66,carlos_dev,main,refactor docker module,push,8,120,192,312,469,128,315,security-and-build,4,docker,4,8,0,0,0,1,1,0,0,0,0,0,0,0,refactor,docker,0.6923,failure
bed9b2aa,junior_juan,feature/dashboard,rollback environment module,pull_request,15,70,355,425,410,123,220,telemetry-dispatch,2,env,4,3,0,0,1,0,0,0,0,0,0,0,1,0,rollback,environment,0.6465,failure
26244bf2,junior_juan,feature/pagos,rollback docker module,push,1,84,98,182,345,119,142,security-and-build,4,docker,1,2,0,0,1,0,1,0,0,0,0,0,0,0,rollback,docker,0.4795,failure
ec96a6e8,maria_backend,main,rollback dependencies module,pull_request,7,174,195,369,362,22,256,security-and-build,1,dependency,7,19,1,0,0,1,0,0,0,0,0,1,0,0,rollback,dependencies,0.5312,failure
acaf2acc,anndrew492,feature/pagos,fix frontend module,push,7,596,96,692,400,135,210,none,0,none,2,13,0,0,1,0,0,0,0,1,0,0,0,0,fix,frontend,0.3211,success
3eea7cfd,junior_juan,hotfix/urgente,remove security module,push,17,48,357,405,429,137,207,security-and-build,1,security,6,18,1,1,0,0,0,0,0,0,0,0,0,0,remove,security,0.7336,failure
6ba8a5f3,junior_juan,release/v1,add database module,pull_request,12,198,269,467,391,112,200,none,0,none,6,12,1,0,0,0,0,1,0,0,0,0,0,0,add,database,0.3663,success
6d8ee071,maria_backend,main,fix login module,pull_request,5,95,128,223,174,88,30,none,0,none,2,23,0,0,0,1,0,0,0,0,1,0,0,0,fix,login,0.3340,success
91c9112f,junior_juan,hotfix/urgente,rollback tests module,push,6,533,83,616,404,281,70,quality-and-testing,3,test,3,20,0,1,0,0,0,0,0,0,0,0,0,0,rollback,tests,0.7063,failure
4cfaff61,maria_backend,main,add security module,push,10,419,301,720,443,211,216,security-and-build,5,security,3,5,0,0,0,1,0,0,0,0,0,0,0,0,add,security,0.5545,failure
0cf149a3,maria_backend,feature/api,remove tests module,pull_request,13,189,320,509,587,180,326,none,0,none,6,13,1,0,1,0,0,0,0,0,0,0,0,0,remove,tests,0.0308,success
9694f7ad,maria_backend,feature/pagos,merge dashboard module,push,16,489,351,840,545,216,259,none,0,none,4,12,0,0,1,0,0,0,0,1,0,0,0,0,merge,dashboard,0.3336,success
57cd039b,maria_backend,hotfix/urgente,update login module,pull_request,11,64,332,396,323,69,222,quality-and-testing,3,runtime,6,20,1,1,0,0,0,0,0,0,1,0,0,0,update,login,0.7986,failure
a04346c2,anndrew492,main,update environment module,push,10,234,8,242,498,210,220,quality-and-testing,3,syntax,3,0,0,0,0,1,0,0,0,0,0,0,1,0,update,environment,0.7590,failure
6a0b993b,junior_juan,ci/cd-proyecto,rollback billing module,push,4,50,273,323,392,195,128,security-and-build,1,security,4,1,0,0,0,0,0,0,0,0,0,0,0,0,rollback,billing,0.4515,failure
2624cdd8,junior_juan,main,merge frontend module,pull_request,16,39,185,224,339,61,237,none,0,none,4,7,0,0,0,1,0,0,0,1,0,0,0,0,merge,frontend,0.1874,success
1a0204ac,carlos_dev,feature/api,rollback tests module,pull_request,11,223,297,520,482,299,107,none,0,none,6,13,1,0,1,0,0,0,0,0,0,0,0,0,rollback,tests,0.2133,success
4c31cee0,anndrew492,main,update database module,pull_request,11,352,114,466,333,173,129,none,0,none,4,18,0,0,0,1,0,1,0,0,0,0,0,0,update,database,0.2841,success
220be6e8,junior_juan,release/v1,remove environment module,pull_request,2,307,160,467,259,97,153,none,0,none,1,4,0,0,0,0,0,0,0,0,0,0,1,0,remove,environment,0.3679,success
23e27a9b,carlos_dev,hotfix/urgente,remove migration module,pull_request,18,64,294,358,522,233,243,quality-and-testing,5,database,1,16,0,1,0,0,0,0,0,0,0,0,0,1,remove,migration,0.7846,failure
0527d209,carlos_dev,feature/api,merge docker module,pull_request,15,605,165,770,518,278,200,security-and-build,5,docker,5,12,0,0,1,0,1,0,0,0,0,0,0,0,merge,docker,0.5797,failure
498f96de,anndrew492,ci/cd-proyecto,add auth module,push,15,574,121,695,410,231,89,security-and-build,1,security,7,7,1,0,0,0,0,0,0,0,1,0,0,0,add,auth,0.7778,failure
960217b5,junior_juan,feature/dashboard,remove migration module,push,17,401,62,463,443,225,206,quality-and-testing,4,database,5,20,0,0,1,0,0,0,0,0,0,0,0,1,remove,migration,0.5590,failure
f3fc5658,carlos_dev,feature/dashboard,add tests module,pull_request,3,600,175,775,387,218,149,none,0,none,5,1,0,0,1,0,0,0,0,0,0,0,0,0,add,tests,0.1640,success
a346bf8d,junior_juan,feature/dashboard,refactor environment module,push,10,553,43,596,411,203,182,none,0,none,4,22,0,0,1,0,0,0,0,0,0,0,1,0,refactor,environment,0.4457,success
45a48a2a,maria_backend,feature/pagos,rollback security module,push,3,178,205,383,414,140,204,none,0,none,1,2,0,0,1,0,0,0,0,0,0,0,0,0,rollback,security,0.3101,success
53a4216a,junior_juan,hotfix/urgente,fix api module,push,9,480,332,812,547,252,287,telemetry-dispatch,4,timeout,4,1,0,1,0,0,0,0,1,0,0,0,0,0,fix,api,0.9200,failure
b849dd5c,anndrew492,feature/pagos,merge security module,push,17,602,266,868,468,118,269,none,0,none,4,3,0,0,1,0,0,0,0,0,0,0,0,0,merge,security,0.4349,success
42de5352,maria_backend,feature/api,merge frontend module,pull_request,18,531,218,749,575,251,294,none,0,none,2,3,0,0,1,0,0,0,0,1,0,0,0,0,merge,frontend,0.3121,success
08184be5,carlos_dev,hotfix/urgente,remove migration module,push,20,642,238,880,578,309,200,quality-and-testing,5,database,3,15,0,1,0,0,0,0,0,0,0,0,0,1,remove,migration,0.9200,failure
d5a5e33e,carlos_dev,feature/pagos,fix billing module,pull_request,2,361,80,441,237,148,25,none,0,none,3,11,0,0,1,0,0,0,0,0,0,0,0,0,fix,billing,0.0300,success
d02c901b,junior_juan,feature/dashboard,rollback frontend module,pull_request,9,46,40,86,336,141,117,none,0,none,1,7,0,0,1,0,0,0,0,1,0,0,0,0,rollback,frontend,0.0300,success
25a01e40,junior_juan,feature/pagos,refactor billing module,push,15,468,164,632,596,252,280,none,0,none,3,7,0,0,1,0,0,0,0,0,0,0,0,0,refactor,billing,0.3799,success
08c52bfa,junior_juan,feature/pagos,refactor billing module,push,4,348,333,681,359,169,149,none,0,none,7,13,1,0,1,0,0,0,0,0,0,0,0,0,refactor,billing,0.3903,success
2633f416,maria_backend,release/v1,refactor migration module,pull_request,12,209,176,385,482,278,131,quality-and-testing,3,database,2,3,0,0,0,0,0,0,0,0,0,0,0,1,refactor,migration,0.4508,failure
c33dd9db,anndrew492,main,fix login module,pull_request,17,81,309,390,293,162,84,none,0,none,7,16,1,0,0,1,0,0,0,0,1,0,0,0,fix,login,0.4386,success
b2743cae,carlos_dev,ci/cd-proyecto,merge login module,pull_request,9,347,137,484,400,212,109,none,0,none,3,5,0,0,0,0,0,0,0,0,1,0,0,0,merge,login,0.2909,success
afbb17bd,junior_juan,feature/dashboard,update docker module,push,5,64,166,230,249,43,167,none,0,none,4,2,0,0,1,0,1,0,0,0,0,0,0,0,update,docker,0.3599,success
ae655967,anndrew492,release/v1,add billing module,push,7,583,92,675,330,193,106,none,0,none,4,11,0,0,0,0,0,0,0,0,0,0,0,0,add,billing,0.2485,success
252c9449,junior_juan,feature/api,refactor database module,push,19,38,169,207,493,289,164,none,0,none,2,17,0,0,1,0,0,1,0,0,0,0,0,0,refactor,database,0.3572,success
9e645c2a,carlos_dev,release/v1,update environment module,push,3,389,44,433,211,170,24,quality-and-testing,1,runtime,7,19,1,0,0,0,0,0,0,0,0,0,1,0,update,environment,0.4825,failure
fb232880,junior_juan,feature/dashboard,remove login module,push,8,5,192,197,205,90,76,none,0,none,4,17,0,0,1,0,0,0,0,0,1,0,0,0,remove,login,0.3831,success
eeb64717,carlos_dev,release/v1,merge api module,push,17,602,38,640,560,281,220,security-and-build,1,timeout,6,1,1,0,0,0,0,0,1,0,0,0,0,0,merge,api,0.7903,failure
32eac84e,junior_juan,hotfix/urgente,remove tests module,pull_request,11,421,100,521,376,235,134,quality-and-testing,1,test,7,20,1,1,0,0,0,0,0,0,0,0,0,0,remove,tests,0.5695,failure
9bda4a8f,maria_backend,main,merge database module,push,8,177,284,461,430,217,198,quality-and-testing,5,database,4,1,0,0,0,1,0,1,0,0,0,0,0,0,merge,database,0.8720,failure
bd844629,junior_juan,main,merge dashboard module,pull_request,7,306,139,445,413,195,129,none,0,none,6,20,1,0,0,1,0,0,0,1,0,0,0,0,merge,dashboard,0.2311,success
87f50543,carlos_dev,ci/cd-proyecto,remove login module,pull_request,16,284,346,630,430,241,101,security-and-build,4,security,1,11,0,0,0,0,0,0,0,0,1,0,0,0,remove,login,0.7243,failure
63f228b3,junior_juan,feature/dashboard,add login module,pull_request,9,457,256,713,474,186,210,quality-and-testing,1,env,6,9,1,0,1,0,0,0,0,0,1,0,0,0,add,login,0.5517,failure
e8598c18,junior_juan,main,refactor database module,push,15,600,114,714,594,313,263,quality-and-testing,3,database,1,16,0,0,0,1,0,1,0,0,0,0,0,0,refactor,database,0.9200,failure
fa5564e3,carlos_dev,hotfix/urgente,refactor database module,push,8,572,37,609,297,213,72,quality-and-testing,4,database,6,19,1,1,0,0,0,1,0,0,0,0,0,0,refactor,database,0.9200,failure
e34c6be2,anndrew492,hotfix/urgente,update api module,push,11,633,68,701,475,121,289,quality-and-testing,2,test,6,12,1,1,0,0,0,0,1,0,0,0,0,0,update,api,0.9200,failure
1b3fec04,anndrew492,feature/dashboard,update environment module,push,2,77,306,383,501,166,255,telemetry-dispatch,5,timeout,6,4,1,0,1,0,0,0,0,0,0,0,1,0,update,environment,0.4976,failure
233055b6,maria_backend,release/v1,merge login module,push,5,173,59,232,490,208,232,none,0,none,5,11,0,0,0,0,0,0,0,0,1,0,0,0,merge,login,0.3838,success
e80981a0,anndrew492,release/v1,rollback login module,pull_request,8,531,315,846,504,245,194,quality-and-testing,5,database,5,8,0,0,0,0,0,0,0,0,1,0,0,0,rollback,login,0.7724,failure
3a74e7e2,anndrew492,feature/dashboard,update login module,pull_request,7,334,209,543,439,146,261,none,0,none,1,20,0,0,1,0,0,0,0,0,1,0,0,0,update,login,0.2396,success
6317bd62,maria_backend,feature/dashboard,fix migration module,push,22,552,163,715,450,315,108,quality-and-testing,3,database,6,4,1,0,1,0,0,0,0,0,0,0,0,1,fix,migration,0.8948,failure
9cb9ef8b,carlos_dev,hotfix/urgente,refactor environment module,push,14,649,33,682,530,200,243,quality-and-testing,1,timeout,2,17,0,1,0,0,0,0,0,0,0,0,1,0,refactor,environment,0.9200,failure
79c3bd0c,junior_juan,feature/dashboard,add migration module,push,14,78,26,104,416,159,244,quality-and-testing,5,database,5,11,0,0,1,0,0,0,0,0,0,0,0,1,add,migration,0.4661,failure
7deed731,carlos_dev,main,rollback login module,pull_request,12,267,246,513,559,281,245,quality-and-testing,5,timeout,5,0,0,0,0,1,0,0,0,0,1,0,0,0,rollback,login,0.4937,failure
d5d37918,maria_backend,main,fix database module,pull_request,15,486,14,500,375,327,29,none,0,none,5,0,0,0,0,1,0,1,0,0,0,0,0,0,fix,database,0.4385,success
a39107a0,anndrew492,main,update security module,push,18,578,4,582,648,263,327,security-and-build,2,security,7,3,1,0,0,1,0,0,0,0,0,0,0,0,update,security,0.7071,failure
cb62fb7a,maria_backend,feature/api,merge database module,pull_request,10,18,158,176,373,144,216,none,0,none,4,3,0,0,1,0,0,1,0,0,0,0,0,0,merge,database,0.1819,success
a428a199,carlos_dev,ci/cd-proyecto,add dependencies module,pull_request,14,201,136,337,389,63,262,none,0,none,5,9,0,0,0,0,0,0,0,0,0,1,0,0,add,dependencies,0.3639,success
d9da756d,maria_backend,hotfix/urgente,rollback migration module,push,13,128,141,269,248,132,77,quality-and-testing,5,database,1,9,0,1,0,0,0,0,0,0,0,0,0,1,rollback,migration,0.6859,failure
c1005b79,carlos_dev,feature/api,fix tests module,push,6,348,290,638,394,217,102,none,0,none,3,21,0,0,1,0,0,0,0,0,0,0,0,0,fix,tests,0.2719,success
194fd203,carlos_dev,feature/dashboard,refactor security module,push,16,333,219,552,516,164,284,none,0,none,1,9,0,0,1,0,0,0,0,0,0,0,0,0,refactor,security,0.3916,success
bc5608c8,maria_backend,feature/api,rollback security module,pull_request,9,279,314,593,278,191,79,none,0,none,5,5,0,0,1,0,0,0,0,0,0,0,0,0,rollback,security,0.2205,success
e83e0e9a,junior_juan,ci/cd-proyecto,update security module,pull_request,14,561,134,695,428,149,258,none,0,none,1,20,0,0,0,0,0,0,0,0,0,0,0,0,update,security,0.3315,success
afbc51f7,maria_backend,main,rollback security module,pull_request,10,396,165,561,526,299,175,none,0,none,2,3,0,0,0,1,0,0,0,0,0,0,0,0,rollback,security,0.2345,success
51122c2d,junior_juan,release/v1,update migration module,push,6,522,68,590,416,256,95,quality-and-testing,4,database,4,13,0,0,0,0,0,0,0,0,0,0,0,1,update,migration,0.4522,failure
c9c48c6e,maria_backend,feature/api,merge dependencies module,push,23,349,35,384,567,201,330,security-and-build,5,dependency,6,22,1,0,1,0,0,0,0,0,0,1,0,0,merge,dependencies,0.8143,failure
2397e576,carlos_dev,feature/dashboard,add migration module,pull_request,21,240,215,455,409,202,179,quality-and-testing,1,database,3,21,0,0,1,0,0,0,0,0,0,0,0,1,add,migration,0.4791,failure
4b8c2943,maria_backend,hotfix/urgente,rollback dependencies module,push,10,274,26,300,391,151,192,security-and-build,4,dependency,3,1,0,1,0,0,0,0,0,0,0,1,0,0,rollback,dependencies,0.9200,failure
a6244b9c,carlos_dev,feature/dashboard,add database module,push,19,221,6,227,404,184,132,none,0,none,3,10,0,0,1,0,0,1,0,0,0,0,0,0,add,database,0.3695,success
6b60530d,anndrew492,release/v1,remove docker module,push,7,89,64,153,342,56,209,none,0,none,3,15,0,0,0,0,1,0,0,0,0,0,0,0,remove,docker,0.3734,success
84c34a93,anndrew492,ci/cd-proyecto,refactor api module,push,9,390,314,704,526,260,229,telemetry-dispatch,3,timeout,4,10,0,0,0,0,0,0,1,0,0,0,0,0,refactor,api,0.7088,failure
78556f2f,anndrew492,feature/pagos,refactor dependencies module,pull_request,19,85,223,308,308,112,186,none,0,none,6,12,1,0,1,0,0,0,0,0,0,1,0,0,refactor,dependencies,0.4222,success
3c24b981,carlos_dev,ci/cd-proyecto,merge auth module,push,13,259,17,276,267,191,37,none,0,none,2,21,0,0,0,0,0,0,0,0,1,0,0,0,merge,auth,0.3471,success
2b2b66de,junior_juan,release/v1,merge migration module,pull_request,16,503,350,853,412,249,80,quality-and-testing,4,database,6,22,1,0,0,0,0,0,0,0,0,0,0,1,merge,migration,0.7986,failure
5a2efc9a,carlos_dev,release/v1,refactor frontend module,pull_request,6,303,217,520,557,238,275,none,0,none,2,17,0,0,0,0,0,0,0,1,0,0,0,0,refactor,frontend,0.0758,success
c2fdf367,carlos_dev,feature/api,fix docker module,push,17,265,301,566,571,212,338,security-and-build,2,docker,7,19,1,0,1,0,1,0,0,0,0,0,0,0,fix,docker,0.6271,failure
16866d1c,anndrew492,feature/api,rollback login module,push,14,31,355,386,482,218,248,telemetry-dispatch,3,timeout,2,9,0,0,1,0,0,0,0,0,1,0,0,0,rollback,login,0.6223,failure
c3b4d62f,carlos_dev,release/v1,merge billing module,pull_request,1,451,187,638,377,173,174,none,0,none,1,19,0,0,0,0,0,0,0,0,0,0,0,0,merge,billing,0.0953,success
46e36127,junior_juan,ci/cd-proyecto,add database module,push,12,274,0,274,537,280,172,quality-and-testing,3,database,7,0,1,0,0,0,0,1,0,0,0,0,0,0,add,database,0.5964,failure
693027d8,anndrew492,hotfix/urgente,merge migration module,push,19,175,269,444,321,184,112,quality-and-testing,3,database,2,11,0,1,0,0,0,0,0,0,0,0,0,1,merge,migration,0.9180,failure
2ec3f402,maria_backend,feature/pagos,fix security module,pull_request,1,403,262,665,364,187,151,none,0,none,3,5,0,0,1,0,0,0,0,0,0,0,0,0,fix,security,0.1411,success
b54ef3e5,junior_juan,feature/pagos,refactor login module,pull_request,6,53,305,358,295,95,172,none,0,none,3,17,0,0,1,0,0,0,0,0,1,0,0,0,refactor,login,0.2908,success
57887198,anndrew492,release/v1,rollback docker module,push,2,626,214,840,511,295,176,security-and-build,3,docker,7,20,1,0,0,0,1,0,0,0,0,0,0,0,rollback,docker,0.9200,failure
2f73479b,junior_juan,feature/api,fix auth module,push,11,391,114,505,542,327,150,none,0,none,6,6,1,0,1,0,0,0,0,0,1,0,0,0,fix,auth,0.3588,success
1edcf0cc,maria_backend,main,rollback dashboard module,pull_request,17,27,175,202,253,97,145,none,0,none,7,23,1,0,0,1,0,0,0,1,0,0,0,0,rollback,dashboard,0.3618,success
02bede66,junior_juan,main,fix tests module,pull_request,2,334,157,491,420,125,237,none,0,none,2,5,0,0,0,1,0,0,0,0,0,0,0,0,fix,tests,0.1069,success
61bc16fb,maria_backend,feature/pagos,rollback api module,pull_request,6,447,339,786,426,210,192,telemetry-dispatch,5,timeout,4,11,0,0,1,0,0,0,1,0,0,0,0,0,rollback,api,0.6126,failure
dfdabd79,maria_backend,feature/pagos,refactor dependencies module,pull_request,13,408,62,470,180,44,105,none,0,none,3,20,0,0,1,0,0,0,0,0,0,1,0,0,refactor,dependencies,0.3226,success
f4157094,maria_backend,ci/cd-proyecto,refactor migration module,push,12,352,205,557,677,289,302,quality-and-testing,2,database,4,22,0,0,0,0,0,0,0,0,0,0,0,1,refactor,migration,0.6884,failure
f92b7ba5,anndrew492,ci/cd-proyecto,fix login module,push,14,88,310,398,158,17,96,security-and-build,4,dependency,6,7,1,0,0,0,0,0,0,0,1,0,0,0,fix,login,0.4720,failure
b310e17c,maria_backend,feature/pagos,remove frontend module,push,17,13,66,79,247,159,33,none,0,none,5,19,0,0,1,0,0,0,0,1,0,0,0,0,remove,frontend,0.0640,success
0777969a,anndrew492,feature/pagos,refactor environment module,pull_request,16,162,199,361,335,40,245,none,0,none,3,13,0,0,1,0,0,0,0,0,0,0,1,0,refactor,environment,0.3925,success
694d2fba,maria_backend,feature/api,add auth module,push,3,336,320,656,328,169,142,quality-and-testing,2,env,5,14,0,0,1,0,0,0,0,0,1,0,0,0,add,auth,0.6052,failure
f314c93a,carlos_dev,feature/pagos,add environment module,pull_request,2,192,245,437,263,40,180,quality-and-testing,3,database,7,3,1,0,1,0,0,0,0,0,0,0,1,0,add,environment,0.4828,failure
7b5153c2,anndrew492,feature/api,refactor frontend module,pull_request,8,95,271,366,293,167,118,none,0,none,7,3,1,0,1,0,0,0,0,1,0,0,0,0,refactor,frontend,0.1552,success
ff507aee,carlos_dev,ci/cd-proyecto,fix migration module,push,15,639,241,880,500,358,94,quality-and-testing,5,database,7,22,1,0,0,0,0,0,0,0,0,0,0,1,fix,migration,0.9200,failure
f401fce0,junior_juan,feature/pagos,merge database module,push,22,135,57,192,348,148,179,none,0,none,1,8,0,0,1,0,0,1,0,0,0,0,0,0,merge,database,0.3289,success
995d6924,carlos_dev,ci/cd-proyecto,update auth module,pull_request,12,632,25,657,354,153,190,security-and-build,5,timeout,1,9,0,0,0,0,0,0,0,0,1,0,0,0,update,auth,0.6108,failure
7c86e023,junior_juan,feature/pagos,merge api module,push,13,636,226,862,427,232,131,security-and-build,5,docker,2,22,0,0,1,0,0,0,1,0,0,0,0,0,merge,api,0.5920,failure
5b56737d,junior_juan,feature/pagos,add frontend module,pull_request,16,630,33,663,536,180,281,none,0,none,7,14,1,0,1,0,0,0,0,1,0,0,0,0,add,frontend,0.2521,success
b4b72d26,carlos_dev,feature/api,merge dependencies module,pull_request,9,588,52,640,565,141,380,security-and-build,3,dependency,1,6,0,0,1,0,0,0,0,0,0,1,0,0,merge,dependencies,0.4894,failure
b45c88b7,maria_backend,ci/cd-proyecto,rollback api module,pull_request,14,386,346,732,349,186,90,quality-and-testing,2,timeout,2,4,0,0,0,0,0,0,1,0,0,0,0,0,rollback,api,0.7436,failure
1aee8a34,maria_backend,release/v1,refactor database module,push,3,212,53,265,359,172,166,none,0,none,1,7,0,0,0,0,0,1,0,0,0,0,0,0,refactor,database,0.2750,success
19be3d6e,carlos_dev,feature/dashboard,merge docker module,pull_request,11,484,125,609,676,273,350,security-and-build,4,docker,3,22,0,0,1,0,1,0,0,0,0,0,0,0,merge,docker,0.5948,failure
8caccb1f,anndrew492,feature/dashboard,rollback database module,pull_request,8,355,269,624,555,266,249,quality-and-testing,1,database,7,11,1,0,1,0,0,1,0,0,0,0,0,0,rollback,database,0.6396,failure
971a0604,carlos_dev,hotfix/urgente,rollback billing module,push,12,345,134,479,318,123,186,quality-and-testing,3,syntax,7,1,1,1,0,0,0,0,0,0,0,0,0,0,rollback,billing,0.9017,failure
3a92be42,junior_juan,feature/pagos,refactor auth module,pull_request,1,645,111,756,576,165,351,telemetry-dispatch,5,timeout,5,21,0,0,1,0,0,0,0,0,1,0,0,0,refactor,auth,0.5033,failure
a2e49e1e,junior_juan,feature/api,rollback login module,pull_request,1,496,287,783,358,133,215,telemetry-dispatch,2,env,3,5,0,0,1,0,0,0,0,0,1,0,0,0,rollback,login,0.6803,failure
a75d627e,junior_juan,hotfix/urgente,rollback frontend module,pull_request,4,492,273,765,439,162,238,security-and-build,3,security,6,15,1,1,0,0,0,0,0,1,0,0,0,0,rollback,frontend,0.7356,failure
8ddfc910,anndrew492,hotfix/urgente,rollback billing module,pull_request,10,275,326,601,465,273,163,quality-and-testing,5,syntax,1,19,0,1,0,0,0,0,0,0,0,0,0,0,rollback,billing,0.7643,failure
f1963db6,carlos_dev,hotfix/urgente,fix frontend module,push,14,197,4,201,266,93,141,security-and-build,3,security,7,7,1,1,0,0,0,0,0,1,0,0,0,0,fix,frontend,0.5468,failure
2b5616ae,maria_backend,main,fix frontend module,push,21,361,35,396,310,48,205,security-and-build,2,dependency,7,3,1,0,0,1,0,0,0,1,0,0,0,0,fix,frontend,0.6536,failure
003307b5,anndrew492,main,merge login module,pull_request,16,225,31,256,305,97,120,security-and-build,3,security,7,3,1,0,0,1,0,0,0,0,1,0,0,0,merge,login,0.4977,failure
c5cb13dd,junior_juan,feature/dashboard,remove dashboard module,push,15,143,131,274,254,32,171,none,0,none,3,17,0,0,1,0,0,0,0,1,0,0,0,0,remove,dashboard,0.2760,success
4d35eb11,anndrew492,ci/cd-proyecto,rollback security module,pull_request,9,64,4,68,141,54,53,none,0,none,1,20,0,0,0,0,0,0,0,0,0,0,0,0,rollback,security,0.1365,success
133b2337,maria_backend,hotfix/urgente,rollback security module,pull_request,9,90,195,285,309,44,213,security-and-build,5,security,6,8,1,1,0,0,0,0,0,0,0,0,0,0,rollback,security,0.5175,failure
5b90880b,carlos_dev,ci/cd-proyecto,add auth module,push,4,528,37,565,439,119,302,none,0,none,7,15,1,0,0,0,0,0,0,0,1,0,0,0,add,auth,0.3732,success
d9bab122,anndrew492,feature/pagos,update login module,push,6,232,216,448,429,122,256,none,0,none,3,16,0,0,1,0,0,0,0,0,1,0,0,0,update,login,0.3241,success
c59f62e7,carlos_dev,main,rollback security module,pull_request,14,99,285,384,269,119,140,none,0,none,4,8,0,0,0,1,0,0,0,0,0,0,0,0,rollback,security,0.2265,success
c9eb91e4,anndrew492,main,remove dependencies module,push,7,533,104,637,552,199,305,security-and-build,5,dependency,4,22,0,0,0,1,0,0,0,0,0,1,0,0,remove,dependencies,0.9200,failure
dc5cfda0,anndrew492,hotfix/urgente,remove dashboard module,pull_request,5,66,288,354,477,208,188,security-and-build,2,docker,7,9,1,1,0,0,0,0,0,1,0,0,0,0,remove,dashboard,0.4968,failure
154c7601,carlos_dev,main,rollback api module,pull_request,4,23,136,159,252,43,157,none,0,none,2,10,0,0,0,1,0,0,1,0,0,0,0,0,rollback,api,0.3902,success
ae03f2ce,anndrew492,feature/dashboard,rollback dependencies module,push,11,637,209,846,582,145,432,security-and-build,1,dependency,2,1,0,0,1,0,0,0,0,0,0,1,0,0,rollback,dependencies,0.8802,failure
e4313abe,anndrew492,release/v1,rollback api module,pull_request,14,487,237,724,369,95,213,security-and-build,4,env,3,2,0,0,0,0,0,0,1,0,0,0,0,0,rollback,api,0.8023,failure
525c6030,carlos_dev,feature/api,fix dashboard module,push,8,16,333,349,313,98,185,none,0,none,4,8,0,0,1,0,0,0,0,1,0,0,0,0,fix,dashboard,0.1779,success
ab07c83a,maria_backend,ci/cd-proyecto,fix dashboard module,pull_request,8,587,158,745,377,130,201,none,0,none,7,13,1,0,0,0,0,0,0,1,0,0,0,0,fix,dashboard,0.2357,success
e34fca34,junior_juan,hotfix/urgente,update frontend module,push,24,95,132,227,230,24,161,security-and-build,5,dependency,6,13,1,1,0,0,0,0,0,1,0,0,0,0,update,frontend,0.4835,failure
324a4cf4,carlos_dev,feature/pagos,fix migration module,push,20,167,267,434,449,253,189,quality-and-testing,2,database,3,8,0,0,1,0,0,0,0,0,0,0,0,1,fix,migration,0.5881,failure
dfd3c01d,junior_juan,feature/api,fix migration module,pull_request,12,163,37,200,281,120,141,none,0,none,1,10,0,0,1,0,0,0,0,0,0,0,0,1,fix,migration,0.3360,success
ebd3c20c,maria_backend,ci/cd-proyecto,add database module,push,21,559,93,652,603,333,245,quality-and-testing,3,database,2,22,0,0,0,0,0,1,0,0,0,0,0,0,add,database,0.7183,failure
5fd83cd7,maria_backend,feature/api,rollback auth module,push,2,129,48,177,221,89,57,telemetry-dispatch,3,env,4,5,0,0,1,0,0,0,0,0,1,0,0,0,rollback,auth,0.5014,failure
4cd80df1,anndrew492,feature/api,remove migration module,pull_request,19,82,105,187,337,135,136,none,0,none,4,12,0,0,1,0,0,0,0,0,0,0,0,1,remove,migration,0.3155,success
d3475980,anndrew492,feature/pagos,rollback tests module,pull_request,14,307,129,436,312,128,142,none,0,none,4,19,0,0,1,0,0,0,0,0,0,0,0,0,rollback,tests,0.2675,success
8a971a2a,maria_backend,feature/api,remove auth module,push,4,214,49,263,220,162,36,security-and-build,3,dependency,6,3,1,0,1,0,0,0,0,0,1,0,0,0,remove,auth,0.5390,failure
000af4b3,carlos_dev,release/v1,fix database module,push,22,606,354,960,700,315,296,quality-and-testing,1,database,6,7,1,0,0,0,0,1,0,0,0,0,0,0,fix,database,0.8380,failure
fdbd9aee,carlos_dev,feature/dashboard,fix dashboard module,pull_request,13,394,53,447,251,115,67,none,0,none,2,3,0,0,1,0,0,0,0,1,0,0,0,0,fix,dashboard,0.0300,success
58d2274a,junior_juan,release/v1,add database module,push,20,497,105,602,443,216,153,quality-and-testing,2,database,6,21,1,0,0,0,0,1,0,0,0,0,0,0,add,database,0.8326,failure
9f322c74,carlos_dev,release/v1,fix login module,pull_request,14,427,307,734,559,251,229,security-and-build,4,timeout,5,7,0,0,0,0,0,0,0,0,1,0,0,0,fix,login,0.6547,failure
0458e387,maria_backend,feature/api,fix dependencies module,pull_request,5,586,321,907,654,266,301,security-and-build,5,dependency,3,23,0,0,1,0,0,0,0,0,0,1,0,0,fix,dependencies,0.6937,failure
7ce747cf,anndrew492,feature/api,rollback dashboard module,pull_request,12,489,350,839,411,189,177,none,0,none,2,2,0,0,1,0,0,0,0,1,0,0,0,0,rollback,dashboard,0.3282,success
60d7bc30,carlos_dev,feature/pagos,merge docker module,pull_request,17,104,312,416,591,124,386,none,0,none,2,15,0,0,1,0,1,0,0,0,0,0,0,0,merge,docker,0.3156,success
08015c28,anndrew492,feature/dashboard,add auth module,pull_request,4,61,244,305,229,43,111,none,0,none,3,13,0,0,1,0,0,0,0,0,1,0,0,0,add,auth,0.1577,success
5e46ae6d,junior_juan,feature/dashboard,rollback login module,pull_request,6,22,102,124,309,51,211,none,0,none,4,4,0,0,1,0,0,0,0,0,1,0,0,0,rollback,login,0.3082,success
ca530338,maria_backend,feature/pagos,rollback environment module,pull_request,4,48,240,288,159,86,32,none,0,none,5,17,0,0,1,0,0,0,0,0,0,0,1,0,rollback,environment,0.3091,success
9611fc04,maria_backend,hotfix/urgente,fix dependencies module,push,17,290,204,494,420,25,313,security-and-build,2,dependency,4,4,0,1,0,0,0,0,0,0,0,1,0,0,fix,dependencies,0.9200,failure
89f061ab,carlos_dev,feature/dashboard,merge docker module,pull_request,14,588,145,733,530,138,336,security-and-build,4,docker,4,14,0,0,1,0,1,0,0,0,0,0,0,0,merge,docker,0.5154,failure
7dd2eac4,junior_juan,release/v1,rollback security module,push,18,178,181,359,192,31,73,security-and-build,2,security,7,8,1,0,0,0,0,0,0,0,0,0,0,0,rollback,security,0.5017,failure
dc1b7c50,anndrew492,release/v1,rollback auth module,push,7,412,81,493,283,109,146,quality-and-testing,4,test,1,9,0,0,0,0,0,0,0,0,1,0,0,0,rollback,auth,0.5110,failure
7d550db9,anndrew492,feature/pagos,fix environment module,pull_request,1,162,31,193,400,202,172,none,0,none,2,23,0,0,1,0,0,0,0,0,0,0,1,0,fix,environment,0.2842,success
946c526a,carlos_dev,feature/api,refactor security module,pull_request,18,433,206,639,382,168,170,none,0,none,4,18,0,0,1,0,0,0,0,0,0,0,0,0,refactor,security,0.1864,success
465f835e,junior_juan,hotfix/urgente,remove billing module,push,17,443,303,746,471,251,147,quality-and-testing,5,database,7,8,1,1,0,0,0,0,0,0,0,0,0,0,remove,billing,0.6990,failure
e64ddc68,junior_juan,ci/cd-proyecto,merge dependencies module,push,13,650,167,817,507,235,254,security-and-build,1,dependency,5,4,0,0,0,0,0,0,0,0,0,1,0,0,merge,dependencies,0.7704,failure
0162f942,carlos_dev,ci/cd-proyecto,fix login module,push,3,279,198,477,166,24,99,none,0,none,4,10,0,0,0,0,0,0,0,0,1,0,0,0,fix,login,0.3468,success
9813b4fe,junior_juan,feature/dashboard,remove frontend module,pull_request,5,571,34,605,444,316,120,none,0,none,4,0,0,0,1,0,0,0,0,1,0,0,0,0,remove,frontend,0.1746,success
07fbeb3d,carlos_dev,hotfix/urgente,rollback dashboard module,push,9,162,156,318,202,74,60,security-and-build,2,dependency,4,1,0,1,0,0,0,0,0,1,0,0,0,0,rollback,dashboard,0.7619,failure
ca6568ab,carlos_dev,main,fix auth module,push,1,383,256,639,425,281,84,security-and-build,4,security,4,0,0,0,0,1,0,0,0,0,1,0,0,0,fix,auth,0.9200,failure
cf008005,carlos_dev,ci/cd-proyecto,rollback frontend module,pull_request,1,347,91,438,258,178,26,none,0,none,4,12,0,0,0,0,0,0,0,1,0,0,0,0,rollback,frontend,0.1649,success
09722c18,junior_juan,ci/cd-proyecto,refactor database module,push,20,408,247,655,568,251,261,quality-and-testing,5,database,2,21,0,0,0,0,0,1,0,0,0,0,0,0,refactor,database,0.7811,failure
fd1da076,junior_juan,hotfix/urgente,merge login module,push,14,360,141,501,387,144,168,security-and-build,5,env,5,13,0,1,0,0,0,0,0,0,1,0,0,0,merge,login,0.8665,failure
ba60b29c,junior_juan,feature/api,merge migration module,push,22,645,62,707,395,264,85,quality-and-testing,1,database,7,10,1,0,1,0,0,0,0,0,0,0,0,1,merge,migration,0.7345,failure
5e96d233,junior_juan,feature/api,rollback migration module,push,14,544,350,894,428,287,102,quality-and-testing,5,database,6,7,1,0,1,0,0,0,0,0,0,0,0,1,rollback,migration,0.9200,failure
13689fef,maria_backend,feature/api,fix api module,pull_request,11,619,45,664,420,162,168,quality-and-testing,4,timeout,6,17,1,0,1,0,0,0,1,0,0,0,0,0,fix,api,0.5225,failure
f285df7e,maria_backend,main,remove api module,push,7,10,325,335,173,92,34,security-and-build,2,env,2,14,0,0,0,1,0,0,1,0,0,0,0,0,remove,api,0.6495,failure
ff4ba43d,carlos_dev,release/v1,merge auth module,pull_request,18,430,62,492,185,85,40,none,0,none,1,4,0,0,0,0,0,0,0,0,1,0,0,0,merge,auth,0.4403,success
f6db0ff6,maria_backend,hotfix/urgente,refactor frontend module,pull_request,11,66,158,224,387,91,223,none,0,none,2,0,0,1,0,0,0,0,0,1,0,0,0,0,refactor,frontend,0.3863,success
bc82276a,anndrew492,feature/dashboard,update api module,push,10,526,99,625,319,152,138,quality-and-testing,5,syntax,6,19,1,0,1,0,0,0,1,0,0,0,0,0,update,api,0.5710,failure
1af654a1,junior_juan,ci/cd-proyecto,fix migration module,pull_request,3,482,126,608,394,223,99,quality-and-testing,5,database,1,19,0,0,0,0,0,0,0,0,0,0,0,1,fix,migration,0.4921,failure
d86906fc,anndrew492,ci/cd-proyecto,merge login module,push,13,71,131,202,338,198,96,none,0,none,4,11,0,0,0,0,0,0,0,0,1,0,0,0,merge,login,0.3917,success
394725f7,anndrew492,release/v1,fix frontend module,push,10,593,230,823,369,71,238,none,0,none,1,19,0,0,0,0,0,0,0,1,0,0,0,0,fix,frontend,0.3957,success
453de348,anndrew492,main,merge billing module,push,8,50,99,149,430,179,211,quality-and-testing,4,runtime,7,23,1,0,0,1,0,0,0,0,0,0,0,0,merge,billing,0.5185,failure
7164061a,junior_juan,ci/cd-proyecto,update frontend module,pull_request,11,58,7,65,324,15,238,none,0,none,3,18,0,0,0,0,0,0,0,1,0,0,0,0,update,frontend,0.0300,success
9a87e95d,anndrew492,feature/pagos,remove database module,pull_request,19,181,197,378,352,204,114,quality-and-testing,2,database,7,12,1,0,1,0,0,1,0,0,0,0,0,0,remove,database,0.5547,failure
70ae6b36,carlos_dev,main,update environment module,pull_request,7,615,68,683,453,293,141,security-and-build,2,docker,2,7,0,0,0,1,0,0,0,0,0,0,1,0,update,environment,0.5781,failure
5afc4561,maria_backend,feature/pagos,add billing module,pull_request,10,354,179,533,335,187,91,none,0,none,3,14,0,0,1,0,0,0,0,0,0,0,0,0,add,billing,0.0442,success
0850ea44,junior_juan,hotfix/urgente,add database module,push,15,179,116,295,353,241,84,quality-and-testing,1,database,2,12,0,1,0,0,0,1,0,0,0,0,0,0,add,database,0.6563,failure
664d2469,junior_juan,feature/pagos,remove dependencies module,push,20,307,254,561,537,144,378,security-and-build,4,dependency,6,0,1,0,1,0,0,0,0,0,0,1,0,0,remove,dependencies,0.8007,failure
7aa5a029,maria_backend,ci/cd-proyecto,update database module,push,15,642,255,897,543,143,330,quality-and-testing,5,database,7,14,1,0,0,0,0,1,0,0,0,0,0,0,update,database,0.8789,failure
c5508fb3,maria_backend,feature/api,merge login module,pull_request,14,414,341,755,577,225,300,quality-and-testing,5,timeout,2,17,0,0,1,0,0,0,0,0,1,0,0,0,merge,login,0.5375,failure
14d96956,anndrew492,main,merge migration module,pull_request,18,612,211,823,539,205,261,quality-and-testing,4,database,6,3,1,0,0,1,0,0,0,0,0,0,0,1,merge,migration,0.9200,failure
82e336a6,anndrew492,release/v1,update environment module,push,15,162,22,184,167,23,64,security-and-build,2,security,6,17,1,0,0,0,0,0,0,0,0,0,1,0,update,environment,0.4793,failure
ffe9e0d3,anndrew492,feature/api,merge migration module,pull_request,12,622,312,934,582,165,356,quality-and-testing,2,database,7,2,1,0,1,0,0,0,0,0,0,0,0,1,merge,migration,0.8426,failure
a6142bb6,junior_juan,ci/cd-proyecto,merge dashboard module,pull_request,15,179,310,489,229,79,76,none,0,none,5,1,0,0,0,0,0,0,0,1,0,0,0,0,merge,dashboard,0.1235,success
9f23d708,junior_juan,release/v1,remove migration module,pull_request,10,579,63,642,626,313,243,quality-and-testing,5,database,4,12,0,0,0,0,0,0,0,0,0,0,0,1,remove,migration,0.7303,failure
c5e2f270,carlos_dev,main,add security module,push,16,133,298,431,483,193,200,security-and-build,3,security,4,2,0,0,0,1,0,0,0,0,0,0,0,0,add,security,0.5828,failure
e9788f67,junior_juan,hotfix/urgente,merge auth module,push,19,436,89,525,363,152,156,quality-and-testing,4,syntax,3,1,0,1,0,0,0,0,0,0,1,0,0,0,merge,auth,0.7550,failure
8c1b1d41,carlos_dev,hotfix/urgente,update api module,push,13,120,132,252,263,133,70,none,0,none,2,7,0,1,0,0,0,0,1,0,0,0,0,0,update,api,0.4359,success
c8695f5a,maria_backend,hotfix/urgente,rollback login module,push,7,601,250,851,452,120,325,quality-and-testing,4,syntax,5,18,0,1,0,0,0,0,0,0,1,0,0,0,rollback,login,0.9200,failure
59fe063b,junior_juan,feature/api,fix tests module,pull_request,11,177,35,212,265,97,93,none,0,none,5,1,0,0,1,0,0,0,0,0,0,0,0,0,fix,tests,0.0300,success
51dda780,carlos_dev,hotfix/urgente,rollback dependencies module,pull_request,13,21,15,36,187,29,144,security-and-build,2,dependency,6,21,1,1,0,0,0,0,0,0,0,1,0,0,rollback,dependencies,0.7280,failure
61996ed3,carlos_dev,feature/api,remove security module,push,13,543,43,586,477,113,303,none,0,none,2,2,0,0,1,0,0,0,0,0,0,0,0,0,remove,security,0.2908,success
fcdf5b99,junior_juan,main,rollback dependencies module,pull_request,10,254,103,357,485,206,271,security-and-build,2,dependency,7,19,1,0,0,1,0,0,0,0,0,1,0,0,rollback,dependencies,0.5585,failure
c824e4aa,maria_backend,release/v1,update frontend module,push,19,497,128,625,377,164,137,security-and-build,5,docker,6,10,1,0,0,0,0,0,0,1,0,0,0,0,update,frontend,0.4796,failure
835cf36f,anndrew492,hotfix/urgente,merge dependencies module,pull_request,22,567,94,661,408,168,230,security-and-build,5,dependency,3,21,0,1,0,0,0,0,0,0,0,1,0,0,merge,dependencies,0.9200,failure
ce6b330a,junior_juan,hotfix/urgente,merge api module,push,13,171,116,287,340,59,209,quality-and-testing,2,database,5,20,0,1,0,0,0,0,1,0,0,0,0,0,merge,api,0.4856,failure
1b37e4ac,carlos_dev,ci/cd-proyecto,remove dashboard module,pull_request,11,49,163,212,231,53,89,none,0,none,4,7,0,0,0,0,0,0,0,1,0,0,0,0,remove,dashboard,0.0300,success
57584104,junior_juan,feature/api,refactor docker module,push,8,405,183,588,497,200,286,security-and-build,5,docker,1,3,0,0,1,0,1,0,0,0,0,0,0,0,refactor,docker,0.5847,failure
ef3bd746,anndrew492,main,merge dependencies module,push,5,602,165,767,605,236,297,security-and-build,4,dependency,3,1,0,0,0,1,0,0,0,0,0,1,0,0,merge,dependencies,0.9200,failure
9a190a44,maria_backend,feature/dashboard,refactor dashboard module,pull_request,11,62,145,207,484,189,205,none,0,none,4,13,0,0,1,0,0,0,0,1,0,0,0,0,refactor,dashboard,0.0300,success
decb3f57,carlos_dev,feature/pagos,fix environment module,pull_request,5,442,26,468,194,26,103,none,0,none,3,8,0,0,1,0,0,0,0,0,0,0,1,0,fix,environment,0.2039,success
d389bb2e,anndrew492,hotfix/urgente,refactor dashboard module,pull_request,14,556,253,809,583,249,292,telemetry-dispatch,1,timeout,6,18,1,1,0,0,0,0,0,1,0,0,0,0,refactor,dashboard,0.8107,failure
119dba39,carlos_dev,hotfix/urgente,refactor frontend module,push,14,422,202,624,325,152,158,quality-and-testing,1,syntax,5,6,0,1,0,0,0,0,0,1,0,0,0,0,refactor,frontend,0.8276,failure
1dc105bf,anndrew492,feature/api,fix tests module,push,17,559,44,603,384,149,173,none,0,none,1,15,0,0,1,0,0,0,0,0,0,0,0,0,fix,tests,0.3002,success
def92fa5,junior_juan,ci/cd-proyecto,remove dashboard module,pull_request,17,225,260,485,420,216,175,none,0,none,7,18,1,0,0,0,0,0,0,1,0,0,0,0,remove,dashboard,0.1128,success
18dcb1b7,maria_backend,feature/dashboard,remove environment module,pull_request,2,54,190,244,515,220,236,none,0,none,6,12,1,0,1,0,0,0,0,0,0,0,1,0,remove,environment,0.2231,success
917246ae,carlos_dev,feature/api,rollback api module,pull_request,8,641,21,662,343,196,84,security-and-build,5,docker,1,4,0,0,1,0,0,0,1,0,0,0,0,0,rollback,api,0.6910,failure
8d228009,maria_backend,feature/pagos,merge auth module,pull_request,15,120,265,385,311,138,147,none,0,none,6,13,1,0,1,0,0,0,0,0,1,0,0,0,merge,auth,0.4238,success
fc3fbbc0,maria_backend,main,remove database module,pull_request,21,516,164,680,622,239,312,quality-and-testing,3,database,6,2,1,0,0,1,0,1,0,0,0,0,0,0,remove,database,0.9200,failure
3fb1aa9d,maria_backend,ci/cd-proyecto,merge database module,pull_request,9,422,107,529,578,310,238,none,0,none,3,11,0,0,0,0,0,1,0,0,0,0,0,0,merge,database,0.4177,success
ce2afa1b,junior_juan,hotfix/urgente,rollback api module,push,8,272,238,510,492,182,224,quality-and-testing,3,database,1,5,0,1,0,0,0,0,1,0,0,0,0,0,rollback,api,0.8055,failure
d875ca53,junior_juan,feature/pagos,refactor auth module,push,17,601,50,651,507,126,296,quality-and-testing,3,runtime,2,1,0,0,1,0,0,0,0,0,1,0,0,0,refactor,auth,0.8133,failure
6b8d7efb,junior_juan,feature/api,refactor tests module,pull_request,8,422,67,489,434,203,158,none,0,none,3,10,0,0,1,0,0,0,0,0,0,0,0,0,refactor,tests,0.0300,success
e613f6ab,maria_backend,feature/pagos,update dashboard module,pull_request,18,278,108,386,424,178,157,none,0,none,7,2,1,0,1,0,0,0,0,1,0,0,0,0,update,dashboard,0.2500,success
418c4798,maria_backend,feature/api,fix auth module,pull_request,15,6,36,42,284,86,130,none,0,none,5,20,0,0,1,0,0,0,0,0,1,0,0,0,fix,auth,0.2504,success
49c203dc,junior_juan,feature/dashboard,refactor frontend module,pull_request,18,162,111,273,280,206,25,none,0,none,5,5,0,0,1,0,0,0,0,1,0,0,0,0,refactor,frontend,0.0300,success
3398b477,maria_backend,ci/cd-proyecto,rollback migration module,pull_request,7,224,183,407,408,120,240,quality-and-testing,4,database,6,16,1,0,0,0,0,0,0,0,0,0,0,1,rollback,migration,0.4977,failure
b58e2b9f,junior_juan,feature/dashboard,merge frontend module,push,3,52,344,396,290,57,202,none,0,none,5,15,0,0,1,0,0,0,0,1,0,0,0,0,merge,frontend,0.1316,success
107fff2c,anndrew492,feature/dashboard,remove dashboard module,push,8,530,139,669,587,325,193,none,0,none,6,9,1,0,1,0,0,0,0,1,0,0,0,0,remove,dashboard,0.3679,success
fff768b4,junior_juan,release/v1,rollback auth module,push,2,212,30,242,238,191,30,none,0,none,3,11,0,0,0,0,0,0,0,0,1,0,0,0,rollback,auth,0.3835,success
b39798b8,maria_backend,main,refactor database module,push,11,273,77,350,536,216,234,quality-and-testing,3,database,4,4,0,0,0,1,0,1,0,0,0,0,0,0,refactor,database,0.7501,failure
c866f708,junior_juan,feature/pagos,rollback dependencies module,pull_request,5,195,183,378,290,109,143,security-and-build,5,dependency,5,2,0,0,1,0,0,0,0,0,0,1,0,0,rollback,dependencies,0.5587,failure
87984bf8,anndrew492,hotfix/urgente,remove environment module,push,16,299,226,525,503,185,246,quality-and-testing,1,database,7,17,1,1,0,0,0,0,0,0,0,0,1,0,remove,environment,0.8994,failure
e4872156,anndrew492,hotfix/urgente,update billing module,pull_request,18,460,130,590,622,248,318,quality-and-testing,1,timeout,2,7,0,1,0,0,0,0,0,0,0,0,0,0,update,billing,0.5952,failure
12eddae3,carlos_dev,hotfix/urgente,update tests module,pull_request,6,568,200,768,411,122,256,quality-and-testing,5,test,1,17,0,1,0,0,0,0,0,0,0,0,0,0,update,tests,0.5084,failure
466d6160,anndrew492,feature/dashboard,remove dependencies module,pull_request,10,78,182,260,227,17,174,none,0,none,5,8,0,0,1,0,0,0,0,0,0,1,0,0,remove,dependencies,0.3578,success
e367a96f,junior_juan,hotfix/urgente,add dependencies module,pull_request,22,67,270,337,545,147,338,security-and-build,1,dependency,7,19,1,1,0,0,0,0,0,0,0,1,0,0,add,dependencies,0.8002,failure
8cf61a53,maria_backend,feature/pagos,refactor migration module,pull_request,8,357,295,652,478,220,208,quality-and-testing,4,database,4,18,0,0,1,0,0,0,0,0,0,0,0,1,refactor,migration,0.5409,failure
76744a33,anndrew492,release/v1,refactor api module,pull_request,15,501,13,514,535,292,204,none,0,none,5,15,0,0,0,0,0,0,1,0,0,0,0,0,refactor,api,0.3855,success
5217a551,carlos_dev,feature/api,merge dependencies module,pull_request,4,269,74,343,452,220,209,none,0,none,6,17,1,0,1,0,0,0,0,0,0,1,0,0,merge,dependencies,0.4140,success
650cde82,maria_backend,ci/cd-proyecto,update migration module,pull_request,9,136,160,296,534,269,205,none,0,none,6,8,1,0,0,0,0,0,0,0,0,0,0,1,update,migration,0.2706,success
c81601fe,anndrew492,feature/api,add tests module,pull_request,9,64,332,396,307,126,112,none,0,none,1,2,0,0,1,0,0,0,0,0,0,0,0,0,add,tests,0.0300,success
1da9fb61,carlos_dev,hotfix/urgente,update dependencies module,push,22,494,162,656,513,158,269,security-and-build,5,dependency,3,22,0,1,0,0,0,0,0,0,0,1,0,0,update,dependencies,0.9200,failure
36766dc7,anndrew492,ci/cd-proyecto,fix frontend module,pull_request,18,522,239,761,307,109,187,none,0,none,7,13,1,0,0,0,0,0,0,1,0,0,0,0,fix,frontend,0.3289,success
518190f4,junior_juan,ci/cd-proyecto,merge docker module,pull_request,18,40,186,226,419,123,217,security-and-build,3,docker,3,20,0,0,0,0,1,0,0,0,0,0,0,0,merge,docker,0.4799,failure
8bdee5d8,carlos_dev,release/v1,remove docker module,push,5,534,309,843,609,83,468,security-and-build,2,docker,7,21,1,0,0,0,1,0,0,0,0,0,0,0,remove,docker,0.9200,failure
ffdc344b,anndrew492,main,merge auth module,push,13,471,111,582,505,177,251,security-and-build,2,security,1,13,0,0,0,1,0,0,0,0,1,0,0,0,merge,auth,0.7898,failure
ebb7c13f,maria_backend,feature/pagos,remove dependencies module,push,3,12,25,37,308,125,162,security-and-build,1,dependency,2,15,0,0,1,0,0,0,0,0,0,1,0,0,remove,dependencies,0.4726,failure
a9fddf7b,junior_juan,ci/cd-proyecto,remove tests module,push,18,51,235,286,285,160,113,none,0,none,1,23,0,0,0,0,0,0,0,0,0,0,0,0,remove,tests,0.2726,success
3dc41cff,maria_backend,feature/pagos,fix tests module,push,14,408,337,745,379,231,128,none,0,none,2,3,0,0,1,0,0,0,0,0,0,0,0,0,fix,tests,0.4433,success
ba87ac5d,carlos_dev,hotfix/urgente,fix docker module,push,6,391,253,644,698,297,379,security-and-build,2,docker,7,22,1,1,0,0,1,0,0,0,0,0,0,0,fix,docker,0.9200,failure
4c678b96,maria_backend,release/v1,remove billing module,push,18,351,128,479,173,103,65,none,0,none,2,13,0,0,0,0,0,0,0,0,0,0,0,0,remove,billing,0.3736,success
a3205aab,anndrew492,hotfix/urgente,update docker module,pull_request,20,168,32,200,442,200,185,security-and-build,5,docker,6,14,1,1,0,0,1,0,0,0,0,0,0,0,update,docker,0.5741,failure
9899beef,junior_juan,feature/pagos,fix dashboard module,pull_request,16,603,268,871,495,188,252,none,0,none,6,16,1,0,1,0,0,0,0,1,0,0,0,0,fix,dashboard,0.1943,success
fb96bf80,anndrew492,feature/api,rollback dashboard module,push,3,426,168,594,544,212,257,none,0,none,4,9,0,0,1,0,0,0,0,1,0,0,0,0,rollback,dashboard,0.3254,success
10418ce6,carlos_dev,feature/dashboard,refactor environment module,pull_request,2,353,123,476,457,202,179,none,0,none,6,0,1,0,1,0,0,0,0,0,0,0,1,0,refactor,environment,0.4428,success
4841af47,carlos_dev,ci/cd-proyecto,refactor docker module,push,17,591,36,627,408,100,222,security-and-build,3,docker,5,21,0,0,0,0,1,0,0,0,0,0,0,0,refactor,docker,0.9200,failure
fe6dc34c,maria_backend,release/v1,update api module,push,15,396,14,410,228,126,30,quality-and-testing,3,runtime,5,16,0,0,0,0,0,0,1,0,0,0,0,0,update,api,0.4847,failure
686dbde3,carlos_dev,main,merge api module,push,11,433,162,595,501,256,182,quality-and-testing,1,timeout,5,12,0,0,0,1,0,0,1,0,0,0,0,0,merge,api,0.7544,failure
3f95ed7e,carlos_dev,feature/pagos,add tests module,push,13,303,272,575,421,193,208,none,0,none,4,20,0,0,1,0,0,0,0,0,0,0,0,0,add,tests,0.2571,success
38b5bede,anndrew492,feature/pagos,refactor migration module,pull_request,20,644,62,706,382,294,73,quality-and-testing,3,database,7,7,1,0,1,0,0,0,0,0,0,0,0,1,refactor,migration,0.8312,failure
d03ea9ae,maria_backend,hotfix/urgente,update environment module,pull_request,13,553,160,713,415,204,196,quality-and-testing,1,database,1,17,0,1,0,0,0,0,0,0,0,0,1,0,update,environment,0.8363,failure
c1d10a52,maria_backend,feature/api,rollback database module,pull_request,17,634,131,765,451,262,148,quality-and-testing,4,database,1,2,0,0,1,0,0,1,0,0,0,0,0,0,rollback,database,0.6925,failure
2db01478,junior_juan,release/v1,add auth module,push,15,356,88,444,438,172,192,quality-and-testing,3,runtime,5,12,0,0,0,0,0,0,0,0,1,0,0,0,add,auth,0.5538,failure
916af8fa,carlos_dev,feature/pagos,update billing module,pull_request,15,616,330,946,294,132,139,none,0,none,6,18,1,0,1,0,0,0,0,0,0,0,0,0,update,billing,0.3115,success
f7f73096,anndrew492,main,add tests module,push,13,91,13,104,250,212,33,none,0,none,3,2,0,0,0,1,0,0,0,0,0,0,0,0,add,tests,0.3445,success
52c88868,maria_backend,hotfix/urgente,update frontend module,pull_request,17,293,100,393,267,113,73,quality-and-testing,2,database,4,13,0,1,0,0,0,0,0,1,0,0,0,0,update,frontend,0.5177,failure
3aba573f,anndrew492,ci/cd-proyecto,refactor billing module,push,1,23,96,119,394,108,248,none,0,none,2,14,0,0,0,0,0,0,0,0,0,0,0,0,refactor,billing,0.0300,success
ba45b7a4,anndrew492,release/v1,merge auth module,pull_request,17,361,43,404,402,206,142,none,0,none,5,2,0,0,0,0,0,0,0,0,1,0,0,0,merge,auth,0.4126,success
1c668539,carlos_dev,release/v1,merge dependencies module,pull_request,9,259,62,321,412,188,157,none,0,none,3,9,0,0,0,0,0,0,0,0,0,1,0,0,merge,dependencies,0.2865,success
d5792ae6,anndrew492,feature/api,rollback tests module,push,10,158,167,325,282,153,101,none,0,none,6,12,1,0,1,0,0,0,0,0,0,0,0,0,rollback,tests,0.3253,success
3d6559e8,junior_juan,hotfix/urgente,fix docker module,push,6,257,145,402,269,70,169,security-and-build,1,docker,5,13,0,1,0,0,1,0,0,0,0,0,0,0,fix,docker,0.7957,failure
e2363614,anndrew492,ci/cd-proyecto,remove frontend module,pull_request,12,396,119,515,563,252,230,none,0,none,4,23,0,0,0,0,0,0,0,1,0,0,0,0,remove,frontend,0.1035,success
f61c3e52,junior_juan,feature/pagos,add database module,push,2,383,349,732,562,407,122,quality-and-testing,3,database,5,19,0,0,1,0,0,1,0,0,0,0,0,0,add,database,0.5507,failure
9d9fd113,anndrew492,ci/cd-proyecto,refactor auth module,push,9,414,172,586,426,92,302,quality-and-testing,5,test,1,12,0,0,0,0,0,0,0,0,1,0,0,0,refactor,auth,0.5138,failure
67efe418,junior_juan,feature/dashboard,rollback database module,push,19,525,86,611,659,314,340,quality-and-testing,1,database,2,9,0,0,1,0,0,1,0,0,0,0,0,0,rollback,database,0.9160,failure
020d53f0,junior_juan,feature/api,remove frontend module,push,8,255,116,371,365,114,195,none,0,none,6,17,1,0,1,0,0,0,0,1,0,0,0,0,remove,frontend,0.3428,success
58f60c7a,carlos_dev,ci/cd-proyecto,refactor login module,push,3,105,238,343,337,115,188,none,0,none,3,20,0,0,0,0,0,0,0,0,1,0,0,0,refactor,login,0.3303,success
9ba69982,carlos_dev,main,remove docker module,pull_request,7,477,349,826,642,301,330,security-and-build,2,docker,6,10,1,0,0,1,1,0,0,0,0,0,0,0,remove,docker,0.6828,failure
a04398c6,carlos_dev,ci/cd-proyecto,rollback tests module,push,10,342,278,620,571,253,249,quality-and-testing,2,timeout,4,11,0,0,0,0,0,0,0,0,0,0,0,0,rollback,tests,0.5469,failure
d1178fd5,anndrew492,feature/dashboard,rollback tests module,push,11,136,24,160,250,36,190,none,0,none,7,10,1,0,1,0,0,0,0,0,0,0,0,0,rollback,tests,0.2668,success
051942e8,carlos_dev,feature/pagos,add docker module,pull_request,12,315,180,495,645,197,363,none,0,none,7,4,1,0,1,0,1,0,0,0,0,0,0,0,add,docker,0.4281,success
1d02ff92,anndrew492,release/v1,remove tests module,pull_request,16,257,331,588,513,200,228,none,0,none,6,13,1,0,0,0,0,0,0,0,0,0,0,0,remove,tests,0.2009,success
bc464748,maria_backend,ci/cd-proyecto,add database module,push,6,560,27,587,705,336,284,quality-and-testing,4,database,5,22,0,0,0,0,0,1,0,0,0,0,0,0,add,database,0.5111,failure
4e195bde,anndrew492,feature/dashboard,update api module,push,13,364,70,434,417,133,250,none,0,none,2,4,0,0,1,0,0,0,1,0,0,0,0,0,update,api,0.3299,success
04c1e1ed,maria_backend,main,fix dependencies module,push,19,174,139,313,468,155,249,security-and-build,4,dependency,6,7,1,0,0,1,0,0,0,0,0,1,0,0,fix,dependencies,0.8572,failure
c37ac313,carlos_dev,main,rollback login module,pull_request,15,332,325,657,436,247,117,quality-and-testing,3,env,7,8,1,0,0,1,0,0,0,0,1,0,0,0,rollback,login,0.8552,failure
1aa7c5ba,anndrew492,hotfix/urgente,remove tests module,push,17,286,303,589,564,269,219,security-and-build,2,timeout,2,2,0,1,0,0,0,0,0,0,0,0,0,0,remove,tests,0.6385,failure
fca39a4a,junior_juan,ci/cd-proyecto,remove dependencies module,pull_request,12,30,302,332,363,171,131,security-and-build,4,dependency,3,5,0,0,0,0,0,0,0,0,0,1,0,0,remove,dependencies,0.4683,failure
ca4ad858,junior_juan,release/v1,refactor dashboard module,push,20,571,118,689,640,327,273,security-and-build,5,timeout,5,19,0,0,0,0,0,0,0,1,0,0,0,0,refactor,dashboard,0.5588,failure
ddf093d6,anndrew492,ci/cd-proyecto,remove docker module,push,3,298,222,520,554,223,315,none,0,none,3,17,0,0,0,0,1,0,0,0,0,0,0,0,remove,docker,0.4131,success
8d683535,anndrew492,hotfix/urgente,merge billing module,push,7,37,354,391,237,161,39,none,0,none,5,12,0,1,0,0,0,0,0,0,0,0,0,0,merge,billing,0.4223,success
3d5cd4db,carlos_dev,feature/pagos,add api module,pull_request,6,534,2,536,396,174,176,telemetry-dispatch,3,env,6,2,1,0,1,0,0,0,1,0,0,0,0,0,add,api,0.4579,failure
e7c732af,maria_backend,feature/dashboard,merge dependencies module,pull_request,14,359,174,533,455,140,287,none,0,none,3,23,0,0,1,0,0,0,0,0,0,1,0,0,merge,dependencies,0.3852,success
fad4fc40,maria_backend,feature/dashboard,update frontend module,push,12,299,126,425,98,57,31,none,0,none,2,0,0,0,1,0,0,0,0,1,0,0,0,0,update,frontend,0.2206,success
fa93f5cf,carlos_dev,hotfix/urgente,fix security module,pull_request,18,619,304,923,352,210,96,security-and-build,5,security,4,23,0,1,0,0,0,0,0,0,0,0,0,0,fix,security,0.9200,failure
a9ca9153,carlos_dev,hotfix/urgente,remove environment module,pull_request,13,453,49,502,309,73,230,security-and-build,2,dependency,5,2,0,1,0,0,0,0,0,0,0,0,1,0,remove,environment,0.8170,failure
39a5b4d5,junior_juan,hotfix/urgente,merge dashboard module,push,17,140,163,303,380,157,164,quality-and-testing,2,test,6,15,1,1,0,0,0,0,0,1,0,0,0,0,merge,dashboard,0.7385,failure
6249d5e4,maria_backend,hotfix/urgente,rollback api module,push,13,169,25,194,308,16,213,quality-and-testing,1,runtime,2,12,0,1,0,0,0,0,1,0,0,0,0,0,rollback,api,0.7106,failure
40188037,carlos_dev,main,rollback migration module,push,7,492,173,665,563,262,274,quality-and-testing,5,database,7,13,1,0,0,1,0,0,0,0,0,0,0,1,rollback,migration,0.9200,failure
6d749a9e,anndrew492,release/v1,update environment module,pull_request,1,469,257,726,465,145,309,security-and-build,4,security,5,5,0,0,0,0,0,0,0,0,0,0,1,0,update,environment,0.5614,failure
57050cf4,maria_backend,ci/cd-proyecto,merge security module,pull_request,17,305,31,336,283,26,246,none,0,none,7,11,1,0,0,0,0,0,0,0,0,0,0,0,merge,security,0.2631,success
e7e9a5bb,junior_juan,main,update dependencies module,push,15,91,13,104,370,51,266,security-and-build,1,dependency,3,18,0,0,0,1,0,0,0,0,0,1,0,0,update,dependencies,0.7620,failure
613a2ba3,maria_backend,release/v1,remove dependencies module,pull_request,15,185,251,436,465,62,318,security-and-build,5,dependency,1,16,0,0,0,0,0,0,0,0,0,1,0,0,remove,dependencies,0.5829,failure
8179260f,anndrew492,feature/pagos,add auth module,pull_request,10,576,48,624,391,228,107,security-and-build,3,dependency,4,16,0,0,1,0,0,0,0,0,1,0,0,0,add,auth,0.4888,failure
17f343ef,carlos_dev,feature/api,refactor billing module,pull_request,2,198,128,326,171,16,138,none,0,none,6,8,1,0,1,0,0,0,0,0,0,0,0,0,refactor,billing,0.0963,success
71da3bce,junior_juan,release/v1,refactor auth module,pull_request,1,249,182,431,332,47,228,none,0,none,2,3,0,0,0,0,0,0,0,0,1,0,0,0,refactor,auth,0.2857,success
fa202d38,maria_backend,feature/dashboard,rollback security module,pull_request,15,575,223,798,518,190,266,none,0,none,4,3,0,0,1,0,0,0,0,0,0,0,0,0,rollback,security,0.3145,success
df23e8a9,carlos_dev,release/v1,add docker module,pull_request,5,168,224,392,307,24,211,none,0,none,5,18,0,0,0,0,1,0,0,0,0,0,0,0,add,docker,0.3317,success
0ad33e5f,maria_backend,feature/api,fix migration module,pull_request,8,52,296,348,376,244,64,none,0,none,5,13,0,0,1,0,0,0,0,0,0,0,0,1,fix,migration,0.2813,success
db3a8a1d,anndrew492,main,merge tests module,pull_request,12,139,313,452,239,60,118,none,0,none,2,3,0,0,0,1,0,0,0,0,0,0,0,0,merge,tests,0.2348,success
863632af,junior_juan,release/v1,add dashboard module,pull_request,21,133,136,269,348,84,259,none,0,none,7,6,1,0,0,0,0,0,0,1,0,0,0,0,add,dashboard,0.0336,success
dfc44d05,maria_backend,main,merge environment module,pull_request,3,167,56,223,303,67,221,none,0,none,1,22,0,0,0,1,0,0,0,0,0,0,1,0,merge,environment,0.2850,success
3ae276c6,anndrew492,feature/pagos,add frontend module,pull_request,3,614,238,852,495,115,337,none,0,none,5,15,0,0,1,0,0,0,0,1,0,0,0,0,add,frontend,0.0690,success
babe6ebf,carlos_dev,release/v1,remove dependencies module,pull_request,7,511,171,682,456,141,246,security-and-build,3,dependency,6,6,1,0,0,0,0,0,0,0,0,1,0,0,remove,dependencies,0.7395,failure
44f74989,junior_juan,hotfix/urgente,remove auth module,pull_request,20,528,98,626,549,210,279,security-and-build,3,timeout,6,22,1,1,0,0,0,0,0,0,1,0,0,0,remove,auth,0.9200,failure
113c07de,anndrew492,release/v1,remove dashboard module,pull_request,5,384,360,744,502,187,231,none,0,none,1,13,0,0,0,0,0,0,0,1,0,0,0,0,remove,dashboard,0.1596,success
add187f0,junior_juan,main,rollback dashboard module,push,8,99,48,147,194,23,112,security-and-build,4,docker,1,20,0,0,0,1,0,0,0,1,0,0,0,0,rollback,dashboard,0.5304,failure
df7c0ec7,carlos_dev,feature/dashboard,refactor dependencies module,push,7,376,139,515,507,163,271,security-and-build,5,dependency,7,20,1,0,1,0,0,0,0,0,0,1,0,0,refactor,dependencies,0.6249,failure
8ef717f8,maria_backend,feature/api,rollback auth module,pull_request,14,24,344,368,398,138,172,quality-and-testing,1,database,7,5,1,0,1,0,0,0,0,0,1,0,0,0,rollback,auth,0.5865,failure
79c09250,maria_backend,release/v1,update auth module,pull_request,4,628,130,758,569,247,308,quality-and-testing,4,timeout,5,1,0,0,0,0,0,0,0,0,1,0,0,0,update,auth,0.4596,failure
628f232b,junior_juan,main,fix docker module,push,9,360,87,447,351,66,245,security-and-build,2,docker,6,4,1,0,0,1,1,0,0,0,0,0,0,0,fix,docker,0.8255,failure
aba9fc69,junior_juan,hotfix/urgente,refactor api module,pull_request,20,325,270,595,441,231,188,quality-and-testing,5,database,3,1,0,1,0,0,0,0,1,0,0,0,0,0,refactor,api,0.7199,failure
2bf24668,junior_juan,main,add dashboard module,push,9,214,344,558,456,198,234,none,0,none,2,0,0,0,0,1,0,0,0,1,0,0,0,0,add,dashboard,0.3916,success
2129d542,junior_juan,feature/api,remove environment module,pull_request,14,555,86,641,424,177,190,security-and-build,1,env,2,1,0,0,1,0,0,0,0,0,0,0,1,0,remove,environment,0.7449,failure
c0539595,junior_juan,hotfix/urgente,refactor billing module,push,19,621,14,635,532,238,249,telemetry-dispatch,3,timeout,2,12,0,1,0,0,0,0,0,0,0,0,0,0,refactor,billing,0.7387,failure
954ef8e8,maria_backend,feature/dashboard,fix auth module,pull_request,18,213,283,496,337,103,164,telemetry-dispatch,4,env,4,2,0,0,1,0,0,0,0,0,1,0,0,0,fix,auth,0.4740,failure
55d3a601,maria_backend,feature/api,merge dependencies module,pull_request,6,502,36,538,492,216,212,none,0,none,2,6,0,0,1,0,0,0,0,0,0,1,0,0,merge,dependencies,0.3115,success
08b5cf90,carlos_dev,main,remove dependencies module,push,5,88,334,422,466,92,348,security-and-build,3,dependency,2,5,0,0,0,1,0,0,0,0,0,1,0,0,remove,dependencies,0.8466,failure
56f76617,anndrew492,feature/dashboard,merge api module,pull_request,4,196,15,211,198,17,104,none,0,none,3,23,0,0,1,0,0,0,1,0,0,0,0,0,merge,api,0.2096,success
1d855687,junior_juan,feature/api,fix auth module,push,9,567,13,580,395,174,187,quality-and-testing,1,runtime,3,2,0,0,1,0,0,0,0,0,1,0,0,0,fix,auth,0.4863,failure
ed5cc54c,maria_backend,feature/dashboard,add docker module,pull_request,4,593,168,761,491,121,351,none,0,none,2,21,0,0,1,0,1,0,0,0,0,0,0,0,add,docker,0.4372,success
cf77147f,junior_juan,main,update docker module,push,5,139,186,325,435,181,240,security-and-build,1,docker,6,13,1,0,0,1,1,0,0,0,0,0,0,0,update,docker,0.7537,failure
08298854,anndrew492,ci/cd-proyecto,merge docker module,pull_request,8,407,291,698,496,127,281,security-and-build,3,docker,5,6,0,0,0,0,1,0,0,0,0,0,0,0,merge,docker,0.5003,failure
959b18a5,junior_juan,main,add frontend module,pull_request,14,479,193,672,582,271,283,none,0,none,2,12,0,0,0,1,0,0,0,1,0,0,0,0,add,frontend,0.1076,success
10b5d11a,maria_backend,ci/cd-proyecto,fix tests module,push,18,208,311,519,567,343,180,none,0,none,7,17,1,0,0,0,0,0,0,0,0,0,0,0,fix,tests,0.4005,success
85495200,maria_backend,main,refactor tests module,push,16,377,196,573,503,242,242,quality-and-testing,3,test,4,6,0,0,0,1,0,0,0,0,0,0,0,0,refactor,tests,0.5664,failure
f43dc4c3,junior_juan,feature/pagos,add auth module,push,18,161,299,460,281,105,112,quality-and-testing,3,test,2,2,0,0,1,0,0,0,0,0,1,0,0,0,add,auth,0.5344,failure
88d2d3f3,junior_juan,release/v1,update dependencies module,push,13,54,66,120,336,34,283,none,0,none,3,17,0,0,0,0,0,0,0,0,0,1,0,0,update,dependencies,0.4059,success
04265af1,anndrew492,ci/cd-proyecto,merge dependencies module,push,13,507,42,549,694,280,329,security-and-build,4,dependency,4,3,0,0,0,0,0,0,0,0,0,1,0,0,merge,dependencies,0.6219,failure
b8e19468,maria_backend,feature/api,rollback migration module,pull_request,21,265,278,543,632,254,299,quality-and-testing,1,database,6,12,1,0,1,0,0,0,0,0,0,0,0,1,rollback,migration,0.5218,failure
5bd9bfce,carlos_dev,feature/pagos,rollback billing module,push,6,359,30,389,302,201,47,none,0,none,3,4,0,0,1,0,0,0,0,0,0,0,0,0,rollback,billing,0.2827,success
95f812ed,anndrew492,hotfix/urgente,add billing module,pull_request,5,113,225,338,392,59,246,none,0,none,6,19,1,1,0,0,0,0,0,0,0,0,0,0,add,billing,0.3873,success
c28eaa19,carlos_dev,feature/dashboard,remove dashboard module,push,5,577,279,856,610,242,314,none,0,none,1,15,0,0,1,0,0,0,0,1,0,0,0,0,remove,dashboard,0.2429,success
c8ebf13f,junior_juan,feature/pagos,remove docker module,pull_request,15,488,344,832,623,155,428,security-and-build,2,docker,3,3,0,0,1,0,1,0,0,0,0,0,0,0,remove,docker,0.7484,failure
f368abf2,junior_juan,feature/dashboard,rollback docker module,pull_request,16,89,126,215,330,44,213,none,0,none,5,10,0,0,1,0,1,0,0,0,0,0,0,0,rollback,docker,0.3904,success
ddef49cc,junior_juan,main,refactor login module,pull_request,7,378,165,543,307,149,88,none,0,none,4,0,0,0,0,1,0,0,0,0,1,0,0,0,refactor,login,0.3757,success
cb0e75cb,anndrew492,ci/cd-proyecto,merge dependencies module,pull_request,8,341,197,538,533,178,340,security-and-build,2,dependency,5,11,0,0,0,0,0,0,0,0,0,1,0,0,merge,dependencies,0.4518,failure
641566e5,junior_juan,feature/pagos,add security module,pull_request,5,119,77,196,410,208,116,none,0,none,5,16,0,0,1,0,0,0,0,0,0,0,0,0,add,security,0.0300,success
476a57d0,junior_juan,feature/dashboard,refactor dependencies module,pull_request,7,621,328,949,448,236,200,security-and-build,5,dependency,5,21,0,0,1,0,0,0,0,0,0,1,0,0,refactor,dependencies,0.6840,failure
1eb80e7b,carlos_dev,ci/cd-proyecto,remove billing module,pull_request,7,164,169,333,406,99,240,none,0,none,7,12,1,0,0,0,0,0,0,0,0,0,0,0,remove,billing,0.0300,success
66b5d87e,anndrew492,feature/dashboard,add database module,push,19,476,128,604,659,353,253,quality-and-testing,5,database,3,11,0,0,1,0,0,1,0,0,0,0,0,0,add,database,0.6889,failure
5c3ed448,anndrew492,feature/dashboard,remove docker module,pull_request,7,403,252,655,511,265,234,security-and-build,2,docker,1,1,0,0,1,0,1,0,0,0,0,0,0,0,remove,docker,0.5783,failure
fd7a018f,junior_juan,hotfix/urgente,fix tests module,pull_request,20,116,192,308,314,31,229,quality-and-testing,1,test,2,10,0,1,0,0,0,0,0,0,0,0,0,0,fix,tests,0.6823,failure
1b213d74,anndrew492,hotfix/urgente,rollback tests module,push,17,296,174,470,311,213,27,quality-and-testing,4,test,2,1,0,1,0,0,0,0,0,0,0,0,0,0,rollback,tests,0.8575,failure
b325f4aa,maria_backend,feature/api,refactor tests module,push,6,591,252,843,428,149,214,none,0,none,7,5,1,0,1,0,0,0,0,0,0,0,0,0,refactor,tests,0.4372,success
a6b79c1d,maria_backend,feature/pagos,merge auth module,push,7,471,44,515,482,208,230,none,0,none,2,20,0,0,1,0,0,0,0,0,1,0,0,0,merge,auth,0.3908,success
5486fe82,carlos_dev,hotfix/urgente,add environment module,pull_request,10,94,121,215,253,143,46,quality-and-testing,4,runtime,6,0,1,1,0,0,0,0,0,0,0,0,1,0,add,environment,0.6607,failure
13773dc2,anndrew492,feature/pagos,update billing module,push,6,358,150,508,621,214,341,none,0,none,4,11,0,0,1,0,0,0,0,0,0,0,0,0,update,billing,0.2237,success
162112a3,carlos_dev,hotfix/urgente,fix migration module,push,6,536,96,632,594,402,127,quality-and-testing,5,database,1,17,0,1,0,0,0,0,0,0,0,0,0,1,fix,migration,0.9200,failure
1977e838,junior_juan,feature/api,update auth module,pull_request,9,384,102,486,285,209,67,none,0,none,1,17,0,0,1,0,0,0,0,0,1,0,0,0,update,auth,0.2510,success
3bff7a69,junior_juan,feature/pagos,remove billing module,push,7,49,333,382,255,55,183,none,0,none,5,23,0,0,1,0,0,0,0,0,0,0,0,0,remove,billing,0.1497,success
28216815,maria_backend,feature/api,rollback tests module,push,5,263,315,578,530,266,175,none,0,none,6,6,1,0,1,0,0,0,0,0,0,0,0,0,rollback,tests,0.3610,success
5617fc8b,carlos_dev,feature/pagos,refactor frontend module,push,18,392,296,688,316,147,158,security-and-build,4,dependency,5,1,0,0,1,0,0,0,0,1,0,0,0,0,refactor,frontend,0.5757,failure
72b7bc19,maria_backend,hotfix/urgente,refactor dependencies module,push,12,510,249,759,362,135,208,security-and-build,2,dependency,7,10,1,1,0,0,0,0,0,0,0,1,0,0,refactor,dependencies,0.9200,failure
0554a243,junior_juan,ci/cd-proyecto,update api module,push,10,185,147,332,352,208,131,security-and-build,3,dependency,6,19,1,0,0,0,0,0,1,0,0,0,0,0,update,api,0.4672,failure
493abc7d,junior_juan,ci/cd-proyecto,refactor dashboard module,push,2,324,127,451,287,42,230,none,0,none,2,6,0,0,0,0,0,0,0,1,0,0,0,0,refactor,dashboard,0.2389,success
420ec01c,anndrew492,main,update migration module,push,14,558,248,806,654,292,312,quality-and-testing,2,database,4,23,0,0,0,1,0,0,0,0,0,0,0,1,update,migration,0.9200,failure
6e853acb,anndrew492,feature/dashboard,update environment module,pull_request,16,108,343,451,109,25,73,quality-and-testing,2,runtime,7,11,1,0,1,0,0,0,0,0,0,0,1,0,update,environment,0.5084,failure
69fb128a,maria_backend,hotfix/urgente,update frontend module,push,7,270,237,507,427,322,100,quality-and-testing,5,test,6,4,1,1,0,0,0,0,0,1,0,0,0,0,update,frontend,0.6117,failure
d170cdac,anndrew492,ci/cd-proyecto,remove frontend module,push,4,219,345,564,405,195,174,none,0,none,6,3,1,0,0,0,0,0,0,1,0,0,0,0,remove,frontend,0.2989,success
003f9771,carlos_dev,feature/api,refactor dashboard module,pull_request,21,183,236,419,244,137,20,none,0,none,5,1,0,0,1,0,0,0,0,1,0,0,0,0,refactor,dashboard,0.1037,success
f031ac42,carlos_dev,release/v1,refactor api module,push,3,32,102,134,277,156,71,none,0,none,5,23,0,0,0,0,0,0,1,0,0,0,0,0,refactor,api,0.3851,success
a8697eb0,carlos_dev,feature/pagos,fix api module,push,9,573,24,597,530,301,145,none,0,none,5,12,0,0,1,0,0,0,1,0,0,0,0,0,fix,api,0.4090,success
83870fb7,junior_juan,feature/pagos,merge dependencies module,push,10,37,340,377,476,185,251,security-and-build,4,dependency,1,12,0,0,1,0,0,0,0,0,0,1,0,0,merge,dependencies,0.4726,failure
d14d7df5,junior_juan,feature/api,rollback frontend module,push,4,200,292,492,194,104,62,quality-and-testing,4,test,7,5,1,0,1,0,0,0,0,1,0,0,0,0,rollback,frontend,0.5380,failure
47bb982a,anndrew492,hotfix/urgente,rollback auth module,pull_request,12,541,273,814,603,262,278,quality-and-testing,1,timeout,2,23,0,1,0,0,0,0,0,0,1,0,0,0,rollback,auth,0.9200,failure
e317eaeb,maria_backend,main,fix billing module,push,13,20,210,230,287,29,237,none,0,none,5,12,0,0,0,1,0,0,0,0,0,0,0,0,fix,billing,0.2231,success
10a33168,carlos_dev,feature/dashboard,merge api module,push,7,341,187,528,478,289,171,none,0,none,2,21,0,0,1,0,0,0,1,0,0,0,0,0,merge,api,0.3751,success
b3d4c680,carlos_dev,ci/cd-proyecto,update dashboard module,push,18,255,307,562,463,193,182,none,0,none,3,17,0,0,0,0,0,0,0,1,0,0,0,0,update,dashboard,0.3670,success
86dcd44b,anndrew492,hotfix/urgente,add dependencies module,pull_request,11,328,51,379,497,108,318,security-and-build,1,dependency,5,12,0,1,0,0,0,0,0,0,0,1,0,0,add,dependencies,0.7014,failure
f6efdf87,junior_juan,ci/cd-proyecto,remove migration module,push,9,555,5,560,554,289,222,quality-and-testing,1,database,1,12,0,0,0,0,0,0,0,0,0,0,0,1,remove,migration,0.6100,failure
85d917eb,anndrew492,feature/pagos,update api module,push,2,83,301,384,430,142,225,none,0,none,3,16,0,0,1,0,0,0,1,0,0,0,0,0,update,api,0.3334,success
d16ad544,anndrew492,ci/cd-proyecto,add tests module,pull_request,12,89,254,343,493,190,223,none,0,none,2,14,0,0,0,0,0,0,0,0,0,0,0,0,add,tests,0.0300,success
7122824b,carlos_dev,main,merge api module,pull_request,10,386,46,432,336,98,160,none,0,none,6,6,1,0,0,1,0,0,1,0,0,0,0,0,merge,api,0.4489,success
e8809491,junior_juan,main,merge dependencies module,pull_request,12,572,122,694,639,159,401,security-and-build,3,dependency,3,4,0,0,0,1,0,0,0,0,0,1,0,0,merge,dependencies,0.7290,failure
b01d37db,carlos_dev,ci/cd-proyecto,rollback database module,push,20,483,231,714,495,248,201,quality-and-testing,5,database,1,3,0,0,0,0,0,1,0,0,0,0,0,0,rollback,database,0.9200,failure
7ae72088,junior_juan,release/v1,add security module,pull_request,18,103,339,442,240,149,25,none,0,none,1,9,0,0,0,0,0,0,0,0,0,0,0,0,add,security,0.0814,success
f5d0a27e,carlos_dev,ci/cd-proyecto,add migration module,push,13,362,279,641,500,306,107,quality-and-testing,1,database,6,14,1,0,0,0,0,0,0,0,0,0,0,1,add,migration,0.8021,failure
7e0e01e2,carlos_dev,hotfix/urgente,update migration module,pull_request,26,154,58,212,528,299,196,quality-and-testing,1,database,6,23,1,1,0,0,0,0,0,0,0,0,0,1,update,migration,0.7903,failure
47696999,anndrew492,main,remove migration module,pull_request,21,21,49,70,224,65,112,quality-and-testing,1,database,4,11,0,0,0,1,0,0,0,0,0,0,0,1,remove,migration,0.4581,failure
407ea4f2,carlos_dev,release/v1,rollback login module,pull_request,7,89,245,334,111,23,60,telemetry-dispatch,3,env,5,10,0,0,0,0,0,0,0,0,1,0,0,0,rollback,login,0.4791,failure
cb907999,junior_juan,feature/api,rollback api module,push,6,415,85,500,312,140,136,quality-and-testing,3,syntax,4,13,0,0,1,0,0,0,1,0,0,0,0,0,rollback,api,0.4986,failure
36d6db7a,maria_backend,release/v1,remove database module,pull_request,11,519,360,879,531,302,218,quality-and-testing,2,database,4,14,0,0,0,0,0,1,0,0,0,0,0,0,remove,database,0.6519,failure
861b60f6,maria_backend,release/v1,rollback billing module,pull_request,16,309,145,454,316,201,45,none,0,none,5,20,0,0,0,0,0,0,0,0,0,0,0,0,rollback,billing,0.2524,success
9a1dc255,junior_juan,ci/cd-proyecto,rollback migration module,push,13,28,111,139,462,227,153,quality-and-testing,3,database,1,14,0,0,0,0,0,0,0,0,0,0,0,1,rollback,migration,0.5514,failure
31f9685b,junior_juan,ci/cd-proyecto,add api module,push,13,644,313,957,639,199,356,security-and-build,4,timeout,2,7,0,0,0,0,0,0,1,0,0,0,0,0,add,api,0.8088,failure
7c2d8baf,carlos_dev,feature/pagos,merge login module,pull_request,18,618,187,805,476,256,183,quality-and-testing,1,database,4,21,0,0,1,0,0,0,0,0,1,0,0,0,merge,login,0.5321,failure
164344b7,carlos_dev,ci/cd-proyecto,fix docker module,pull_request,8,309,0,309,463,208,228,none,0,none,4,4,0,0,0,0,1,0,0,0,0,0,0,0,fix,docker,0.3155,success
8ac26dc1,junior_juan,release/v1,add dashboard module,pull_request,20,211,320,531,476,160,249,none,0,none,6,20,1,0,0,0,0,0,0,1,0,0,0,0,add,dashboard,0.3658,success
6a98b9ec,anndrew492,feature/pagos,update api module,push,16,50,265,315,302,207,56,none,0,none,2,7,0,0,1,0,0,0,1,0,0,0,0,0,update,api,0.3474,success
a9a73c93,maria_backend,release/v1,update dashboard module,push,13,9,76,85,288,147,59,none,0,none,6,6,1,0,0,0,0,0,0,1,0,0,0,0,update,dashboard,0.2580,success
1ddcb7bd,maria_backend,ci/cd-proyecto,add environment module,push,8,474,91,565,577,212,309,none,0,none,2,5,0,0,0,0,0,0,0,0,0,0,1,0,add,environment,0.4500,success
2ec88935,maria_backend,feature/api,rollback billing module,pull_request,4,398,259,657,560,198,274,none,0,none,6,6,1,0,1,0,0,0,0,0,0,0,0,0,rollback,billing,0.1757,success
afdc3f39,anndrew492,feature/dashboard,rollback dependencies module,push,9,79,145,224,541,97,354,security-and-build,4,dependency,7,7,1,0,1,0,0,0,0,0,0,1,0,0,rollback,dependencies,0.6947,failure
83c11a05,junior_juan,release/v1,add api module,pull_request,7,436,283,719,533,281,171,none,0,none,5,10,0,0,0,0,0,0,1,0,0,0,0,0,add,api,0.4074,success
030a205e,carlos_dev,feature/pagos,add tests module,pull_request,17,10,323,333,275,26,167,none,0,none,5,12,0,0,1,0,0,0,0,0,0,0,0,0,add,tests,0.1561,success
b74f0e6f,maria_backend,release/v1,merge login module,pull_request,16,290,285,575,301,118,153,none,0,none,4,12,0,0,0,0,0,0,0,0,1,0,0,0,merge,login,0.4288,success
0ab77d7d,anndrew492,release/v1,merge tests module,pull_request,7,173,100,273,242,136,40,none,0,none,2,6,0,0,0,0,0,0,0,0,0,0,0,0,merge,tests,0.0300,success
9fdb0444,junior_juan,ci/cd-proyecto,merge security module,push,7,546,72,618,429,268,117,none,0,none,2,19,0,0,0,0,0,0,0,0,0,0,0,0,merge,security,0.2434,success
797919d8,maria_backend,feature/dashboard,update tests module,push,7,440,55,495,277,128,118,none,0,none,1,23,0,0,1,0,0,0,0,0,0,0,0,0,update,tests,0.2433,success
9e3c3af1,maria_backend,feature/api,update api module,push,17,289,27,316,263,116,101,none,0,none,5,14,0,0,1,0,0,0,1,0,0,0,0,0,update,api,0.4033,success
b15582ac,maria_backend,main,add dependencies module,push,14,160,37,197,410,86,246,security-and-build,1,dependency,6,9,1,0,0,1,0,0,0,0,0,1,0,0,add,dependencies,0.8805,failure
458168d5,junior_juan,ci/cd-proyecto,refactor tests module,push,15,397,208,605,405,112,253,none,0,none,2,8,0,0,0,0,0,0,0,0,0,0,0,0,refactor,tests,0.4479,success
abc4a8be,carlos_dev,ci/cd-proyecto,update dependencies module,push,22,469,285,754,420,199,203,security-and-build,1,dependency,4,8,0,0,0,0,0,0,0,0,0,1,0,0,update,dependencies,0.8937,failure
797d852e,maria_backend,feature/api,rollback billing module,push,8,598,186,784,404,137,181,none,0,none,7,13,1,0,1,0,0,0,0,0,0,0,0,0,rollback,billing,0.4407,success
c402ca2d,junior_juan,hotfix/urgente,refactor frontend module,push,5,126,293,419,276,17,207,security-and-build,3,timeout,6,22,1,1,0,0,0,0,0,1,0,0,0,0,refactor,frontend,0.7045,failure
31b6d719,junior_juan,hotfix/urgente,merge billing module,pull_request,14,376,353,729,479,213,257,quality-and-testing,4,database,7,18,1,1,0,0,0,0,0,0,0,0,0,0,merge,billing,0.7148,failure
17c9cdc4,maria_backend,release/v1,update migration module,pull_request,11,393,204,597,357,247,101,quality-and-testing,5,database,5,0,0,0,0,0,0,0,0,0,0,0,0,1,update,migration,0.4836,failure
b35a252a,carlos_dev,feature/api,update database module,push,10,546,255,801,566,301,247,quality-and-testing,4,database,6,18,1,0,1,0,0,1,0,0,0,0,0,0,update,database,0.6415,failure
b1389a2b,maria_backend,feature/dashboard,fix tests module,pull_request,17,458,276,734,487,214,246,none,0,none,7,20,1,0,1,0,0,0,0,0,0,0,0,0,fix,tests,0.3916,success
19ab2637,maria_backend,release/v1,merge dependencies module,push,8,483,356,839,809,264,502,security-and-build,4,dependency,1,15,0,0,0,0,0,0,0,0,0,1,0,0,merge,dependencies,0.7957,failure
cc8c60c8,junior_juan,feature/api,rollback dependencies module,push,20,189,151,340,414,76,284,security-and-build,3,dependency,4,12,0,0,1,0,0,0,0,0,0,1,0,0,rollback,dependencies,0.7164,failure
4d77e730,maria_backend,main,add migration module,pull_request,20,97,98,195,401,252,131,none,0,none,4,14,0,0,0,1,0,0,0,0,0,0,0,1,add,migration,0.2929,success
47913d8c,maria_backend,feature/api,update dependencies module,push,6,80,49,129,284,95,113,none,0,none,5,22,0,0,1,0,0,0,0,0,0,1,0,0,update,dependencies,0.3668,success
180afe25,junior_juan,hotfix/urgente,add security module,pull_request,8,491,321,812,415,214,134,security-and-build,3,security,7,12,1,1,0,0,0,0,0,0,0,0,0,0,add,security,0.6461,failure
6374b079,carlos_dev,main,merge login module,push,13,414,352,766,509,222,260,security-and-build,2,docker,1,23,0,0,0,1,0,0,0,0,1,0,0,0,merge,login,0.9200,failure
0d57e6ec,anndrew492,feature/pagos,refactor billing module,pull_request,8,257,188,445,220,72,66,none,0,none,2,15,0,0,1,0,0,0,0,0,0,0,0,0,refactor,billing,0.0300,success
a80c758c,anndrew492,main,refactor frontend module,push,13,187,221,408,408,192,163,none,0,none,5,19,0,0,0,1,0,0,0,1,0,0,0,0,refactor,frontend,0.3877,success
7df737b1,maria_backend,feature/api,merge migration module,push,14,257,75,332,508,280,213,quality-and-testing,1,database,2,20,0,0,1,0,0,0,0,0,0,0,0,1,merge,migration,0.5160,failure
12159b8f,anndrew492,main,fix database module,push,18,210,152,362,146,112,26,quality-and-testing,1,database,2,18,0,0,0,1,0,1,0,0,0,0,0,0,fix,database,0.7230,failure
d87a5f6f,junior_juan,ci/cd-proyecto,merge billing module,pull_request,18,308,299,607,448,152,207,none,0,none,6,14,1,0,0,0,0,0,0,0,0,0,0,0,merge,billing,0.2501,success
127ba5b0,anndrew492,main,add security module,push,4,260,208,468,363,156,162,none,0,none,6,17,1,0,0,1,0,0,0,0,0,0,0,0,add,security,0.4483,success
6f0c5d4a,carlos_dev,feature/dashboard,fix docker module,push,17,363,267,630,472,216,236,security-and-build,4,docker,6,11,1,0,1,0,1,0,0,0,0,0,0,0,fix,docker,0.6767,failure
a6859db7,maria_backend,feature/dashboard,merge billing module,push,2,424,105,529,562,248,249,none,0,none,5,14,0,0,1,0,0,0,0,0,0,0,0,0,merge,billing,0.1028,success
b5684af9,carlos_dev,hotfix/urgente,update migration module,push,8,124,213,337,378,154,165,quality-and-testing,4,database,1,15,0,1,0,0,0,0,0,0,0,0,0,1,update,migration,0.7137,failure
c6a2c7aa,anndrew492,release/v1,merge environment module,pull_request,17,535,137,672,531,301,205,telemetry-dispatch,1,timeout,4,19,0,0,0,0,0,0,0,0,0,0,1,0,merge,environment,0.6736,failure
5476ba4f,junior_juan,feature/api,fix login module,push,16,428,79,507,659,302,294,telemetry-dispatch,2,timeout,7,21,1,0,1,0,0,0,0,0,1,0,0,0,fix,login,0.6218,failure
dc87529c,junior_juan,main,merge migration module,push,13,299,18,317,450,183,206,quality-and-testing,5,database,5,12,0,0,0,1,0,0,0,0,0,0,0,1,merge,migration,0.7227,failure
0d4e090b,junior_juan,feature/pagos,fix auth module,pull_request,17,254,224,478,332,196,120,none,0,none,4,16,0,0,1,0,0,0,0,0,1,0,0,0,fix,auth,0.3878,success
33882dc4,maria_backend,ci/cd-proyecto,merge dashboard module,pull_request,12,39,173,212,376,129,204,none,0,none,5,13,0,0,0,0,0,0,0,1,0,0,0,0,merge,dashboard,0.0479,success
a3392d3b,junior_juan,feature/api,fix frontend module,pull_request,13,518,308,826,429,241,143,none,0,none,6,18,1,0,1,0,0,0,0,1,0,0,0,0,fix,frontend,0.2350,success
f1f086c2,carlos_dev,feature/pagos,remove environment module,pull_request,6,574,32,606,529,182,329,quality-and-testing,2,timeout,4,13,0,0,1,0,0,0,0,0,0,0,1,0,remove,environment,0.5558,failure
3d2d62df,junior_juan,feature/pagos,add migration module,push,10,69,306,375,496,177,239,none,0,none,1,17,0,0,1,0,0,0,0,0,0,0,0,1,add,migration,0.3716,success
5e881f24,maria_backend,main,refactor auth module,push,14,620,356,976,211,81,104,security-and-build,2,env,7,5,1,0,0,1,0,0,0,0,1,0,0,0,refactor,auth,0.9200,failure
d131fd65,anndrew492,release/v1,update billing module,pull_request,3,508,6,514,561,282,256,none,0,none,1,4,0,0,0,0,0,0,0,0,0,0,0,0,update,billing,0.0957,success
af695c41,maria_backend,feature/api,update environment module,pull_request,11,324,292,616,495,288,144,quality-and-testing,5,test,5,10,0,0,1,0,0,0,0,0,0,0,1,0,update,environment,0.5031,failure
918ff5df,carlos_dev,ci/cd-proyecto,update database module,push,9,512,176,688,465,336,121,quality-and-testing,2,database,3,21,0,0,0,0,0,1,0,0,0,0,0,0,update,database,0.6706,failure
2b77282b,maria_backend,feature/pagos,merge docker module,pull_request,9,584,178,762,561,104,395,security-and-build,1,docker,7,9,1,0,1,0,1,0,0,0,0,0,0,0,merge,docker,0.5963,failure
b41d701d,maria_backend,hotfix/urgente,merge docker module,push,19,356,13,369,496,188,228,security-and-build,2,docker,6,4,1,1,0,0,1,0,0,0,0,0,0,0,merge,docker,0.9200,failure
b9bd87b1,anndrew492,main,fix api module,pull_request,12,61,205,266,266,55,143,none,0,none,3,9,0,0,0,1,0,0,1,0,0,0,0,0,fix,api,0.1740,success
7632f9f1,carlos_dev,release/v1,update frontend module,push,10,305,107,412,296,52,237,none,0,none,4,3,0,0,0,0,0,0,0,1,0,0,0,0,update,frontend,0.3791,success
95110ab5,junior_juan,feature/dashboard,merge tests module,push,10,23,33,56,105,16,26,none,0,none,7,15,1,0,1,0,0,0,0,0,0,0,0,0,merge,tests,0.0300,success
fcc8aa3f,junior_juan,feature/dashboard,remove database module,pull_request,17,382,48,430,375,166,186,quality-and-testing,3,database,2,3,0,0,1,0,0,1,0,0,0,0,0,0,remove,database,0.5641,failure
34f12cba,anndrew492,ci/cd-proyecto,add dashboard module,push,14,249,40,289,288,38,218,none,0,none,3,21,0,0,0,0,0,0,0,1,0,0,0,0,add,dashboard,0.3897,success
d6d0323d,carlos_dev,release/v1,refactor login module,pull_request,7,72,129,201,363,85,190,none,0,none,2,10,0,0,0,0,0,0,0,0,1,0,0,0,refactor,login,0.2668,success
65f0290f,anndrew492,feature/api,fix frontend module,push,16,632,76,708,501,179,301,none,0,none,2,7,0,0,1,0,0,0,0,1,0,0,0,0,fix,frontend,0.4002,success
199e3f55,junior_juan,hotfix/urgente,refactor migration module,push,17,309,171,480,359,187,97,quality-and-testing,1,database,6,11,1,1,0,0,0,0,0,0,0,0,0,1,refactor,migration,0.8523,failure
68ef0e29,anndrew492,main,merge dashboard module,push,19,99,301,400,153,23,102,quality-and-testing,4,database,6,3,1,0,0,1,0,0,0,1,0,0,0,0,merge,dashboard,0.6403,failure
72cd0407,carlos_dev,hotfix/urgente,update login module,push,7,463,20,483,335,58,211,security-and-build,5,security,6,14,1,1,0,0,0,0,0,0,1,0,0,0,update,login,0.6311,failure
7f6b04ca,anndrew492,ci/cd-proyecto,fix environment module,push,13,289,280,569,465,166,236,security-and-build,2,timeout,7,19,1,0,0,0,0,0,0,0,0,0,1,0,fix,environment,0.5949,failure
7f9de8e4,anndrew492,hotfix/urgente,update frontend module,pull_request,23,388,130,518,446,183,240,security-and-build,5,docker,7,0,1,1,0,0,0,0,0,1,0,0,0,0,update,frontend,0.6417,failure
63152ec7,anndrew492,release/v1,add billing module,push,9,147,171,318,418,166,238,none,0,none,6,9,1,0,0,0,0,0,0,0,0,0,0,0,add,billing,0.2971,success
19221e0b,carlos_dev,main,rollback auth module,pull_request,5,138,61,199,149,25,37,none,0,none,5,11,0,0,0,1,0,0,0,0,1,0,0,0,rollback,auth,0.3362,success
255f6ebe,junior_juan,feature/dashboard,update docker module,push,9,193,309,502,453,161,236,security-and-build,2,docker,6,5,1,0,1,0,1,0,0,0,0,0,0,0,update,docker,0.5610,failure
57f896d7,junior_juan,release/v1,refactor migration module,pull_request,9,132,42,174,510,208,229,none,0,none,5,1,0,0,0,0,0,0,0,0,0,0,0,1,refactor,migration,0.4258,success
edf4433e,carlos_dev,release/v1,merge docker module,pull_request,1,163,275,438,374,182,166,none,0,none,1,3,0,0,0,0,1,0,0,0,0,0,0,0,merge,docker,0.2802,success
531b8fd2,carlos_dev,feature/pagos,fix dashboard module,push,9,619,29,648,409,85,305,none,0,none,6,13,1,0,1,0,0,0,0,1,0,0,0,0,fix,dashboard,0.3882,success
ff270483,carlos_dev,feature/dashboard,merge api module,pull_request,3,318,221,539,371,202,109,none,0,none,5,1,0,0,1,0,0,0,1,0,0,0,0,0,merge,api,0.2532,success
5a54b1ec,carlos_dev,ci/cd-proyecto,merge migration module,push,4,373,291,664,610,357,205,quality-and-testing,5,database,1,23,0,0,0,0,0,0,0,0,0,0,0,1,merge,migration,0.6202,failure
9725fa64,anndrew492,release/v1,fix login module,pull_request,7,623,220,843,394,89,277,security-and-build,4,dependency,3,0,0,0,0,0,0,0,0,0,1,0,0,0,fix,login,0.4802,failure
d9e96629,carlos_dev,release/v1,add migration module,pull_request,18,488,70,558,422,262,146,quality-and-testing,5,database,2,7,0,0,0,0,0,0,0,0,0,0,0,1,add,migration,0.5313,failure
59a1062e,maria_backend,feature/pagos,rollback database module,push,6,565,305,870,429,164,208,quality-and-testing,1,database,3,7,0,0,1,0,0,1,0,0,0,0,0,0,rollback,database,0.7547,failure
4da37b9b,carlos_dev,feature/pagos,merge frontend module,pull_request,17,517,224,741,437,48,311,none,0,none,6,2,1,0,1,0,0,0,0,1,0,0,0,0,merge,frontend,0.3029,success
db5ad79e,junior_juan,release/v1,add migration module,pull_request,17,494,321,815,579,346,198,quality-and-testing,3,database,2,7,0,0,0,0,0,0,0,0,0,0,0,1,add,migration,0.7491,failure
6b3a55fb,carlos_dev,main,rollback auth module,push,3,603,170,773,256,116,124,quality-and-testing,5,runtime,4,20,0,0,0,1,0,0,0,0,1,0,0,0,rollback,auth,0.9200,failure
7c359198,carlos_dev,feature/pagos,refactor environment module,push,12,166,20,186,432,176,232,security-and-build,5,security,7,4,1,0,1,0,0,0,0,0,0,0,1,0,refactor,environment,0.4884,failure
3a76fa5a,carlos_dev,feature/api,refactor migration module,pull_request,9,634,147,781,594,327,243,quality-and-testing,4,database,5,7,0,0,1,0,0,0,0,0,0,0,0,1,refactor,migration,0.5658,failure
027f5288,carlos_dev,release/v1,fix migration module,push,13,508,197,705,518,214,290,quality-and-testing,1,database,4,14,0,0,0,0,0,0,0,0,0,0,0,1,fix,migration,0.7502,failure
4003c4f0,anndrew492,feature/dashboard,remove login module,pull_request,5,626,210,836,306,114,127,security-and-build,1,dependency,2,14,0,0,1,0,0,0,0,0,1,0,0,0,remove,login,0.4788,failure
4176f006,carlos_dev,feature/pagos,merge login module,pull_request,11,350,254,604,363,156,140,security-and-build,4,docker,2,12,0,0,1,0,0,0,0,0,1,0,0,0,merge,login,0.5511,failure
0cf40a1b,maria_backend,main,update billing module,pull_request,10,542,66,608,360,185,134,none,0,none,5,8,0,0,0,1,0,0,0,0,0,0,0,0,update,billing,0.2357,success
e0d0935a,anndrew492,feature/pagos,merge api module,pull_request,1,528,92,620,539,221,249,security-and-build,3,timeout,2,3,0,0,1,0,0,0,1,0,0,0,0,0,merge,api,0.4978,failure
f1c0163b,anndrew492,feature/pagos,remove frontend module,pull_request,18,511,261,772,322,179,131,none,0,none,7,9,1,0,1,0,0,0,0,1,0,0,0,0,remove,frontend,0.1938,success
59974c91,anndrew492,feature/pagos,rollback docker module,push,10,367,297,664,533,112,338,security-and-build,1,docker,7,16,1,0,1,0,1,0,0,0,0,0,0,0,rollback,docker,0.7847,failure
c474fad8,carlos_dev,ci/cd-proyecto,merge dashboard module,pull_request,1,13,50,63,335,81,165,none,0,none,6,20,1,0,0,0,0,0,0,1,0,0,0,0,merge,dashboard,0.0300,success
c40ab0b3,carlos_dev,release/v1,fix tests module,push,12,523,109,632,455,299,113,none,0,none,1,20,0,0,0,0,0,0,0,0,0,0,0,0,fix,tests,0.3718,success
b54ab96a,anndrew492,feature/dashboard,update api module,push,17,636,8,644,561,208,290,security-and-build,4,timeout,5,6,0,0,1,0,0,0,1,0,0,0,0,0,update,api,0.6568,failure
49600870,anndrew492,feature/api,add tests module,pull_request,16,482,309,791,471,278,131,none,0,none,5,9,0,0,1,0,0,0,0,0,0,0,0,0,add,tests,0.1118,success
42d3c37d,maria_backend,feature/api,remove database module,push,17,634,350,984,427,152,195,quality-and-testing,1,database,4,4,0,0,1,0,0,1,0,0,0,0,0,0,remove,database,0.9107,failure
6009b2d7,junior_juan,feature/api,remove billing module,pull_request,15,54,74,128,362,187,116,none,0,none,2,21,0,0,1,0,0,0,0,0,0,0,0,0,remove,billing,0.0300,success
af53911b,carlos_dev,feature/pagos,remove auth module,pull_request,8,644,174,818,501,176,240,quality-and-testing,2,database,1,11,0,0,1,0,0,0,0,0,1,0,0,0,remove,auth,0.4947,failure
4201e91a,maria_backend,feature/dashboard,rollback security module,pull_request,14,74,213,287,311,166,139,none,0,none,5,22,0,0,1,0,0,0,0,0,0,0,0,0,rollback,security,0.1698,success
6edb8107,maria_backend,ci/cd-proyecto,add auth module,pull_request,18,338,333,671,500,127,311,quality-and-testing,3,database,5,7,0,0,0,0,0,0,0,0,1,0,0,0,add,auth,0.6106,failure
1b04b66f,anndrew492,release/v1,update login module,push,15,437,77,514,476,282,156,none,0,none,3,8,0,0,0,0,0,0,0,0,1,0,0,0,update,login,0.4152,success
332c7c8d,carlos_dev,feature/pagos,refactor environment module,pull_request,16,231,287,518,566,224,279,none,0,none,5,17,0,0,1,0,0,0,0,0,0,0,1,0,refactor,environment,0.3797,success
4624d6dc,carlos_dev,feature/api,rollback tests module,push,17,297,17,314,252,173,50,quality-and-testing,4,test,6,14,1,0,1,0,0,0,0,0,0,0,0,0,rollback,tests,0.5377,failure
6856023a,junior_juan,release/v1,remove dashboard module,push,13,406,149,555,484,215,188,none,0,none,1,3,0,0,0,0,0,0,0,1,0,0,0,0,remove,dashboard,0.2804,success
3929a82e,maria_backend,release/v1,refactor api module,push,9,271,170,441,282,146,108,quality-and-testing,5,test,2,21,0,0,0,0,0,0,1,0,0,0,0,0,refactor,api,0.4880,failure
bbbf67d5,anndrew492,feature/dashboard,rollback dependencies module,push,2,141,56,197,463,216,157,security-and-build,5,dependency,2,17,0,0,1,0,0,0,0,0,0,1,0,0,rollback,dependencies,0.4522,failure
2ec34b58,anndrew492,ci/cd-proyecto,update environment module,push,12,386,276,662,537,294,178,telemetry-dispatch,5,timeout,1,8,0,0,0,0,0,0,0,0,0,0,1,0,update,environment,0.6953,failure
728961cf,carlos_dev,feature/api,merge migration module,pull_request,16,215,243,458,371,131,200,quality-and-testing,1,database,5,2,0,0,1,0,0,0,0,0,0,0,0,1,merge,migration,0.4925,failure
d34ec11e,junior_juan,feature/api,rollback auth module,push,7,24,69,93,161,45,49,quality-and-testing,4,test,1,23,0,0,1,0,0,0,0,0,1,0,0,0,rollback,auth,0.4842,failure
49906bd0,maria_backend,ci/cd-proyecto,update migration module,pull_request,11,230,197,427,326,186,61,none,0,none,5,10,0,0,0,0,0,0,0,0,0,0,0,1,update,migration,0.3806,success
bb64d843,junior_juan,feature/pagos,update billing module,push,6,125,30,155,402,143,236,none,0,none,4,7,0,0,1,0,0,0,0,0,0,0,0,0,update,billing,0.0300,success
eac28430,anndrew492,feature/pagos,add docker module,push,13,314,109,423,461,96,310,none,0,none,6,18,1,0,1,0,1,0,0,0,0,0,0,0,add,docker,0.3861,success
8e4f33bf,junior_juan,ci/cd-proyecto,update api module,push,4,78,232,310,249,45,152,none,0,none,4,10,0,0,0,0,0,0,1,0,0,0,0,0,update,api,0.3141,success
1ec7d0f4,junior_juan,feature/pagos,refactor dashboard module,pull_request,16,578,256,834,599,188,342,none,0,none,1,0,0,0,1,0,0,0,0,1,0,0,0,0,refactor,dashboard,0.2679,success
1247c105,carlos_dev,feature/dashboard,remove login module,pull_request,8,502,179,681,588,185,353,quality-and-testing,2,timeout,4,1,0,0,1,0,0,0,0,0,1,0,0,0,remove,login,0.6324,failure
fdb8fde2,carlos_dev,feature/dashboard,add tests module,pull_request,7,595,280,875,273,138,118,none,0,none,3,2,0,0,1,0,0,0,0,0,0,0,0,0,add,tests,0.0724,success
6bb11d08,maria_backend,feature/api,merge billing module,pull_request,9,549,346,895,512,137,296,none,0,none,7,9,1,0,1,0,0,0,0,0,0,0,0,0,merge,billing,0.1014,success
1a5e4918,maria_backend,hotfix/urgente,update frontend module,push,21,635,351,986,481,211,231,security-and-build,3,security,5,19,0,1,0,0,0,0,0,1,0,0,0,0,update,frontend,0.7666,failure
d35c2945,carlos_dev,feature/dashboard,fix database module,push,7,410,47,457,342,153,153,quality-and-testing,2,database,6,1,1,0,1,0,0,1,0,0,0,0,0,0,fix,database,0.5797,failure
8edbdc8f,maria_backend,feature/api,remove frontend module,pull_request,9,124,278,402,296,121,87,none,0,none,2,9,0,0,1,0,0,0,0,1,0,0,0,0,remove,frontend,0.0405,success
37e65df5,carlos_dev,feature/dashboard,refactor login module,push,14,166,318,484,441,149,238,security-and-build,5,security,5,23,0,0,1,0,0,0,0,0,1,0,0,0,refactor,login,0.4784,failure
b6cdb393,anndrew492,hotfix/urgente,update auth module,push,4,227,77,304,256,195,41,quality-and-testing,3,test,6,12,1,1,0,0,0,0,0,0,1,0,0,0,update,auth,0.7495,failure
3690916f,maria_backend,hotfix/urgente,add auth module,pull_request,11,185,14,199,347,149,145,security-and-build,5,dependency,7,22,1,1,0,0,0,0,0,0,1,0,0,0,add,auth,0.6722,failure
8d86b61b,anndrew492,feature/api,remove login module,push,7,267,201,468,405,91,229,none,0,none,4,11,0,0,1,0,0,0,0,0,1,0,0,0,remove,login,0.3189,success
9d85304d,maria_backend,feature/dashboard,remove database module,pull_request,14,55,76,131,413,210,166,none,0,none,1,5,0,0,1,0,0,1,0,0,0,0,0,0,remove,database,0.3594,success
00e52a21,anndrew492,release/v1,rollback login module,push,2,380,76,456,79,17,28,security-and-build,1,dependency,5,2,0,0,0,0,0,0,0,0,1,0,0,0,rollback,login,0.5660,failure
ae3f2866,maria_backend,hotfix/urgente,merge login module,push,6,85,19,104,191,87,46,security-and-build,5,docker,3,16,0,1,0,0,0,0,0,0,1,0,0,0,merge,login,0.4838,failure
e75ba893,maria_backend,release/v1,remove environment module,push,9,440,322,762,370,255,110,quality-and-testing,1,syntax,1,14,0,0,0,0,0,0,0,0,0,0,1,0,remove,environment,0.7197,failure
ac3b0fca,carlos_dev,hotfix/urgente,add database module,push,15,592,164,756,502,271,162,quality-and-testing,3,database,5,22,0,1,0,0,0,1,0,0,0,0,0,0,add,database,0.9200,failure
9bfac5a1,maria_backend,main,refactor dependencies module,pull_request,8,276,225,501,602,181,353,security-and-build,5,dependency,7,12,1,0,0,1,0,0,0,0,0,1,0,0,refactor,dependencies,0.4647,failure
630b0ea9,junior_juan,release/v1,fix migration module,push,8,173,314,487,466,169,226,quality-and-testing,3,database,2,13,0,0,0,0,0,0,0,0,0,0,0,1,fix,migration,0.4973,failure
82dbd4f4,maria_backend,main,fix migration module,pull_request,15,350,174,524,594,353,156,quality-and-testing,4,database,1,8,0,0,0,1,0,0,0,0,0,0,0,1,fix,migration,0.5373,failure
0c2e09db,anndrew492,feature/pagos,merge login module,push,6,153,49,202,338,82,241,none,0,none,1,20,0,0,1,0,0,0,0,0,1,0,0,0,merge,login,0.3610,success
9c814e24,anndrew492,hotfix/urgente,add environment module,push,18,315,48,363,326,157,89,quality-and-testing,4,database,7,9,1,1,0,0,0,0,0,0,0,0,1,0,add,environment,0.8044,failure
dd7bf29b,carlos_dev,feature/pagos,fix frontend module,push,5,272,203,475,447,199,188,none,0,none,5,19,0,0,1,0,0,0,0,1,0,0,0,0,fix,frontend,0.0901,success
4bb4d614,maria_backend,feature/api,merge billing module,pull_request,18,427,14,441,283,21,235,none,0,none,7,19,1,0,1,0,0,0,0,0,0,0,0,0,merge,billing,0.0803,success
fdaefcd6,anndrew492,main,fix frontend module,pull_request,6,221,157,378,176,102,35,none,0,none,1,4,0,0,0,1,0,0,0,1,0,0,0,0,fix,frontend,0.0664,success
245ecb24,carlos_dev,feature/dashboard,refactor tests module,push,3,604,193,797,384,195,121,none,0,none,6,8,1,0,1,0,0,0,0,0,0,0,0,0,refactor,tests,0.3237,success
78186b43,maria_backend,release/v1,refactor login module,pull_request,11,76,305,381,488,191,224,none,0,none,2,21,0,0,0,0,0,0,0,0,1,0,0,0,refactor,login,0.2815,success
cc611f20,anndrew492,ci/cd-proyecto,rollback api module,pull_request,13,516,217,733,452,304,121,telemetry-dispatch,3,env,4,6,0,0,0,0,0,0,1,0,0,0,0,0,rollback,api,0.6622,failure
6f0837b6,anndrew492,hotfix/urgente,add billing module,pull_request,7,588,302,890,498,265,168,security-and-build,1,dependency,7,15,1,1,0,0,0,0,0,0,0,0,0,0,add,billing,0.5632,failure
2ecc391b,carlos_dev,feature/pagos,update tests module,push,4,199,190,389,370,124,219,none,0,none,3,14,0,0,1,0,0,0,0,0,0,0,0,0,update,tests,0.1630,success
8fd0a19c,maria_backend,feature/dashboard,refactor security module,pull_request,12,396,257,653,431,152,233,none,0,none,1,15,0,0,1,0,0,0,0,0,0,0,0,0,refactor,security,0.0951,success
0e8d995f,carlos_dev,hotfix/urgente,merge environment module,pull_request,21,347,182,529,430,185,206,quality-and-testing,1,test,5,12,0,1,0,0,0,0,0,0,0,0,1,0,merge,environment,0.7270,failure
b7c2ce6d,anndrew492,release/v1,add api module,push,2,503,93,596,564,312,185,none,0,none,5,17,0,0,0,0,0,0,1,0,0,0,0,0,add,api,0.3344,success
35c1db19,junior_juan,feature/api,remove docker module,push,4,71,163,234,319,158,99,none,0,none,6,17,1,0,1,0,1,0,0,0,0,0,0,0,remove,docker,0.3950,success
41d15787,anndrew492,hotfix/urgente,fix login module,push,16,371,249,620,364,243,62,security-and-build,1,dependency,2,1,0,1,0,0,0,0,0,0,1,0,0,0,fix,login,0.9200,failure
32e36e8d,maria_backend,ci/cd-proyecto,update tests module,pull_request,10,622,205,827,511,243,201,none,0,none,1,4,0,0,0,0,0,0,0,0,0,0,0,0,update,tests,0.1253,success
d1635144,carlos_dev,release/v1,fix security module,pull_request,6,579,313,892,273,98,135,none,0,none,5,0,0,0,0,0,0,0,0,0,0,0,0,0,fix,security,0.1242,success
a618628b,carlos_dev,hotfix/urgente,fix tests module,pull_request,8,251,263,514,382,254,51,quality-and-testing,1,test,5,15,0,1,0,0,0,0,0,0,0,0,0,0,fix,tests,0.5141,failure
b6b02f83,maria_backend,feature/dashboard,merge auth module,push,17,196,167,363,445,218,177,none,0,none,5,12,0,0,1,0,0,0,0,0,1,0,0,0,merge,auth,0.4314,success
c217d7a5,junior_juan,feature/pagos,fix tests module,push,2,46,173,219,154,54,84,none,0,none,5,20,0,0,1,0,0,0,0,0,0,0,0,0,fix,tests,0.0300,success
1ba9dcde,junior_juan,hotfix/urgente,refactor security module,push,12,29,287,316,394,204,105,security-and-build,1,security,2,14,0,1,0,0,0,0,0,0,0,0,0,0,refactor,security,0.5923,failure
b5b638d8,anndrew492,feature/dashboard,refactor auth module,pull_request,1,255,190,445,316,84,210,none,0,none,3,4,0,0,1,0,0,0,0,0,1,0,0,0,refactor,auth,0.1933,success
d64cfcf0,junior_juan,release/v1,update api module,push,3,201,261,462,174,37,105,quality-and-testing,4,test,1,22,0,0,0,0,0,0,1,0,0,0,0,0,update,api,0.4716,failure
007882c7,anndrew492,feature/dashboard,remove login module,push,14,568,114,682,654,303,308,security-and-build,3,timeout,4,23,0,0,1,0,0,0,0,0,1,0,0,0,remove,login,0.7357,failure
a3e576eb,anndrew492,ci/cd-proyecto,rollback dependencies module,push,17,187,47,234,490,133,333,security-and-build,2,dependency,7,8,1,0,0,0,0,0,0,0,0,1,0,0,rollback,dependencies,0.7840,failure
0974ed55,maria_backend,ci/cd-proyecto,merge environment module,push,3,308,252,560,332,105,211,none,0,none,6,16,1,0,0,0,0,0,0,0,0,0,1,0,merge,environment,0.3980,success
304e8535,junior_juan,hotfix/urgente,add frontend module,pull_request,19,549,195,744,497,262,176,telemetry-dispatch,4,timeout,5,20,0,1,0,0,0,0,0,1,0,0,0,0,add,frontend,0.6304,failure
956d5b58,maria_backend,feature/dashboard,update docker module,pull_request,7,193,266,459,351,138,137,none,0,none,2,4,0,0,1,0,1,0,0,0,0,0,0,0,update,docker,0.2164,success
799e75b9,maria_backend,feature/api,refactor auth module,pull_request,4,220,273,493,153,28,56,none,0,none,6,10,1,0,1,0,0,0,0,0,1,0,0,0,refactor,auth,0.2132,success
532b617f,maria_backend,feature/dashboard,merge frontend module,pull_request,19,319,74,393,332,184,131,none,0,none,7,18,1,0,1,0,0,0,0,1,0,0,0,0,merge,frontend,0.1849,success
a5914f1e,junior_juan,feature/api,remove migration module,pull_request,11,15,317,332,291,106,177,quality-and-testing,3,database,5,4,0,0,1,0,0,0,0,0,0,0,0,1,remove,migration,0.4978,failure
8cf08ef4,carlos_dev,hotfix/urgente,refactor database module,push,17,424,54,478,355,262,40,quality-and-testing,1,database,1,6,0,1,0,0,0,1,0,0,0,0,0,0,refactor,database,0.7155,failure
e02e8f92,anndrew492,ci/cd-proyecto,fix docker module,pull_request,4,573,31,604,542,208,282,security-and-build,5,docker,3,13,0,0,0,0,1,0,0,0,0,0,0,0,fix,docker,0.5551,failure
ab462b8f,carlos_dev,ci/cd-proyecto,rollback api module,push,18,363,109,472,358,84,242,quality-and-testing,1,syntax,4,1,0,0,0,0,0,0,1,0,0,0,0,0,rollback,api,0.6185,failure
7f23a268,carlos_dev,feature/dashboard,rollback environment module,push,17,67,146,213,247,113,111,quality-and-testing,5,runtime,7,3,1,0,1,0,0,0,0,0,0,0,1,0,rollback,environment,0.7169,failure
ee8c1a75,anndrew492,feature/pagos,merge migration module,push,13,504,150,654,588,343,199,quality-and-testing,5,database,1,23,0,0,1,0,0,0,0,0,0,0,0,1,merge,migration,0.7189,failure
47d655ac,junior_juan,hotfix/urgente,merge tests module,pull_request,7,302,35,337,325,189,60,none,0,none,5,8,0,1,0,0,0,0,0,0,0,0,0,0,merge,tests,0.4460,success
8b3a1444,anndrew492,ci/cd-proyecto,refactor frontend module,pull_request,4,466,134,600,568,306,214,none,0,none,6,21,1,0,0,0,0,0,0,1,0,0,0,0,refactor,frontend,0.2805,success
f56c6073,maria_backend,feature/dashboard,add auth module,pull_request,16,216,74,290,301,92,129,none,0,none,6,13,1,0,1,0,0,0,0,0,1,0,0,0,add,auth,0.2712,success
a90147ae,anndrew492,ci/cd-proyecto,add auth module,pull_request,9,271,70,341,122,43,30,none,0,none,2,12,0,0,0,0,0,0,0,0,1,0,0,0,add,auth,0.3516,success
4b095a2e,anndrew492,feature/dashboard,update security module,pull_request,17,381,121,502,422,220,192,none,0,none,1,21,0,0,1,0,0,0,0,0,0,0,0,0,update,security,0.1344,success
69a0bd17,carlos_dev,hotfix/urgente,merge docker module,pull_request,12,29,266,295,271,51,149,security-and-build,3,docker,7,3,1,1,0,0,1,0,0,0,0,0,0,0,merge,docker,0.7000,failure
1e2b3e79,junior_juan,main,update dashboard module,pull_request,20,247,143,390,312,89,185,none,0,none,5,22,0,0,0,1,0,0,0,1,0,0,0,0,update,dashboard,0.1096,success
81a9adec,maria_backend,ci/cd-proyecto,merge auth module,push,15,200,43,243,271,192,40,quality-and-testing,3,test,6,5,1,0,0,0,0,0,0,0,1,0,0,0,merge,auth,0.6546,failure
54fda996,maria_backend,feature/pagos,update auth module,pull_request,6,131,209,340,396,203,112,none,0,none,5,5,0,0,1,0,0,0,0,0,1,0,0,0,update,auth,0.3433,success
c9c50a39,anndrew492,feature/api,rollback api module,push,15,503,131,634,581,237,294,security-and-build,5,timeout,2,20,0,0,1,0,0,0,1,0,0,0,0,0,rollback,api,0.7726,failure
0a2e9d2e,anndrew492,feature/pagos,update security module,push,15,436,260,696,612,248,310,security-and-build,3,security,7,4,1,0,1,0,0,0,0,0,0,0,0,0,update,security,0.6190,failure
075a0989,junior_juan,main,remove security module,pull_request,14,554,349,903,475,261,187,none,0,none,3,19,0,0,0,1,0,0,0,0,0,0,0,0,remove,security,0.3223,success
a2ed9b5f,anndrew492,feature/api,fix dashboard module,push,5,460,52,512,463,319,119,none,0,none,2,8,0,0,1,0,0,0,0,1,0,0,0,0,fix,dashboard,0.1592,success
b6ed4c26,junior_juan,release/v1,remove security module,pull_request,10,468,267,735,364,245,88,none,0,none,1,12,0,0,0,0,0,0,0,0,0,0,0,0,remove,security,0.2268,success
56322484,carlos_dev,hotfix/urgente,merge dashboard module,pull_request,12,128,62,190,391,178,157,none,0,none,1,0,0,1,0,0,0,0,0,1,0,0,0,0,merge,dashboard,0.3848,success
3734dfaf,carlos_dev,ci/cd-proyecto,remove auth module,pull_request,14,144,25,169,240,15,149,quality-and-testing,4,test,5,1,0,0,0,0,0,0,0,0,1,0,0,0,remove,auth,0.4532,failure
b75c5de6,junior_juan,release/v1,rollback dependencies module,push,12,95,124,219,444,116,268,security-and-build,2,dependency,4,6,0,0,0,0,0,0,0,0,0,1,0,0,rollback,dependencies,0.5415,failure
a7d5acea,maria_backend,release/v1,rollback login module,pull_request,18,49,129,178,154,78,42,security-and-build,2,dependency,1,0,0,0,0,0,0,0,0,0,1,0,0,0,rollback,login,0.4995,failure
3d61d45b,carlos_dev,ci/cd-proyecto,merge environment module,push,1,383,179,562,476,296,108,security-and-build,3,security,7,20,1,0,0,0,0,0,0,0,0,0,1,0,merge,environment,0.6366,failure
1d4e2d0f,anndrew492,release/v1,refactor auth module,push,5,17,192,209,377,167,146,none,0,none,2,2,0,0,0,0,0,0,0,0,1,0,0,0,refactor,auth,0.3573,success
2a75c814,carlos_dev,release/v1,update auth module,pull_request,7,161,328,489,236,143,65,none,0,none,7,4,1,0,0,0,0,0,0,0,1,0,0,0,update,auth,0.3736,success
a9949d3d,carlos_dev,main,refactor api module,pull_request,10,376,162,538,452,302,122,none,0,none,3,8,0,0,0,1,0,0,1,0,0,0,0,0,refactor,api,0.3457,success
39a8b974,junior_juan,ci/cd-proyecto,rollback dependencies module,push,15,466,11,477,422,52,280,security-and-build,1,dependency,2,20,0,0,0,0,0,0,0,0,0,1,0,0,rollback,dependencies,0.7504,failure
02fb6325,junior_juan,release/v1,update api module,pull_request,11,296,265,561,470,225,202,none,0,none,1,15,0,0,0,0,0,0,1,0,0,0,0,0,update,api,0.2974,success
80e3b777,junior_juan,feature/api,rollback dashboard module,pull_request,18,293,72,365,328,113,206,none,0,none,6,6,1,0,1,0,0,0,0,1,0,0,0,0,rollback,dashboard,0.3759,success
602ac3c4,anndrew492,feature/pagos,rollback database module,push,12,472,327,799,761,336,364,quality-and-testing,3,database,4,0,0,0,1,0,0,1,0,0,0,0,0,0,rollback,database,0.8332,failure
50360961,junior_juan,ci/cd-proyecto,update environment module,pull_request,9,245,108,353,162,50,64,none,0,none,1,8,0,0,0,0,0,0,0,0,0,0,1,0,update,environment,0.3051,success
8c742778,junior_juan,ci/cd-proyecto,fix database module,pull_request,18,14,309,323,488,207,258,quality-and-testing,4,database,6,0,1,0,0,0,0,1,0,0,0,0,0,0,fix,database,0.5794,failure
f0b63a59,junior_juan,feature/dashboard,update docker module,push,16,638,107,745,653,143,430,security-and-build,3,docker,5,18,0,0,1,0,1,0,0,0,0,0,0,0,update,docker,0.7026,failure
251134b3,maria_backend,feature/api,rollback environment module,pull_request,16,510,253,763,400,170,164,security-and-build,5,dependency,4,10,0,0,1,0,0,0,0,0,0,0,1,0,rollback,environment,0.6717,failure
577c2305,carlos_dev,feature/pagos,remove security module,push,14,380,187,567,513,220,204,none,0,none,5,0,0,0,1,0,0,0,0,0,0,0,0,0,remove,security,0.3525,success
ded0df59,carlos_dev,ci/cd-proyecto,add docker module,push,2,640,34,674,498,209,233,security-and-build,5,docker,6,9,1,0,0,0,1,0,0,0,0,0,0,0,add,docker,0.6849,failure
fa9fbae6,anndrew492,feature/api,refactor database module,push,14,377,11,388,552,281,246,none,0,none,1,9,0,0,1,0,0,1,0,0,0,0,0,0,refactor,database,0.4288,success
52a29aed,junior_juan,hotfix/urgente,add login module,pull_request,9,23,130,153,223,64,85,quality-and-testing,1,database,6,15,1,1,0,0,0,0,0,0,1,0,0,0,add,login,0.4980,failure
bb94c827,carlos_dev,feature/api,rollback migration module,push,21,336,267,603,425,188,159,quality-and-testing,4,database,2,7,0,0,1,0,0,0,0,0,0,0,0,1,rollback,migration,0.9200,failure
0dbab1c9,anndrew492,main,refactor tests module,pull_request,4,513,297,810,498,227,195,none,0,none,4,14,0,0,0,1,0,0,0,0,0,0,0,0,refactor,tests,0.1438,success
595861de,anndrew492,release/v1,merge security module,push,3,314,56,370,235,23,153,none,0,none,5,11,0,0,0,0,0,0,0,0,0,0,0,0,merge,security,0.2717,success
23ed3eee,carlos_dev,release/v1,refactor environment module,push,13,329,252,581,449,172,269,security-and-build,3,timeout,4,21,0,0,0,0,0,0,0,0,0,0,1,0,refactor,environment,0.6651,failure
2f2a1aab,maria_backend,hotfix/urgente,add login module,pull_request,9,619,358,977,387,217,160,security-and-build,2,dependency,3,10,0,1,0,0,0,0,0,0,1,0,0,0,add,login,0.9200,failure
3437d671,carlos_dev,ci/cd-proyecto,add database module,pull_request,5,217,90,307,519,244,246,quality-and-testing,5,database,7,5,1,0,0,0,0,1,0,0,0,0,0,0,add,database,0.5039,failure
bc5ca14e,anndrew492,feature/dashboard,refactor login module,pull_request,4,630,147,777,613,183,343,telemetry-dispatch,1,timeout,6,0,1,0,1,0,0,0,0,0,1,0,0,0,refactor,login,0.6223,failure
96527a3c,carlos_dev,release/v1,update login module,push,15,619,171,790,580,293,237,telemetry-dispatch,1,timeout,3,23,0,0,0,0,0,0,0,0,1,0,0,0,update,login,0.6879,failure
26a37c19,maria_backend,feature/pagos,merge dashboard module,push,14,625,20,645,251,64,152,none,0,none,5,20,0,0,1,0,0,0,0,1,0,0,0,0,merge,dashboard,0.3735,success
76d05f8c,maria_backend,main,rollback login module,pull_request,13,546,58,604,261,128,120,quality-and-testing,3,syntax,3,8,0,0,0,1,0,0,0,0,1,0,0,0,rollback,login,0.6704,failure
9dac1f9b,anndrew492,hotfix/urgente,merge database module,pull_request,8,232,110,342,532,282,189,quality-and-testing,2,database,4,17,0,1,0,0,0,1,0,0,0,0,0,0,merge,database,0.5608,failure
fd41002c,maria_backend,feature/dashboard,remove tests module,push,15,523,221,744,562,280,257,telemetry-dispatch,2,timeout,7,3,1,0,1,0,0,0,0,0,0,0,0,0,remove,tests,0.4768,failure
996451f3,carlos_dev,release/v1,update billing module,pull_request,8,229,219,448,284,144,73,none,0,none,2,23,0,0,0,0,0,0,0,0,0,0,0,0,update,billing,0.0300,success
2929d89a,maria_backend,main,refactor docker module,pull_request,10,360,36,396,330,109,206,none,0,none,1,1,0,0,0,1,1,0,0,0,0,0,0,0,refactor,docker,0.3432,success
90573e40,maria_backend,feature/api,remove database module,push,9,571,166,737,566,346,168,quality-and-testing,5,database,3,17,0,0,1,0,0,1,0,0,0,0,0,0,remove,database,0.6851,failure
6b45d9a4,maria_backend,feature/pagos,update dependencies module,push,17,24,79,103,508,134,301,security-and-build,1,dependency,5,16,0,0,1,0,0,0,0,0,0,1,0,0,update,dependencies,0.5361,failure
d117f054,carlos_dev,hotfix/urgente,remove docker module,pull_request,8,296,191,487,284,90,164,security-and-build,1,docker,5,1,0,1,0,0,1,0,0,0,0,0,0,0,remove,docker,0.7140,failure
8a83b861,junior_juan,release/v1,update frontend module,push,8,535,153,688,518,329,162,none,0,none,1,5,0,0,0,0,0,0,0,1,0,0,0,0,update,frontend,0.4224,success
c3c08330,anndrew492,feature/dashboard,fix database module,pull_request,14,293,207,500,337,137,136,quality-and-testing,1,database,1,3,0,0,1,0,0,1,0,0,0,0,0,0,fix,database,0.4813,failure
a45895da,carlos_dev,hotfix/urgente,merge environment module,pull_request,19,38,327,365,172,20,89,security-and-build,1,dependency,6,12,1,1,0,0,0,0,0,0,0,0,1,0,merge,environment,0.6834,failure
355118a5,anndrew492,hotfix/urgente,refactor database module,pull_request,26,425,104,529,721,332,332,quality-and-testing,3,database,2,10,0,1,0,0,0,1,0,0,0,0,0,0,refactor,database,0.8049,failure
fa062cd6,anndrew492,hotfix/urgente,remove docker module,push,6,401,127,528,594,183,406,security-and-build,4,docker,6,20,1,1,0,0,1,0,0,0,0,0,0,0,remove,docker,0.9167,failure
60dc7b5f,anndrew492,ci/cd-proyecto,merge tests module,push,14,27,143,170,394,155,178,none,0,none,1,11,0,0,0,0,0,0,0,0,0,0,0,0,merge,tests,0.2555,success
1b912b02,maria_backend,hotfix/urgente,fix auth module,push,7,607,318,925,596,294,270,telemetry-dispatch,2,timeout,2,5,0,1,0,0,0,0,0,0,1,0,0,0,fix,auth,0.9200,failure
2c56aeae,carlos_dev,hotfix/urgente,remove database module,push,15,244,172,416,358,219,70,quality-and-testing,4,database,7,12,1,1,0,0,0,1,0,0,0,0,0,0,remove,database,0.8823,failure
26d4a822,carlos_dev,main,merge auth module,pull_request,3,284,313,597,508,262,232,quality-and-testing,4,env,6,20,1,0,0,1,0,0,0,0,1,0,0,0,merge,auth,0.6085,failure
648a92dc,anndrew492,feature/api,rollback dashboard module,push,10,50,122,172,340,209,126,none,0,none,5,0,0,0,1,0,0,0,0,1,0,0,0,0,rollback,dashboard,0.2568,success
37e65ceb,junior_juan,main,update security module,pull_request,17,305,185,490,295,204,84,none,0,none,3,21,0,0,0,1,0,0,0,0,0,0,0,0,update,security,0.1924,success
db3fd910,anndrew492,main,merge api module,pull_request,8,223,91,314,238,55,171,none,0,none,3,16,0,0,0,1,0,0,1,0,0,0,0,0,merge,api,0.3980,success
4eabd944,maria_backend,feature/pagos,rollback auth module,push,13,61,317,378,368,50,235,quality-and-testing,3,test,5,9,0,0,1,0,0,0,0,0,1,0,0,0,rollback,auth,0.5315,failure
c22b46af,carlos_dev,main,update tests module,push,2,515,270,785,470,258,191,quality-and-testing,1,test,4,12,0,0,0,1,0,0,0,0,0,0,0,0,update,tests,0.4660,failure
2798b156,junior_juan,main,refactor billing module,pull_request,12,535,317,852,481,115,286,none,0,none,1,23,0,0,0,1,0,0,0,0,0,0,0,0,refactor,billing,0.3001,success
3ed43db6,carlos_dev,feature/dashboard,rollback migration module,push,3,229,209,438,500,283,179,quality-and-testing,5,database,5,0,0,0,1,0,0,0,0,0,0,0,0,1,rollback,migration,0.5945,failure
ee8085ef,junior_juan,feature/api,fix environment module,push,6,198,141,339,203,59,133,none,0,none,5,8,0,0,1,0,0,0,0,0,0,0,1,0,fix,environment,0.2936,success
2596efeb,junior_juan,feature/dashboard,rollback api module,pull_request,12,286,324,610,528,166,272,security-and-build,2,timeout,2,18,0,0,1,0,0,0,1,0,0,0,0,0,rollback,api,0.5316,failure
3b9409e1,maria_backend,feature/api,fix dashboard module,push,14,209,291,500,375,111,203,none,0,none,2,6,0,0,1,0,0,0,0,1,0,0,0,0,fix,dashboard,0.2885,success
429490b9,anndrew492,feature/api,rollback login module,push,3,177,211,388,427,200,184,quality-and-testing,1,syntax,2,11,0,0,1,0,0,0,0,0,1,0,0,0,rollback,login,0.5352,failure
60b9ba33,junior_juan,ci/cd-proyecto,update frontend module,push,13,307,18,325,410,207,119,none,0,none,2,21,0,0,0,0,0,0,0,1,0,0,0,0,update,frontend,0.3796,success
fd088bbe,carlos_dev,feature/api,remove security module,push,10,85,152,237,238,113,60,none,0,none,3,2,0,0,1,0,0,0,0,0,0,0,0,0,remove,security,0.0300,success
2b2b1b6d,anndrew492,feature/api,merge tests module,push,6,352,55,407,343,134,119,none,0,none,7,14,1,0,1,0,0,0,0,0,0,0,0,0,merge,tests,0.2578,success
936ebe8a,carlos_dev,ci/cd-proyecto,fix login module,pull_request,12,566,91,657,371,112,187,quality-and-testing,5,runtime,4,3,0,0,0,0,0,0,0,0,1,0,0,0,fix,login,0.5912,failure
339a7717,junior_juan,ci/cd-proyecto,remove database module,push,14,87,332,419,449,230,191,quality-and-testing,2,database,3,6,0,0,0,0,0,1,0,0,0,0,0,0,remove,database,0.6367,failure
8fc5665e,junior_juan,feature/api,merge environment module,push,16,55,229,284,343,57,230,quality-and-testing,1,database,5,2,0,0,1,0,0,0,0,0,0,0,1,0,merge,environment,0.4988,failure
6bd243af,carlos_dev,hotfix/urgente,rollback billing module,push,7,66,34,100,457,157,216,quality-and-testing,5,test,1,20,0,1,0,0,0,0,0,0,0,0,0,0,rollback,billing,0.5638,failure
859b54c3,junior_juan,ci/cd-proyecto,rollback frontend module,pull_request,11,302,149,451,353,48,215,none,0,none,2,0,0,0,0,0,0,0,0,1,0,0,0,0,rollback,frontend,0.2255,success
48da1f4d,maria_backend,feature/pagos,fix environment module,push,14,464,265,729,428,145,226,quality-and-testing,2,runtime,6,23,1,0,1,0,0,0,0,0,0,0,1,0,fix,environment,0.9010,failure
14531244,maria_backend,feature/api,merge docker module,pull_request,18,330,172,502,681,254,389,none,0,none,6,17,1,0,1,0,1,0,0,0,0,0,0,0,merge,docker,0.3743,success
d5142529,junior_juan,release/v1,rollback database module,pull_request,21,608,208,816,489,308,127,quality-and-testing,4,database,1,13,0,0,0,0,0,1,0,0,0,0,0,0,rollback,database,0.6973,failure
4eab271f,junior_juan,feature/pagos,update docker module,push,17,114,105,219,305,36,251,none,0,none,4,10,0,0,1,0,1,0,0,0,0,0,0,0,update,docker,0.4161,success
e0aef8f6,junior_juan,ci/cd-proyecto,merge dashboard module,pull_request,4,5,327,332,376,185,162,none,0,none,1,0,0,0,0,0,0,0,0,1,0,0,0,0,merge,dashboard,0.0996,success
de4fe4e0,maria_backend,hotfix/urgente,add auth module,pull_request,9,303,181,484,299,123,169,quality-and-testing,2,timeout,1,5,0,1,0,0,0,0,0,0,1,0,0,0,add,auth,0.6489,failure
7337309b,maria_backend,release/v1,rollback api module,push,11,542,183,725,507,341,122,quality-and-testing,3,syntax,7,0,1,0,0,0,0,0,1,0,0,0,0,0,rollback,api,0.8948,failure
435f0ddc,anndrew492,ci/cd-proyecto,remove migration module,push,15,66,107,173,553,296,182,quality-and-testing,1,database,6,4,1,0,0,0,0,0,0,0,0,0,0,1,remove,migration,0.8049,failure
5e07e0dc,junior_juan,feature/dashboard,add login module,push,3,332,88,420,314,33,255,none,0,none,7,15,1,0,1,0,0,0,0,0,1,0,0,0,add,login,0.3953,success
fd323bc0,maria_backend,hotfix/urgente,merge login module,pull_request,11,74,359,433,205,37,122,security-and-build,4,docker,3,5,0,1,0,0,0,0,0,0,1,0,0,0,merge,login,0.6669,failure
91a27e65,anndrew492,feature/pagos,add environment module,push,15,132,296,428,312,218,28,security-and-build,4,docker,3,0,0,0,1,0,0,0,0,0,0,0,1,0,add,environment,0.5149,failure
08ffe2c8,carlos_dev,release/v1,refactor login module,pull_request,7,102,186,288,198,85,73,none,0,none,2,14,0,0,0,0,0,0,0,0,1,0,0,0,refactor,login,0.1212,success
7f49c9cc,anndrew492,feature/api,fix migration module,push,13,137,347,484,477,199,229,none,0,none,3,13,0,0,1,0,0,0,0,0,0,0,0,1,fix,migration,0.3932,success
e8ffd13e,junior_juan,feature/api,fix api module,pull_request,6,133,126,259,401,205,169,none,0,none,3,20,0,0,1,0,0,0,1,0,0,0,0,0,fix,api,0.1246,success
61e8f5ec,carlos_dev,main,refactor frontend module,pull_request,18,400,86,486,332,32,242,none,0,none,3,20,0,0,0,1,0,0,0,1,0,0,0,0,refactor,frontend,0.1492,success
4b638984,maria_backend,ci/cd-proyecto,rollback auth module,push,1,57,297,354,446,188,179,telemetry-dispatch,1,env,7,23,1,0,0,0,0,0,0,0,1,0,0,0,rollback,auth,0.6469,failure
574b18fb,carlos_dev,ci/cd-proyecto,merge api module,push,8,413,108,521,570,206,343,none,0,none,4,20,0,0,0,0,0,0,1,0,0,0,0,0,merge,api,0.4049,success
f2b93bdd,carlos_dev,ci/cd-proyecto,refactor auth module,pull_request,6,172,245,417,308,127,141,none,0,none,6,13,1,0,0,0,0,0,0,0,1,0,0,0,refactor,auth,0.3473,success
3caffb32,anndrew492,ci/cd-proyecto,merge login module,push,17,343,42,385,167,33,68,security-and-build,2,docker,6,5,1,0,0,0,0,0,0,0,1,0,0,0,merge,login,0.5865,failure
cdeb4c07,junior_juan,hotfix/urgente,update dependencies module,push,4,286,216,502,687,247,359,security-and-build,4,dependency,7,10,1,1,0,0,0,0,0,0,0,1,0,0,update,dependencies,0.8428,failure
f6672e0e,maria_backend,hotfix/urgente,remove api module,push,16,22,15,37,338,119,170,security-and-build,5,security,3,7,0,1,0,0,0,0,1,0,0,0,0,0,remove,api,0.5807,failure
42212cf3,carlos_dev,feature/api,merge billing module,pull_request,15,483,235,718,488,156,255,none,0,none,5,12,0,0,1,0,0,0,0,0,0,0,0,0,merge,billing,0.2494,success
9eab3c55,carlos_dev,hotfix/urgente,update security module,pull_request,18,327,289,616,420,84,306,security-and-build,2,security,4,9,0,1,0,0,0,0,0,0,0,0,0,0,update,security,0.5467,failure
3474dfd1,maria_backend,feature/api,merge environment module,push,17,115,291,406,309,176,117,quality-and-testing,3,database,7,9,1,0,1,0,0,0,0,0,0,0,1,0,merge,environment,0.6203,failure
3fccd12a,maria_backend,feature/dashboard,merge api module,push,8,476,167,643,454,177,229,security-and-build,1,docker,1,0,0,0,1,0,0,0,1,0,0,0,0,0,merge,api,0.6365,failure
e43e9ddf,maria_backend,feature/pagos,add dashboard module,pull_request,2,53,313,366,240,16,149,none,0,none,5,9,0,0,1,0,0,0,0,1,0,0,0,0,add,dashboard,0.0300,success
a7f0cef8,anndrew492,release/v1,fix docker module,pull_request,4,391,221,612,560,134,372,security-and-build,1,docker,3,0,0,0,0,0,1,0,0,0,0,0,0,0,fix,docker,0.6102,failure
7c16e87f,carlos_dev,feature/pagos,add tests module,push,12,105,302,407,151,30,105,none,0,none,5,0,0,0,1,0,0,0,0,0,0,0,0,0,add,tests,0.2339,success
36ed79da,junior_juan,hotfix/urgente,refactor security module,pull_request,6,275,305,580,434,209,207,security-and-build,1,security,6,5,1,1,0,0,0,0,0,0,0,0,0,0,refactor,security,0.5712,failure
168a46b8,anndrew492,release/v1,merge billing module,push,17,369,8,377,258,74,116,none,0,none,7,16,1,0,0,0,0,0,0,0,0,0,0,0,merge,billing,0.3112,success
17cdb26f,maria_backend,ci/cd-proyecto,merge login module,push,13,277,100,377,285,192,39,quality-and-testing,3,env,7,12,1,0,0,0,0,0,0,0,1,0,0,0,merge,login,0.5328,failure
83c43105,carlos_dev,feature/api,update database module,pull_request,6,268,347,615,667,363,277,quality-and-testing,3,database,3,16,0,0,1,0,0,1,0,0,0,0,0,0,update,database,0.5281,failure
cc0f84b0,anndrew492,main,add security module,pull_request,9,259,350,609,351,125,189,none,0,none,6,1,1,0,0,1,0,0,0,0,0,0,0,0,add,security,0.2413,success
086a728f,maria_backend,hotfix/urgente,rollback migration module,pull_request,18,320,288,608,711,347,318,quality-and-testing,2,database,6,8,1,1,0,0,0,0,0,0,0,0,0,1,rollback,migration,0.9200,failure
91c2b4ab,junior_juan,release/v1,remove database module,pull_request,17,259,246,505,616,409,178,quality-and-testing,1,database,6,6,1,0,0,0,0,1,0,0,0,0,0,0,remove,database,0.5886,failure
1a216907,carlos_dev,ci/cd-proyecto,update auth module,push,3,275,141,416,273,127,121,none,0,none,1,2,0,0,0,0,0,0,0,0,1,0,0,0,update,auth,0.4030,success
eedd60ca,maria_backend,ci/cd-proyecto,refactor dashboard module,push,20,57,257,314,366,187,91,security-and-build,1,docker,7,2,1,0,0,0,0,0,0,1,0,0,0,0,refactor,dashboard,0.4845,failure
811966eb,junior_juan,hotfix/urgente,refactor migration module,pull_request,3,467,337,804,678,379,261,quality-and-testing,4,database,7,2,1,1,0,0,0,0,0,0,0,0,0,1,refactor,migration,0.9200,failure
74850836,maria_backend,feature/api,refactor dashboard module,push,9,9,204,213,452,140,227,none,0,none,2,7,0,0,1,0,0,0,0,1,0,0,0,0,refactor,dashboard,0.0939,success
e686da26,maria_backend,release/v1,fix dashboard module,push,7,402,130,532,490,276,181,security-and-build,2,dependency,6,2,1,0,0,0,0,0,0,1,0,0,0,0,fix,dashboard,0.4545,failure
41ea7da7,junior_juan,main,merge login module,push,10,642,353,995,540,107,361,telemetry-dispatch,3,timeout,4,19,0,0,0,1,0,0,0,0,1,0,0,0,merge,login,0.9200,failure
c1965acd,maria_backend,feature/dashboard,rollback database module,push,20,407,217,624,674,278,328,quality-and-testing,3,database,4,23,0,0,1,0,0,1,0,0,0,0,0,0,rollback,database,0.9020,failure
22003d44,carlos_dev,feature/pagos,rollback security module,push,16,371,141,512,561,319,184,security-and-build,2,security,6,3,1,0,1,0,0,0,0,0,0,0,0,0,rollback,security,0.6637,failure
270f7789,carlos_dev,feature/api,update frontend module,push,11,38,320,358,390,111,189,none,0,none,2,19,0,0,1,0,0,0,0,1,0,0,0,0,update,frontend,0.1822,success
d865cdba,maria_backend,feature/api,merge auth module,push,13,643,95,738,346,158,102,security-and-build,1,env,1,3,0,0,1,0,0,0,0,0,1,0,0,0,merge,auth,0.5828,failure
f263b41a,junior_juan,release/v1,remove security module,push,5,230,280,510,381,297,70,none,0,none,1,7,0,0,0,0,0,0,0,0,0,0,0,0,remove,security,0.1166,success
e0c18995,carlos_dev,feature/dashboard,update security module,pull_request,2,276,201,477,294,55,171,none,0,none,3,7,0,0,1,0,0,0,0,0,0,0,0,0,update,security,0.0300,success
7e7268d9,carlos_dev,main,add tests module,push,4,177,228,405,379,146,216,none,0,none,3,3,0,0,0,1,0,0,0,0,0,0,0,0,add,tests,0.3616,success
c07ed8bd,carlos_dev,ci/cd-proyecto,remove environment module,push,15,476,261,737,403,113,201,telemetry-dispatch,2,env,6,0,1,0,0,0,0,0,0,0,0,0,1,0,remove,environment,0.9200,failure
92c1ca59,carlos_dev,feature/api,update docker module,pull_request,17,219,24,243,382,108,195,none,0,none,5,4,0,0,1,0,1,0,0,0,0,0,0,0,update,docker,0.2758,success
030876a3,anndrew492,feature/api,rollback frontend module,push,18,381,69,450,363,156,198,quality-and-testing,2,syntax,6,22,1,0,1,0,0,0,0,1,0,0,0,0,rollback,frontend,0.6137,failure
36c4d54e,carlos_dev,feature/pagos,rollback database module,push,20,128,233,361,411,168,173,quality-and-testing,5,database,4,17,0,0,1,0,0,1,0,0,0,0,0,0,rollback,database,0.6497,failure
0706ce65,carlos_dev,ci/cd-proyecto,fix billing module,pull_request,6,64,271,335,323,156,121,none,0,none,2,19,0,0,0,0,0,0,0,0,0,0,0,0,fix,billing,0.0300,success
420efee7,junior_juan,main,add dashboard module,pull_request,15,111,94,205,278,197,21,none,0,none,5,3,0,0,0,1,0,0,0,1,0,0,0,0,add,dashboard,0.1007,success
572b0224,carlos_dev,hotfix/urgente,remove billing module,pull_request,6,540,142,682,467,191,194,quality-and-testing,1,runtime,6,21,1,1,0,0,0,0,0,0,0,0,0,0,remove,billing,0.6662,failure
07daea25,carlos_dev,hotfix/urgente,remove dependencies module,push,23,450,214,664,607,316,245,security-and-build,2,dependency,6,12,1,1,0,0,0,0,0,0,0,1,0,0,remove,dependencies,0.9200,failure
f2c24f44,anndrew492,feature/dashboard,add frontend module,push,6,548,242,790,265,114,140,none,0,none,5,10,0,0,1,0,0,0,0,1,0,0,0,0,add,frontend,0.1652,success
6fdaf135,maria_backend,feature/dashboard,add frontend module,pull_request,15,160,65,225,273,70,157,none,0,none,5,4,0,0,1,0,0,0,0,1,0,0,0,0,add,frontend,0.0300,success
dcc23683,carlos_dev,hotfix/urgente,update login module,push,20,64,72,136,313,194,110,quality-and-testing,5,test,3,1,0,1,0,0,0,0,0,0,1,0,0,0,update,login,0.6189,failure
34c2b30f,carlos_dev,release/v1,fix login module,pull_request,5,195,173,368,214,19,126,none,0,none,1,3,0,0,0,0,0,0,0,0,1,0,0,0,fix,login,0.4092,success
82f92cd5,carlos_dev,feature/api,merge billing module,pull_request,14,54,92,146,220,94,56,none,0,none,7,3,1,0,1,0,0,0,0,0,0,0,0,0,merge,billing,0.0300,success
c0b228ed,maria_backend,hotfix/urgente,fix api module,pull_request,17,415,304,719,394,165,189,security-and-build,2,security,4,20,0,1,0,0,0,0,1,0,0,0,0,0,fix,api,0.9200,failure
5ea3da39,maria_backend,feature/pagos,merge database module,push,20,116,89,205,420,257,120,quality-and-testing,2,database,7,3,1,0,1,0,0,1,0,0,0,0,0,0,merge,database,0.5986,failure
2193e77f,carlos_dev,feature/api,add auth module,push,9,482,302,784,461,274,143,quality-and-testing,3,test,5,14,0,0,1,0,0,0,0,0,1,0,0,0,add,auth,0.6586,failure
659cae35,carlos_dev,feature/api,refactor api module,pull_request,12,304,269,573,360,201,133,security-and-build,2,dependency,6,4,1,0,1,0,0,0,1,0,0,0,0,0,refactor,api,0.4959,failure
5e5c962a,anndrew492,feature/api,fix migration module,push,18,560,301,861,413,282,110,quality-and-testing,3,database,5,20,0,0,1,0,0,0,0,0,0,0,0,1,fix,migration,0.7367,failure
8344d2b0,maria_backend,ci/cd-proyecto,merge frontend module,pull_request,7,72,323,395,430,211,139,none,0,none,4,7,0,0,0,0,0,0,0,1,0,0,0,0,merge,frontend,0.0300,success
d269261e,carlos_dev,main,merge environment module,pull_request,10,463,20,483,251,166,57,quality-and-testing,2,timeout,6,14,1,0,0,1,0,0,0,0,0,0,1,0,merge,environment,0.5488,failure
97b2998d,junior_juan,main,update api module,pull_request,4,515,233,748,617,332,208,security-and-build,3,timeout,4,10,0,0,0,1,0,0,1,0,0,0,0,0,update,api,0.5145,failure
db9bd13c,junior_juan,hotfix/urgente,merge billing module,push,11,399,291,690,324,95,205,quality-and-testing,4,env,4,2,0,1,0,0,0,0,0,0,0,0,0,0,merge,billing,0.7103,failure
98e2f9a9,junior_juan,release/v1,update auth module,push,2,291,319,610,303,180,91,security-and-build,5,timeout,3,18,0,0,0,0,0,0,0,0,1,0,0,0,update,auth,0.5362,failure
05c70e8d,junior_juan,hotfix/urgente,fix auth module,push,20,363,31,394,323,108,181,security-and-build,2,dependency,6,4,1,1,0,0,0,0,0,0,1,0,0,0,fix,auth,0.9200,failure
1ac1e50f,maria_backend,release/v1,update migration module,pull_request,17,359,301,660,764,384,294,quality-and-testing,2,database,1,4,0,0,0,0,0,0,0,0,0,0,0,1,update,migration,0.7866,failure
3fb40241,carlos_dev,feature/dashboard,update docker module,push,2,259,334,593,551,244,226,none,0,none,6,6,1,0,1,0,1,0,0,0,0,0,0,0,update,docker,0.4105,success
f4a131a3,junior_juan,feature/api,merge dependencies module,pull_request,11,119,327,446,252,82,83,none,0,none,5,13,0,0,1,0,0,0,0,0,0,1,0,0,merge,dependencies,0.3976,success
5d6c072c,junior_juan,ci/cd-proyecto,add environment module,push,16,491,144,635,500,177,265,security-and-build,4,dependency,3,20,0,0,0,0,0,0,0,0,0,0,1,0,add,environment,0.7914,failure
a2af2816,junior_juan,feature/api,merge login module,push,9,497,163,660,481,213,203,security-and-build,3,security,3,23,0,0,1,0,0,0,0,0,1,0,0,0,merge,login,0.6334,failure
e961522d,junior_juan,feature/api,fix billing module,push,4,524,90,614,451,91,308,none,0,none,2,3,0,0,1,0,0,0,0,0,0,0,0,0,fix,billing,0.3828,success
1f8544a8,maria_backend,feature/pagos,remove billing module,pull_request,8,215,163,378,491,216,236,none,0,none,2,7,0,0,1,0,0,0,0,0,0,0,0,0,remove,billing,0.0300,success
8cd4e0f4,maria_backend,feature/dashboard,rollback dashboard module,push,9,577,156,733,420,226,153,security-and-build,4,dependency,7,2,1,0,1,0,0,0,0,1,0,0,0,0,rollback,dashboard,0.6309,failure
b410924e,carlos_dev,feature/dashboard,fix tests module,push,8,481,79,560,434,109,294,none,0,none,7,14,1,0,1,0,0,0,0,0,0,0,0,0,fix,tests,0.2835,success
923a3355,anndrew492,main,refactor api module,push,4,600,168,768,602,231,289,telemetry-dispatch,4,timeout,5,13,0,0,0,1,0,0,1,0,0,0,0,0,refactor,api,0.8415,failure
4fd71cd3,carlos_dev,feature/pagos,remove environment module,pull_request,3,439,192,631,486,204,226,security-and-build,4,dependency,2,20,0,0,1,0,0,0,0,0,0,0,1,0,remove,environment,0.5776,failure
6796c974,carlos_dev,ci/cd-proyecto,fix dashboard module,pull_request,5,594,267,861,495,127,278,none,0,none,5,4,0,0,0,0,0,0,0,1,0,0,0,0,fix,dashboard,0.2209,success
c65799dc,carlos_dev,feature/api,merge dependencies module,push,18,171,282,453,447,189,232,security-and-build,4,dependency,1,13,0,0,1,0,0,0,0,0,0,1,0,0,merge,dependencies,0.5301,failure
13ebbd64,carlos_dev,feature/api,update tests module,push,4,457,225,682,580,236,314,none,0,none,2,17,0,0,1,0,0,0,0,0,0,0,0,0,update,tests,0.2630,success
c9f6c438,maria_backend,main,refactor docker module,push,14,125,277,402,339,142,163,security-and-build,3,docker,3,2,0,0,0,1,1,0,0,0,0,0,0,0,refactor,docker,0.8570,failure
0ca763ad,anndrew492,main,rollback database module,push,12,85,220,305,334,262,58,quality-and-testing,5,database,5,16,0,0,0,1,0,1,0,0,0,0,0,0,rollback,database,0.8660,failure
6e7d5b56,carlos_dev,feature/api,fix tests module,push,10,492,46,538,465,115,299,none,0,none,5,7,0,0,1,0,0,0,0,0,0,0,0,0,fix,tests,0.2115,success
7534a82f,anndrew492,release/v1,add login module,pull_request,6,44,346,390,446,209,216,none,0,none,7,2,1,0,0,0,0,0,0,0,1,0,0,0,add,login,0.3936,success
1a65e402,carlos_dev,release/v1,add billing module,pull_request,16,415,132,547,512,206,276,none,0,none,4,18,0,0,0,0,0,0,0,0,0,0,0,0,add,billing,0.0887,success
2a9f5c8b,anndrew492,feature/dashboard,add api module,pull_request,10,567,167,734,385,191,166,security-and-build,5,docker,7,4,1,0,1,0,0,0,1,0,0,0,0,0,add,api,0.6568,failure
a4090929,maria_backend,feature/pagos,merge docker module,push,14,313,335,648,704,304,344,security-and-build,5,docker,5,3,0,0,1,0,1,0,0,0,0,0,0,0,merge,docker,0.7182,failure
1dc30d26,junior_juan,ci/cd-proyecto,refactor login module,pull_request,8,330,52,382,316,182,54,none,0,none,2,23,0,0,0,0,0,0,0,0,1,0,0,0,refactor,login,0.4317,success
a794743c,carlos_dev,feature/dashboard,add api module,pull_request,3,122,240,362,220,88,92,none,0,none,1,10,0,0,1,0,0,0,1,0,0,0,0,0,add,api,0.2897,success
62395fb0,maria_backend,release/v1,update tests module,pull_request,8,69,159,228,270,23,198,none,0,none,2,3,0,0,0,0,0,0,0,0,0,0,0,0,update,tests,0.1071,success
6a46a55f,maria_backend,ci/cd-proyecto,refactor billing module,push,2,510,24,534,517,203,270,none,0,none,6,1,1,0,0,0,0,0,0,0,0,0,0,0,refactor,billing,0.4179,success
ae9c0f4d,carlos_dev,feature/pagos,rollback database module,pull_request,4,115,155,270,422,350,61,none,0,none,2,2,0,0,1,0,0,1,0,0,0,0,0,0,rollback,database,0.3034,success
4d128113,maria_backend,hotfix/urgente,refactor security module,pull_request,13,507,313,820,345,169,155,security-and-build,3,security,3,1,0,1,0,0,0,0,0,0,0,0,0,0,refactor,security,0.7195,failure
1a73b5f3,maria_backend,feature/api,fix migration module,push,14,31,333,364,313,214,75,quality-and-testing,1,database,3,4,0,0,1,0,0,0,0,0,0,0,0,1,fix,migration,0.5486,failure
f320bf48,anndrew492,release/v1,add security module,pull_request,4,8,359,367,139,94,28,none,0,none,3,11,0,0,0,0,0,0,0,0,0,0,0,0,add,security,0.0300,success
f8b7c823,anndrew492,release/v1,add auth module,pull_request,14,301,42,343,364,101,249,none,0,none,2,4,0,0,0,0,0,0,0,0,1,0,0,0,add,auth,0.4083,success
14887a3e,junior_juan,ci/cd-proyecto,update environment module,push,15,446,174,620,534,304,174,security-and-build,2,timeout,5,17,0,0,0,0,0,0,0,0,0,0,1,0,update,environment,0.8334,failure
fc383420,junior_juan,main,merge dashboard module,push,6,313,7,320,343,201,81,quality-and-testing,3,database,3,21,0,0,0,1,0,0,0,1,0,0,0,0,merge,dashboard,0.5152,failure
f1959a32,maria_backend,feature/api,fix environment module,push,1,49,202,251,420,218,161,none,0,none,7,8,1,0,1,0,0,0,0,0,0,0,1,0,fix,environment,0.2767,success
fa6c35ef,anndrew492,feature/api,merge environment module,push,16,316,111,427,175,20,98,quality-and-testing,5,database,5,22,0,0,1,0,0,0,0,0,0,0,1,0,merge,environment,0.5831,failure
0402161f,anndrew492,ci/cd-proyecto,add dependencies module,push,10,410,40,450,481,193,272,security-and-build,1,dependency,1,8,0,0,0,0,0,0,0,0,0,1,0,0,add,dependencies,0.5833,failure
bc6b0e84,carlos_dev,hotfix/urgente,fix docker module,pull_request,23,563,126,689,552,213,249,security-and-build,1,docker,1,9,0,1,0,0,1,0,0,0,0,0,0,0,fix,docker,0.9200,failure
39b02b03,anndrew492,ci/cd-proyecto,rollback billing module,push,1,532,153,685,565,187,317,none,0,none,3,13,0,0,0,0,0,0,0,0,0,0,0,0,rollback,billing,0.4043,success
ebf806dc,carlos_dev,ci/cd-proyecto,merge frontend module,push,13,280,246,526,552,315,221,none,0,none,1,11,0,0,0,0,0,0,0,1,0,0,0,0,merge,frontend,0.1850,success
e7fcfa6b,maria_backend,feature/pagos,add migration module,pull_request,13,491,13,504,447,297,139,none,0,none,2,17,0,0,1,0,0,0,0,0,0,0,0,1,add,migration,0.3898,success
f06c59f8,junior_juan,feature/api,remove environment module,push,5,287,43,330,411,114,229,quality-and-testing,2,database,6,20,1,0,1,0,0,0,0,0,0,0,1,0,remove,environment,0.5036,failure
aa1b277b,anndrew492,feature/api,add api module,pull_request,6,306,50,356,321,201,99,none,0,none,2,4,0,0,1,0,0,0,1,0,0,0,0,0,add,api,0.2982,success
8dd7ffaf,junior_juan,release/v1,update migration module,pull_request,4,532,142,674,593,314,232,quality-and-testing,3,database,4,2,0,0,0,0,0,0,0,0,0,0,0,1,update,migration,0.6596,failure
edf9d394,anndrew492,release/v1,add auth module,push,3,616,75,691,446,131,247,quality-and-testing,4,syntax,5,16,0,0,0,0,0,0,0,0,1,0,0,0,add,auth,0.6714,failure
e5e5d70b,anndrew492,main,merge environment module,pull_request,2,136,191,327,197,91,30,none,0,none,1,0,0,0,0,1,0,0,0,0,0,0,1,0,merge,environment,0.3560,success
f08783f1,junior_juan,feature/pagos,update security module,push,9,258,187,445,322,211,24,none,0,none,4,9,0,0,1,0,0,0,0,0,0,0,0,0,update,security,0.1118,success
c6d0fba7,carlos_dev,feature/dashboard,fix dashboard module,pull_request,8,256,73,329,199,55,96,none,0,none,1,3,0,0,1,0,0,0,0,1,0,0,0,0,fix,dashboard,0.0300,success
e44c09a4,anndrew492,feature/dashboard,rollback auth module,pull_request,7,626,204,830,415,270,102,security-and-build,2,dependency,4,13,0,0,1,0,0,0,0,0,1,0,0,0,rollback,auth,0.5817,failure
18b6f074,junior_juan,feature/dashboard,add security module,push,9,137,101,238,349,110,192,none,0,none,4,12,0,0,1,0,0,0,0,0,0,0,0,0,add,security,0.0966,success
bba8ca8e,maria_backend,feature/pagos,rollback billing module,push,11,515,305,820,388,128,207,security-and-build,3,security,6,12,1,0,1,0,0,0,0,0,0,0,0,0,rollback,billing,0.4755,failure
d1617ae4,carlos_dev,release/v1,update docker module,push,10,132,141,273,383,99,213,none,0,none,2,19,0,0,0,0,1,0,0,0,0,0,0,0,update,docker,0.3535,success
4cd5b84c,maria_backend,main,rollback auth module,push,9,427,112,539,416,302,74,quality-and-testing,5,runtime,1,9,0,0,0,1,0,0,0,0,1,0,0,0,rollback,auth,0.7622,failure
7b99cfcc,maria_backend,ci/cd-proyecto,rollback api module,pull_request,5,404,43,447,356,146,165,none,0,none,1,21,0,0,0,0,0,0,1,0,0,0,0,0,rollback,api,0.4233,success
ac092536,anndrew492,release/v1,refactor billing module,pull_request,8,596,79,675,358,164,180,none,0,none,1,14,0,0,0,0,0,0,0,0,0,0,0,0,refactor,billing,0.2413,success
6b80a978,junior_juan,release/v1,refactor dashboard module,push,11,277,60,337,356,147,130,none,0,none,6,9,1,0,0,0,0,0,0,1,0,0,0,0,refactor,dashboard,0.2246,success
38343fff,junior_juan,feature/pagos,rollback auth module,push,18,88,342,430,301,69,220,security-and-build,5,docker,2,18,0,0,1,0,0,0,0,0,1,0,0,0,rollback,auth,0.5885,failure
63d75460,carlos_dev,ci/cd-proyecto,merge login module,pull_request,3,391,321,712,292,58,218,security-and-build,5,dependency,6,20,1,0,0,0,0,0,0,0,1,0,0,0,merge,login,0.6032,failure
55cd4a1c,maria_backend,feature/pagos,refactor docker module,push,8,110,232,342,418,168,161,security-and-build,4,docker,6,8,1,0,1,0,1,0,0,0,0,0,0,0,refactor,docker,0.4761,failure
0bb85e55,anndrew492,release/v1,refactor database module,push,22,416,85,501,705,305,320,quality-and-testing,1,database,1,19,0,0,0,0,0,1,0,0,0,0,0,0,refactor,database,0.6518,failure
655400c7,carlos_dev,release/v1,fix auth module,push,17,362,28,390,468,157,244,security-and-build,5,security,7,20,1,0,0,0,0,0,0,0,1,0,0,0,fix,auth,0.6297,failure
e4e0f114,anndrew492,feature/dashboard,merge security module,pull_request,5,553,199,752,621,296,300,none,0,none,6,2,1,0,1,0,0,0,0,0,0,0,0,0,merge,security,0.2602,success
f20832e7,junior_juan,feature/pagos,merge dashboard module,push,15,374,159,533,606,291,293,none,0,none,2,21,0,0,1,0,0,0,0,1,0,0,0,0,merge,dashboard,0.3618,success
8aec7b38,anndrew492,feature/dashboard,refactor security module,pull_request,16,368,124,492,470,165,227,none,0,none,6,1,1,0,1,0,0,0,0,0,0,0,0,0,refactor,security,0.2611,success
d8b3e940,maria_backend,feature/dashboard,remove api module,push,17,420,194,614,576,307,195,quality-and-testing,2,timeout,1,11,0,0,1,0,0,0,1,0,0,0,0,0,remove,api,0.7647,failure
fa74b150,carlos_dev,feature/dashboard,remove login module,pull_request,10,595,15,610,366,186,95,security-and-build,2,security,2,6,0,0,1,0,0,0,0,0,1,0,0,0,remove,login,0.5840,failure
56195ae9,maria_backend,feature/api,fix billing module,push,18,10,157,167,479,219,209,none,0,none,7,8,1,0,1,0,0,0,0,0,0,0,0,0,fix,billing,0.1151,success
5344e9fe,junior_juan,feature/dashboard,rollback migration module,pull_request,12,338,36,374,455,276,156,none,0,none,2,13,0,0,1,0,0,0,0,0,0,0,0,1,rollback,migration,0.3810,success
10e9002b,junior_juan,feature/pagos,rollback docker module,pull_request,12,369,311,680,429,212,142,security-and-build,4,docker,6,12,1,0,1,0,1,0,0,0,0,0,0,0,rollback,docker,0.7767,failure
4f6f8c19,carlos_dev,release/v1,fix api module,push,6,348,123,471,470,178,238,none,0,none,1,10,0,0,0,0,0,0,1,0,0,0,0,0,fix,api,0.4083,success
efa59f60,carlos_dev,release/v1,remove migration module,push,21,184,203,387,553,291,179,quality-and-testing,1,database,5,3,0,0,0,0,0,0,0,0,0,0,0,1,remove,migration,0.6208,failure
6a2bc195,maria_backend,ci/cd-proyecto,update dependencies module,push,14,559,184,743,612,225,310,security-and-build,2,dependency,3,22,0,0,0,0,0,0,0,0,0,1,0,0,update,dependencies,0.8777,failure
9095902a,anndrew492,hotfix/urgente,remove dashboard module,pull_request,14,604,329,933,388,151,195,quality-and-testing,4,timeout,6,11,1,1,0,0,0,0,0,1,0,0,0,0,remove,dashboard,0.7468,failure
5ae26140,anndrew492,feature/api,rollback billing module,pull_request,10,563,97,660,368,245,71,none,0,none,7,14,1,0,1,0,0,0,0,0,0,0,0,0,rollback,billing,0.3666,success
c1010816,maria_backend,ci/cd-proyecto,remove auth module,push,13,317,314,631,329,244,78,quality-and-testing,5,database,3,13,0,0,0,0,0,0,0,0,1,0,0,0,remove,auth,0.7190,failure
4b0cb1a1,maria_backend,feature/pagos,update migration module,pull_request,5,516,341,857,639,403,179,quality-and-testing,1,database,5,23,0,0,1,0,0,0,0,0,0,0,0,1,update,migration,0.4962,failure
13de0b33,anndrew492,feature/pagos,refactor docker module,pull_request,5,559,111,670,369,195,149,security-and-build,5,docker,6,7,1,0,1,0,1,0,0,0,0,0,0,0,refactor,docker,0.5226,failure
3ff5cace,maria_backend,feature/dashboard,merge login module,pull_request,8,245,91,336,356,136,151,none,0,none,3,23,0,0,1,0,0,0,0,0,1,0,0,0,merge,login,0.2769,success
5c5b3ce0,anndrew492,main,merge database module,push,14,253,323,576,727,300,345,quality-and-testing,5,database,1,6,0,0,0,1,0,1,0,0,0,0,0,0,merge,database,0.8979,failure
1acd6cf2,maria_backend,feature/pagos,fix dashboard module,push,17,485,83,568,372,170,121,none,0,none,4,15,0,0,1,0,0,0,0,1,0,0,0,0,fix,dashboard,0.2097,success
de630931,junior_juan,feature/api,merge docker module,pull_request,7,286,71,357,484,168,288,none,0,none,3,2,0,0,1,0,1,0,0,0,0,0,0,0,merge,docker,0.2649,success
49901f1a,carlos_dev,feature/api,add database module,push,13,64,316,380,440,172,226,none,0,none,2,7,0,0,1,0,0,1,0,0,0,0,0,0,add,database,0.4409,success
e638cce3,carlos_dev,main,add dependencies module,pull_request,13,402,213,615,625,255,295,security-and-build,4,dependency,1,3,0,0,0,1,0,0,0,0,0,1,0,0,add,dependencies,0.5652,failure
2267d11b,anndrew492,feature/api,remove frontend module,push,12,347,37,384,69,30,25,none,0,none,6,15,1,0,1,0,0,0,0,1,0,0,0,0,remove,frontend,0.2613,success
c9ba761b,anndrew492,feature/dashboard,remove dashboard module,pull_request,13,301,48,349,310,199,73,none,0,none,6,2,1,0,1,0,0,0,0,1,0,0,0,0,remove,dashboard,0.1920,success
1bcfb7e0,anndrew492,hotfix/urgente,merge login module,pull_request,5,379,320,699,524,195,319,quality-and-testing,1,timeout,3,0,0,1,0,0,0,0,0,0,1,0,0,0,merge,login,0.8810,failure
4ab08331,junior_juan,ci/cd-proyecto,update security module,pull_request,10,15,233,248,533,193,257,none,0,none,2,11,0,0,0,0,0,0,0,0,0,0,0,0,update,security,0.0300,success
a8ebddf3,junior_juan,feature/pagos,refactor tests module,pull_request,7,365,144,509,558,239,283,none,0,none,1,13,0,0,1,0,0,0,0,0,0,0,0,0,refactor,tests,0.0400,success
42c5cf41,maria_backend,feature/api,merge security module,pull_request,10,136,93,229,334,217,34,none,0,none,3,7,0,0,1,0,0,0,0,0,0,0,0,0,merge,security,0.0300,success
f3e09233,carlos_dev,feature/api,add login module,pull_request,12,206,150,356,266,63,167,none,0,none,5,4,0,0,1,0,0,0,0,0,1,0,0,0,add,login,0.2938,success
6631b5ae,maria_backend,release/v1,fix docker module,push,9,22,157,179,271,40,146,none,0,none,6,9,1,0,0,0,1,0,0,0,0,0,0,0,fix,docker,0.4319,success
12c2850e,carlos_dev,main,fix login module,pull_request,5,27,290,317,265,176,34,none,0,none,6,7,1,0,0,1,0,0,0,0,1,0,0,0,fix,login,0.4090,success
e5ce3522,anndrew492,release/v1,update dashboard module,push,10,639,154,793,293,159,106,none,0,none,2,5,0,0,0,0,0,0,0,1,0,0,0,0,update,dashboard,0.3485,success
cb07be78,anndrew492,release/v1,update migration module,pull_request,4,42,19,61,363,149,160,none,0,none,6,14,1,0,0,0,0,0,0,0,0,0,0,1,update,migration,0.2697,success
4918e2cf,anndrew492,feature/dashboard,rollback billing module,push,6,466,123,589,554,237,288,none,0,none,7,15,1,0,1,0,0,0,0,0,0,0,0,0,rollback,billing,0.3398,success
a00a6044,carlos_dev,feature/dashboard,fix billing module,pull_request,13,640,338,978,506,181,312,none,0,none,3,3,0,0,1,0,0,0,0,0,0,0,0,0,fix,billing,0.3457,success
30d233b3,anndrew492,hotfix/urgente,remove dashboard module,pull_request,9,408,12,420,242,139,32,none,0,none,6,17,1,1,0,0,0,0,0,1,0,0,0,0,remove,dashboard,0.4159,success
a9fcc072,carlos_dev,hotfix/urgente,refactor tests module,push,12,151,356,507,253,106,91,quality-and-testing,3,test,5,15,0,1,0,0,0,0,0,0,0,0,0,0,refactor,tests,0.6730,failure
833de634,maria_backend,feature/api,merge tests module,push,13,378,304,682,240,122,91,none,0,none,6,20,1,0,1,0,0,0,0,0,0,0,0,0,merge,tests,0.4143,success
5b2a8ce3,junior_juan,feature/dashboard,remove dashboard module,pull_request,9,590,162,752,408,237,82,none,0,none,6,7,1,0,1,0,0,0,0,1,0,0,0,0,remove,dashboard,0.1560,success
72e74355,anndrew492,release/v1,remove security module,pull_request,9,222,341,563,508,240,183,none,0,none,5,22,0,0,0,0,0,0,0,0,0,0,0,0,remove,security,0.1063,success
0b895a44,anndrew492,feature/pagos,remove billing module,pull_request,14,407,94,501,434,153,246,none,0,none,3,4,0,0,1,0,0,0,0,0,0,0,0,0,remove,billing,0.1978,success
d792a35d,carlos_dev,feature/pagos,add database module,pull_request,22,570,176,746,515,236,198,quality-and-testing,4,database,5,16,0,0,1,0,0,1,0,0,0,0,0,0,add,database,0.6433,failure
aa480cec,maria_backend,release/v1,merge docker module,pull_request,12,66,194,260,563,183,313,none,0,none,5,5,0,0,0,0,1,0,0,0,0,0,0,0,merge,docker,0.3747,success
428ed07e,junior_juan,ci/cd-proyecto,fix dashboard module,pull_request,5,494,33,527,435,161,242,none,0,none,6,10,1,0,0,0,0,0,0,1,0,0,0,0,fix,dashboard,0.1284,success
c2341055,carlos_dev,feature/dashboard,remove dependencies module,push,11,292,217,509,568,153,393,security-and-build,4,dependency,4,20,0,0,1,0,0,0,0,0,0,1,0,0,remove,dependencies,0.6417,failure
a8a6aa50,junior_juan,ci/cd-proyecto,update auth module,push,12,281,99,380,221,74,102,none,0,none,1,7,0,0,0,0,0,0,0,0,1,0,0,0,update,auth,0.3552,success
fbfdd122,maria_backend,release/v1,fix login module,pull_request,3,480,168,648,435,199,164,none,0,none,1,7,0,0,0,0,0,0,0,0,1,0,0,0,fix,login,0.4121,success
2ed9e4fb,carlos_dev,feature/dashboard,merge environment module,push,13,410,168,578,492,228,222,quality-and-testing,1,test,7,11,1,0,1,0,0,0,0,0,0,0,1,0,merge,environment,0.5074,failure
1d981b91,anndrew492,feature/api,merge docker module,push,12,272,320,592,570,115,445,security-and-build,1,docker,7,0,1,0,1,0,1,0,0,0,0,0,0,0,merge,docker,0.5485,failure
3475240e,maria_backend,hotfix/urgente,remove dependencies module,pull_request,16,120,181,301,295,95,158,security-and-build,2,dependency,4,2,0,1,0,0,0,0,0,0,0,1,0,0,remove,dependencies,0.7835,failure
412450d1,anndrew492,release/v1,add environment module,pull_request,4,631,329,960,538,188,319,quality-and-testing,4,timeout,4,5,0,0,0,0,0,0,0,0,0,0,1,0,add,environment,0.6439,failure
122d64ce,carlos_dev,feature/pagos,rollback billing module,pull_request,6,631,68,699,428,245,135,none,0,none,1,18,0,0,1,0,0,0,0,0,0,0,0,0,rollback,billing,0.1961,success
b3c487c1,maria_backend,ci/cd-proyecto,add tests module,pull_request,10,442,35,477,366,115,218,none,0,none,6,2,1,0,0,0,0,0,0,0,0,0,0,0,add,tests,0.2858,success
a4ac260a,anndrew492,feature/api,update frontend module,push,12,572,130,702,666,334,280,none,0,none,3,13,0,0,1,0,0,0,0,1,0,0,0,0,update,frontend,0.3281,success
50aaf48f,maria_backend,hotfix/urgente,fix environment module,push,19,400,282,682,357,175,167,quality-and-testing,2,runtime,3,9,0,1,0,0,0,0,0,0,0,0,1,0,fix,environment,0.9200,failure
39ff199b,carlos_dev,main,fix login module,push,15,177,49,226,434,134,210,security-and-build,1,security,6,1,1,0,0,1,0,0,0,0,1,0,0,0,fix,login,0.7781,failure
dc34f96a,carlos_dev,hotfix/urgente,rollback migration module,push,12,7,85,92,310,191,60,quality-and-testing,1,database,1,13,0,1,0,0,0,0,0,0,0,0,0,1,rollback,migration,0.7882,failure
f5eed420,anndrew492,feature/api,refactor login module,pull_request,5,34,141,175,403,156,168,none,0,none,6,1,1,0,1,0,0,0,0,0,1,0,0,0,refactor,login,0.3202,success
9793637c,carlos_dev,release/v1,fix security module,push,5,236,207,443,160,19,94,none,0,none,6,21,1,0,0,0,0,0,0,0,0,0,0,0,fix,security,0.4221,success
fb526732,junior_juan,release/v1,rollback dashboard module,pull_request,2,539,310,849,581,267,303,none,0,none,1,5,0,0,0,0,0,0,0,1,0,0,0,0,rollback,dashboard,0.2472,success
ce56c145,maria_backend,ci/cd-proyecto,merge dashboard module,pull_request,18,598,65,663,371,177,185,none,0,none,2,13,0,0,0,0,0,0,0,1,0,0,0,0,merge,dashboard,0.2254,success
8572c760,maria_backend,feature/api,remove dependencies module,pull_request,12,331,132,463,573,157,347,none,0,none,3,14,0,0,1,0,0,0,0,0,0,1,0,0,remove,dependencies,0.3443,success
b09beb63,anndrew492,release/v1,merge dashboard module,push,15,530,259,789,359,107,205,none,0,none,2,17,0,0,0,0,0,0,0,1,0,0,0,0,merge,dashboard,0.3872,success
696f67d9,maria_backend,feature/pagos,remove security module,pull_request,10,53,301,354,266,114,108,none,0,none,6,7,1,0,1,0,0,0,0,0,0,0,0,0,remove,security,0.1045,success
d5b9d218,maria_backend,hotfix/urgente,refactor auth module,push,8,23,199,222,508,188,256,quality-and-testing,4,syntax,7,21,1,1,0,0,0,0,0,0,1,0,0,0,refactor,auth,0.7599,failure
b57cda13,anndrew492,main,update migration module,pull_request,6,580,327,907,404,271,78,quality-and-testing,4,database,5,10,0,0,0,1,0,0,0,0,0,0,0,1,update,migration,0.6479,failure
851131cb,anndrew492,feature/api,refactor dependencies module,push,3,162,27,189,348,170,163,security-and-build,3,dependency,3,1,0,0,1,0,0,0,0,0,0,1,0,0,refactor,dependencies,0.4697,failure
22a4de25,anndrew492,main,merge dashboard module,pull_request,13,464,220,684,526,218,221,none,0,none,5,8,0,0,0,1,0,0,0,1,0,0,0,0,merge,dashboard,0.2137,success
e0dd4c8e,junior_juan,feature/pagos,update security module,push,13,634,112,746,481,166,275,none,0,none,1,10,0,0,1,0,0,0,0,0,0,0,0,0,update,security,0.2268,success
80d22c85,carlos_dev,feature/api,update docker module,push,6,293,161,454,371,102,208,none,0,none,5,16,0,0,1,0,1,0,0,0,0,0,0,0,update,docker,0.3582,success
f12c3122,anndrew492,feature/dashboard,merge migration module,pull_request,12,160,43,203,391,243,88,none,0,none,2,11,0,0,1,0,0,0,0,0,0,0,0,1,merge,migration,0.2990,success
4aa50476,carlos_dev,feature/dashboard,rollback frontend module,pull_request,10,34,23,57,305,123,128,none,0,none,6,15,1,0,1,0,0,0,0,1,0,0,0,0,rollback,frontend,0.0300,success
ee75a8ab,carlos_dev,ci/cd-proyecto,fix dashboard module,pull_request,19,9,155,164,258,136,57,none,0,none,3,22,0,0,0,0,0,0,0,1,0,0,0,0,fix,dashboard,0.1877,success
2171090b,junior_juan,main,merge auth module,push,7,309,341,650,451,142,268,quality-and-testing,3,test,5,1,0,0,0,1,0,0,0,0,1,0,0,0,merge,auth,0.9153,failure
cc285a06,junior_juan,feature/dashboard,refactor migration module,pull_request,9,395,239,634,524,201,264,quality-and-testing,5,database,6,13,1,0,1,0,0,0,0,0,0,0,0,1,refactor,migration,0.5973,failure
00a5a1db,carlos_dev,feature/pagos,remove environment module,pull_request,11,539,171,710,531,294,219,telemetry-dispatch,1,timeout,4,17,0,0,1,0,0,0,0,0,0,0,1,0,remove,environment,0.6682,failure
46b0d714,maria_backend,main,add dashboard module,pull_request,8,7,330,337,351,65,246,none,0,none,1,2,0,0,0,1,0,0,0,1,0,0,0,0,add,dashboard,0.0300,success
2e9b34d1,anndrew492,hotfix/urgente,rollback billing module,pull_request,20,394,346,740,498,177,264,security-and-build,3,docker,2,3,0,1,0,0,0,0,0,0,0,0,0,0,rollback,billing,0.9000,failure
68932c01,junior_juan,feature/dashboard,update environment module,pull_request,18,619,105,724,601,293,237,telemetry-dispatch,5,timeout,1,5,0,0,1,0,0,0,0,0,0,0,1,0,update,environment,0.7072,failure
c457b704,maria_backend,main,update dependencies module,pull_request,13,341,280,621,493,182,227,security-and-build,3,dependency,3,1,0,0,0,1,0,0,0,0,0,1,0,0,update,dependencies,0.6906,failure
283c1909,junior_juan,feature/pagos,merge dashboard module,push,2,326,30,356,375,62,260,none,0,none,4,20,0,0,1,0,0,0,0,1,0,0,0,0,merge,dashboard,0.2368,success
7ac44f2d,maria_backend,feature/api,merge environment module,pull_request,2,198,256,454,402,148,183,none,0,none,4,14,0,0,1,0,0,0,0,0,0,0,1,0,merge,environment,0.3058,success
6764246b,junior_juan,release/v1,rollback docker module,push,7,312,81,393,465,131,244,security-and-build,5,docker,2,15,0,0,0,0,1,0,0,0,0,0,0,0,rollback,docker,0.5049,failure
742a0ed3,carlos_dev,feature/dashboard,update environment module,pull_request,3,510,257,767,613,254,342,security-and-build,2,timeout,3,20,0,0,1,0,0,0,0,0,0,0,1,0,update,environment,0.4632,failure
01489224,maria_backend,main,merge docker module,push,9,304,45,349,408,85,276,security-and-build,2,docker,6,12,1,0,0,1,1,0,0,0,0,0,0,0,merge,docker,0.7737,failure
8a693ffe,anndrew492,ci/cd-proyecto,refactor database module,pull_request,16,464,316,780,538,295,218,quality-and-testing,1,database,5,23,0,0,0,0,0,1,0,0,0,0,0,0,refactor,database,0.7276,failure
01653d14,maria_backend,feature/dashboard,fix frontend module,push,22,136,300,436,190,127,45,none,0,none,2,8,0,0,1,0,0,0,0,1,0,0,0,0,fix,frontend,0.2983,success
12c3f733,anndrew492,hotfix/urgente,rollback billing module,pull_request,22,473,131,604,513,181,245,security-and-build,3,docker,2,3,0,1,0,0,0,0,0,0,0,0,0,0,rollback,billing,0.8928,failure
11c66404,junior_juan,feature/pagos,rollback database module,pull_request,18,532,335,867,503,212,235,quality-and-testing,4,database,5,16,0,0,1,0,0,1,0,0,0,0,0,0,rollback,database,0.6800,failure
f2d9e5e3,junior_juan,main,fix login module,push,7,526,287,813,407,184,133,quality-and-testing,3,database,2,23,0,0,0,1,0,0,0,0,1,0,0,0,fix,login,0.8805,failure
42ed8943,maria_backend,feature/dashboard,remove frontend module,pull_request,18,160,77,237,322,192,57,none,0,none,2,15,0,0,1,0,0,0,0,1,0,0,0,0,remove,frontend,0.0300,success
0c172178,junior_juan,feature/dashboard,add api module,pull_request,15,53,331,384,161,79,46,none,0,none,3,6,0,0,1,0,0,0,1,0,0,0,0,0,add,api,0.3116,success
252cd6d7,anndrew492,main,update api module,push,1,444,46,490,274,204,55,quality-and-testing,3,database,6,17,1,0,0,1,0,0,1,0,0,0,0,0,update,api,0.6766,failure
9394bb75,maria_backend,main,merge frontend module,push,6,594,355,949,286,179,99,security-and-build,2,docker,7,18,1,0,0,1,0,0,0,1,0,0,0,0,merge,frontend,0.6092,failure
c34296eb,junior_juan,feature/api,remove migration module,pull_request,8,450,252,702,537,321,190,quality-and-testing,2,database,3,12,0,0,1,0,0,0,0,0,0,0,0,1,remove,migration,0.6938,failure
4c189e39,junior_juan,feature/api,refactor auth module,push,12,151,272,423,321,66,194,quality-and-testing,5,runtime,6,21,1,0,1,0,0,0,0,0,1,0,0,0,refactor,auth,0.5309,failure
b5557c74,anndrew492,feature/pagos,fix security module,pull_request,5,627,108,735,435,209,140,none,0,none,2,11,0,0,1,0,0,0,0,0,0,0,0,0,fix,security,0.1177,success
ec74e82a,junior_juan,feature/api,update login module,pull_request,16,564,164,728,478,101,333,security-and-build,1,security,5,0,0,0,1,0,0,0,0,0,1,0,0,0,update,login,0.6405,failure
eef71d6f,anndrew492,release/v1,update dashboard module,push,16,482,219,701,526,265,187,none,0,none,4,6,0,0,0,0,0,0,0,1,0,0,0,0,update,dashboard,0.3549,success
838f4b02,junior_juan,feature/pagos,merge frontend module,pull_request,18,533,12,545,447,131,226,none,0,none,4,6,0,0,1,0,0,0,0,1,0,0,0,0,merge,frontend,0.0968,success
dad92f6f,maria_backend,main,fix security module,push,10,467,105,572,381,201,162,none,0,none,2,8,0,0,0,1,0,0,0,0,0,0,0,0,fix,security,0.2949,success
9f2ee18c,maria_backend,feature/api,merge environment module,push,5,351,282,633,372,230,104,quality-and-testing,2,syntax,2,2,0,0,1,0,0,0,0,0,0,0,1,0,merge,environment,0.6324,failure
c23c590f,carlos_dev,main,add billing module,push,6,20,85,105,274,146,103,none,0,none,1,19,0,0,0,1,0,0,0,0,0,0,0,0,add,billing,0.1772,success
a2ec4fff,carlos_dev,feature/dashboard,rollback security module,push,5,399,336,735,485,252,209,security-and-build,1,security,6,18,1,0,1,0,0,0,0,0,0,0,0,0,rollback,security,0.4597,failure
a5bfaf8a,anndrew492,release/v1,update api module,pull_request,2,498,168,666,424,131,257,quality-and-testing,3,test,6,9,1,0,0,0,0,0,1,0,0,0,0,0,update,api,0.5518,failure
cd177b94,carlos_dev,feature/api,add auth module,pull_request,1,202,138,340,232,56,125,none,0,none,2,1,0,0,1,0,0,0,0,0,1,0,0,0,add,auth,0.2264,success
6cbd8008,maria_backend,main,add security module,pull_request,13,340,155,495,219,91,97,none,0,none,4,21,0,0,0,1,0,0,0,0,0,0,0,0,add,security,0.1628,success
5b5df7f5,junior_juan,feature/pagos,fix database module,push,20,436,178,614,486,164,292,quality-and-testing,1,database,6,14,1,0,1,0,0,1,0,0,0,0,0,0,fix,database,0.6924,failure
4ab268fa,carlos_dev,ci/cd-proyecto,update auth module,push,11,157,285,442,335,96,191,quality-and-testing,5,syntax,6,10,1,0,0,0,0,0,0,0,1,0,0,0,update,auth,0.5633,failure
0db3b838,anndrew492,ci/cd-proyecto,merge api module,pull_request,5,404,11,415,286,215,62,none,0,none,6,23,1,0,0,0,0,0,1,0,0,0,0,0,merge,api,0.3907,success
cce7bf17,maria_backend,feature/pagos,remove dashboard module,pull_request,7,534,245,779,462,113,320,none,0,none,4,23,0,0,1,0,0,0,0,1,0,0,0,0,remove,dashboard,0.0300,success
e6a19e4f,anndrew492,feature/dashboard,rollback security module,pull_request,6,55,97,152,434,183,240,none,0,none,7,8,1,0,1,0,0,0,0,0,0,0,0,0,rollback,security,0.0300,success
6abfe281,anndrew492,feature/api,update tests module,push,13,246,196,442,306,104,112,none,0,none,3,11,0,0,1,0,0,0,0,0,0,0,0,0,update,tests,0.1568,success
21f4df5b,junior_juan,feature/dashboard,refactor login module,pull_request,7,353,103,456,175,101,40,none,0,none,7,13,1,0,1,0,0,0,0,0,1,0,0,0,refactor,login,0.3463,success
de7c6d2a,carlos_dev,main,rollback login module,push,3,337,9,346,346,58,219,security-and-build,3,dependency,7,13,1,0,0,1,0,0,0,0,1,0,0,0,rollback,login,0.8001,failure
cab3706a,junior_juan,main,fix migration module,push,13,550,251,801,626,380,201,quality-and-testing,3,database,5,12,0,0,0,1,0,0,0,0,0,0,0,1,fix,migration,0.8612,failure
65e9f4e2,anndrew492,feature/pagos,rollback auth module,pull_request,14,9,271,280,266,165,66,none,0,none,5,8,0,0,1,0,0,0,0,0,1,0,0,0,rollback,auth,0.4454,success
f5e23cb5,anndrew492,hotfix/urgente,refactor tests module,push,19,223,353,576,275,67,180,quality-and-testing,4,test,3,4,0,1,0,0,0,0,0,0,0,0,0,0,refactor,tests,0.7432,failure
a31f1066,maria_backend,feature/pagos,add tests module,pull_request,12,11,336,347,200,76,65,none,0,none,5,11,0,0,1,0,0,0,0,0,0,0,0,0,add,tests,0.0300,success
f1f47b4e,carlos_dev,main,refactor migration module,pull_request,6,350,314,664,503,239,179,quality-and-testing,1,database,4,5,0,0,0,1,0,0,0,0,0,0,0,1,refactor,migration,0.6272,failure
8b56b9b3,maria_backend,main,update frontend module,pull_request,16,183,162,345,320,55,219,none,0,none,4,2,0,0,0,1,0,0,0,1,0,0,0,0,update,frontend,0.1701,success
72510c11,maria_backend,feature/pagos,merge tests module,pull_request,18,276,160,436,327,198,104,none,0,none,3,20,0,0,1,0,0,0,0,0,0,0,0,0,merge,tests,0.1885,success
3daa2f89,maria_backend,release/v1,remove auth module,pull_request,18,453,170,623,477,228,191,quality-and-testing,5,test,1,10,0,0,0,0,0,0,0,0,1,0,0,0,remove,auth,0.7209,failure
5d1f8e25,anndrew492,main,remove security module,push,6,118,245,363,250,49,117,none,0,none,4,7,0,0,0,1,0,0,0,0,0,0,0,0,remove,security,0.2410,success
2c4bf499,maria_backend,feature/pagos,add security module,push,8,139,1,140,430,191,210,none,0,none,5,9,0,0,1,0,0,0,0,0,0,0,0,0,add,security,0.0300,success
0d3354f8,junior_juan,hotfix/urgente,merge docker module,push,21,284,261,545,361,67,274,security-and-build,5,docker,2,18,0,1,0,0,1,0,0,0,0,0,0,0,merge,docker,0.7238,failure
9010f65b,maria_backend,feature/api,add login module,pull_request,16,310,1,311,321,95,144,none,0,none,4,6,0,0,1,0,0,0,0,0,1,0,0,0,add,login,0.3247,success
04871b30,anndrew492,release/v1,remove dependencies module,push,16,373,226,599,607,222,303,security-and-build,2,dependency,7,14,1,0,0,0,0,0,0,0,0,1,0,0,remove,dependencies,0.6789,failure
b5689243,carlos_dev,hotfix/urgente,update migration module,push,12,285,214,499,281,116,144,quality-and-testing,5,database,4,9,0,1,0,0,0,0,0,0,0,0,0,1,update,migration,0.8234,failure
89de7e70,carlos_dev,release/v1,add migration module,pull_request,11,268,183,451,366,133,160,none,0,none,7,8,1,0,0,0,0,0,0,0,0,0,0,1,add,migration,0.4190,success
f10ef59b,anndrew492,ci/cd-proyecto,merge api module,push,6,509,178,687,417,241,135,security-and-build,2,dependency,5,7,0,0,0,0,0,0,1,0,0,0,0,0,merge,api,0.6229,failure
1bc9aec6,carlos_dev,feature/dashboard,rollback database module,pull_request,19,168,86,254,389,246,123,quality-and-testing,4,database,1,9,0,0,1,0,0,1,0,0,0,0,0,0,rollback,database,0.5026,failure
4a338b41,carlos_dev,feature/pagos,add login module,pull_request,2,460,359,819,482,163,262,quality-and-testing,5,database,7,0,1,0,1,0,0,0,0,0,1,0,0,0,add,login,0.6940,failure
5b925a14,junior_juan,feature/api,fix migration module,push,17,198,94,292,312,169,109,none,0,none,1,19,0,0,1,0,0,0,0,0,0,0,0,1,fix,migration,0.3637,success
1de48418,carlos_dev,feature/dashboard,fix login module,pull_request,5,441,138,579,626,249,329,none,0,none,5,21,0,0,1,0,0,0,0,0,1,0,0,0,fix,login,0.2160,success
eff86b53,carlos_dev,feature/pagos,fix frontend module,pull_request,14,433,127,560,396,138,209,none,0,none,5,2,0,0,1,0,0,0,0,1,0,0,0,0,fix,frontend,0.1509,success
48178f74,junior_juan,hotfix/urgente,merge security module,pull_request,18,619,202,821,510,319,153,security-and-build,2,security,6,16,1,1,0,0,0,0,0,0,0,0,0,0,merge,security,0.7445,failure
5fddf9f0,junior_juan,feature/pagos,update login module,pull_request,12,298,236,534,271,160,69,none,0,none,2,19,0,0,1,0,0,0,0,0,1,0,0,0,update,login,0.2730,success
78be48de,maria_backend,hotfix/urgente,merge billing module,push,18,574,110,684,348,61,250,security-and-build,4,docker,5,1,0,1,0,0,0,0,0,0,0,0,0,0,merge,billing,0.7626,failure
0901f05c,anndrew492,feature/dashboard,add api module,push,9,601,152,753,478,152,317,security-and-build,2,dependency,5,15,0,0,1,0,0,0,1,0,0,0,0,0,add,api,0.5950,failure
14c4ceca,anndrew492,hotfix/urgente,add login module,push,13,374,1,375,463,157,234,quality-and-testing,2,syntax,7,3,1,1,0,0,0,0,0,0,1,0,0,0,add,login,0.7917,failure
deb7e986,anndrew492,release/v1,update docker module,push,13,611,326,937,561,184,302,security-and-build,5,docker,7,12,1,0,0,0,1,0,0,0,0,0,0,0,update,docker,0.7730,failure
81fe3897,junior_juan,ci/cd-proyecto,refactor dashboard module,pull_request,13,581,203,784,383,219,150,none,0,none,5,15,0,0,0,0,0,0,0,1,0,0,0,0,refactor,dashboard,0.1411,success
a24a3ffa,maria_backend,feature/pagos,refactor frontend module,push,11,342,1,343,479,213,196,none,0,none,3,2,0,0,1,0,0,0,0,1,0,0,0,0,refactor,frontend,0.1849,success
be7e4d3b,maria_backend,ci/cd-proyecto,refactor security module,push,15,134,276,410,91,31,25,none,0,none,3,12,0,0,0,0,0,0,0,0,0,0,0,0,refactor,security,0.3770,success
567bd294,junior_juan,main,fix migration module,push,10,632,105,737,699,296,327,quality-and-testing,5,database,5,10,0,0,0,1,0,0,0,0,0,0,0,1,fix,migration,0.9200,failure
f33aca36,maria_backend,feature/pagos,remove api module,pull_request,1,607,61,668,424,220,181,security-and-build,3,dependency,5,10,0,0,1,0,0,0,1,0,0,0,0,0,remove,api,0.4687,failure
3f6c1334,maria_backend,feature/api,update security module,pull_request,3,197,33,230,424,87,253,none,0,none,4,7,0,0,1,0,0,0,0,0,0,0,0,0,update,security,0.0300,success
fa288c6c,carlos_dev,hotfix/urgente,refactor security module,pull_request,18,344,199,543,369,140,190,security-and-build,1,security,2,12,0,1,0,0,0,0,0,0,0,0,0,0,refactor,security,0.5514,failure
4ba6b71d,anndrew492,feature/api,add frontend module,pull_request,8,282,32,314,176,72,60,none,0,none,2,2,0,0,1,0,0,0,0,1,0,0,0,0,add,frontend,0.0300,success
47d6a5ec,maria_backend,ci/cd-proyecto,remove dashboard module,pull_request,17,225,269,494,494,199,247,none,0,none,1,8,0,0,0,0,0,0,0,1,0,0,0,0,remove,dashboard,0.1532,success
67463ad6,carlos_dev,ci/cd-proyecto,merge dashboard module,push,6,476,359,835,391,233,110,none,0,none,4,12,0,0,0,0,0,0,0,1,0,0,0,0,merge,dashboard,0.3474,success
72753aa5,carlos_dev,feature/dashboard,merge environment module,pull_request,13,562,160,722,439,138,296,security-and-build,1,security,4,22,0,0,1,0,0,0,0,0,0,0,1,0,merge,environment,0.6543,failure
f3e34bcd,anndrew492,feature/dashboard,refactor login module,push,5,648,20,668,408,257,142,security-and-build,1,dependency,6,9,1,0,1,0,0,0,0,0,1,0,0,0,refactor,login,0.6004,failure
7938cbf1,carlos_dev,ci/cd-proyecto,remove database module,pull_request,7,462,14,476,494,249,172,none,0,none,1,8,0,0,0,0,0,1,0,0,0,0,0,0,remove,database,0.3835,success
d2be74b0,anndrew492,feature/api,fix docker module,push,1,333,102,435,450,207,231,none,0,none,7,18,1,0,1,0,1,0,0,0,0,0,0,0,fix,docker,0.3232,success
ba800222,junior_juan,feature/pagos,add security module,push,15,439,101,540,496,216,213,none,0,none,2,1,0,0,1,0,0,0,0,0,0,0,0,0,add,security,0.3149,success
c6acb35d,anndrew492,release/v1,merge security module,pull_request,11,281,249,530,494,226,190,none,0,none,5,7,0,0,0,0,0,0,0,0,0,0,0,0,merge,security,0.0752,success
481b1668,maria_backend,feature/api,merge migration module,pull_request,9,169,4,173,361,230,108,none,0,none,4,0,0,0,1,0,0,0,0,0,0,0,0,1,merge,migration,0.2875,success
26ae3750,maria_backend,hotfix/urgente,fix database module,pull_request,16,131,16,147,321,193,58,quality-and-testing,4,database,1,12,0,1,0,0,0,1,0,0,0,0,0,0,fix,database,0.6735,failure
4f9e8642,junior_juan,release/v1,fix environment module,push,1,383,301,684,409,137,254,quality-and-testing,2,syntax,6,20,1,0,0,0,0,0,0,0,0,0,1,0,fix,environment,0.8537,failure
7b1b3624,maria_backend,ci/cd-proyecto,add dashboard module,pull_request,9,403,155,558,312,144,137,none,0,none,3,0,0,0,0,0,0,0,0,1,0,0,0,0,add,dashboard,0.0907,success
c3e521ee,anndrew492,feature/api,rollback auth module,pull_request,13,427,85,512,628,248,313,telemetry-dispatch,5,timeout,7,23,1,0,1,0,0,0,0,0,1,0,0,0,rollback,auth,0.5700,failure
f94a7683,anndrew492,feature/api,update docker module,pull_request,10,624,22,646,482,245,174,security-and-build,5,docker,1,14,0,0,1,0,1,0,0,0,0,0,0,0,update,docker,0.5832,failure
b210f311,carlos_dev,feature/pagos,update frontend module,pull_request,10,311,133,444,283,123,130,none,0,none,4,4,0,0,1,0,0,0,0,1,0,0,0,0,update,frontend,0.0300,success
024afe92,junior_juan,feature/dashboard,add login module,push,3,429,296,725,593,242,275,telemetry-dispatch,2,timeout,4,11,0,0,1,0,0,0,0,0,1,0,0,0,add,login,0.5650,failure
989e4651,anndrew492,feature/pagos,remove database module,push,8,439,33,472,266,136,92,quality-and-testing,5,database,3,23,0,0,1,0,0,1,0,0,0,0,0,0,remove,database,0.4936,failure
79c913c6,carlos_dev,main,refactor security module,pull_request,17,453,65,518,188,55,66,none,0,none,7,3,1,0,0,1,0,0,0,0,0,0,0,0,refactor,security,0.3317,success
dd2a3a78,maria_backend,hotfix/urgente,fix docker module,push,19,616,57,673,394,104,234,security-and-build,2,docker,2,5,0,1,0,0,1,0,0,0,0,0,0,0,fix,docker,0.9200,failure
70143ba9,carlos_dev,main,merge environment module,push,9,644,334,978,467,270,135,security-and-build,4,security,7,17,1,0,0,1,0,0,0,0,0,0,1,0,merge,environment,0.9200,failure
7c461ba2,anndrew492,feature/dashboard,remove dependencies module,push,7,423,130,553,619,258,320,security-and-build,3,dependency,5,2,0,0,1,0,0,0,0,0,0,1,0,0,remove,dependencies,0.6198,failure
5bea26af,anndrew492,feature/dashboard,remove login module,pull_request,11,355,165,520,277,140,98,none,0,none,2,22,0,0,1,0,0,0,0,0,1,0,0,0,remove,login,0.3990,success
b7105521,junior_juan,hotfix/urgente,add dashboard module,push,16,509,11,520,297,148,142,security-and-build,3,docker,3,17,0,1,0,0,0,0,0,1,0,0,0,0,add,dashboard,0.6013,failure
377783b7,carlos_dev,main,remove tests module,pull_request,1,178,131,309,375,81,230,none,0,none,3,15,0,0,0,1,0,0,0,0,0,0,0,0,remove,tests,0.0300,success
23653146,junior_juan,main,rollback frontend module,pull_request,13,558,265,823,408,241,152,none,0,none,6,2,1,0,0,1,0,0,0,1,0,0,0,0,rollback,frontend,0.4098,success
a8830379,junior_juan,feature/api,merge tests module,push,15,173,0,173,356,219,69,none,0,none,2,23,0,0,1,0,0,0,0,0,0,0,0,0,merge,tests,0.0824,success
bb2fb261,maria_backend,feature/dashboard,remove environment module,push,14,369,285,654,327,152,159,quality-and-testing,1,runtime,1,0,0,0,1,0,0,0,0,0,0,0,1,0,remove,environment,0.8240,failure
464148ab,maria_backend,feature/dashboard,remove api module,push,5,297,309,606,387,223,140,telemetry-dispatch,2,env,5,10,0,0,1,0,0,0,1,0,0,0,0,0,remove,api,0.6219,failure
34f6c393,maria_backend,ci/cd-proyecto,rollback billing module,pull_request,17,185,356,541,547,198,309,none,0,none,7,4,1,0,0,0,0,0,0,0,0,0,0,0,rollback,billing,0.3754,success
6755462b,junior_juan,feature/api,remove dashboard module,push,17,364,157,521,278,73,140,none,0,none,4,10,0,0,1,0,0,0,0,1,0,0,0,0,remove,dashboard,0.2186,success
ca956b32,maria_backend,ci/cd-proyecto,merge frontend module,push,16,470,322,792,415,243,164,none,0,none,7,13,1,0,0,0,0,0,0,1,0,0,0,0,merge,frontend,0.4425,success
1ecd1766,junior_juan,ci/cd-proyecto,fix api module,pull_request,7,559,55,614,426,197,146,telemetry-dispatch,4,env,1,6,0,0,0,0,0,0,1,0,0,0,0,0,fix,api,0.4797,failure
93e3408f,junior_juan,feature/api,fix database module,pull_request,13,47,282,329,331,261,36,none,0,none,4,3,0,0,1,0,0,1,0,0,0,0,0,0,fix,database,0.3617,success
55df95b1,junior_juan,feature/api,merge frontend module,push,14,582,90,672,406,164,204,none,0,none,7,6,1,0,1,0,0,0,0,1,0,0,0,0,merge,frontend,0.3903,success
3d361bf6,carlos_dev,feature/pagos,update environment module,push,9,432,358,790,461,122,306,security-and-build,4,security,6,12,1,0,1,0,0,0,0,0,0,0,1,0,update,environment,0.7047,failure
d10b5f73,carlos_dev,feature/dashboard,update auth module,push,1,206,240,446,429,135,259,quality-and-testing,5,env,2,5,0,0,1,0,0,0,0,0,1,0,0,0,update,auth,0.4580,failure
ebe17a0f,carlos_dev,release/v1,update docker module,pull_request,16,231,211,442,546,161,321,none,0,none,2,19,0,0,0,0,1,0,0,0,0,0,0,0,update,docker,0.3655,success
0776f67b,carlos_dev,release/v1,remove security module,pull_request,11,374,56,430,425,89,250,none,0,none,2,20,0,0,0,0,0,0,0,0,0,0,0,0,remove,security,0.1105,success
3448edb1,maria_backend,feature/pagos,remove tests module,pull_request,6,298,256,554,539,189,281,none,0,none,2,13,0,0,1,0,0,0,0,0,0,0,0,0,remove,tests,0.0300,success
3524900c,junior_juan,release/v1,refactor dashboard module,pull_request,4,574,2,576,330,94,173,none,0,none,5,12,0,0,0,0,0,0,0,1,0,0,0,0,refactor,dashboard,0.1321,success
adeed8bf,junior_juan,main,add auth module,pull_request,14,350,7,357,287,103,110,none,0,none,2,23,0,0,0,1,0,0,0,0,1,0,0,0,add,auth,0.4111,success
9d7fe2a2,anndrew492,main,refactor docker module,push,14,46,195,241,511,114,387,security-and-build,5,docker,7,10,1,0,0,1,1,0,0,0,0,0,0,0,refactor,docker,0.6904,failure
d35217c7,anndrew492,hotfix/urgente,rollback migration module,push,15,340,32,372,383,222,75,quality-and-testing,2,database,4,6,0,1,0,0,0,0,0,0,0,0,0,1,rollback,migration,0.9200,failure
614f525e,anndrew492,feature/pagos,rollback environment module,pull_request,14,255,29,284,376,175,113,security-and-build,2,security,7,10,1,0,1,0,0,0,0,0,0,0,1,0,rollback,environment,0.5411,failure
f5d7208f,carlos_dev,feature/dashboard,add dashboard module,pull_request,8,86,297,383,329,97,212,none,0,none,6,6,1,0,1,0,0,0,0,1,0,0,0,0,add,dashboard,0.0376,success
c791c8a6,carlos_dev,ci/cd-proyecto,add dashboard module,push,5,6,99,105,244,75,162,none,0,none,2,4,0,0,0,0,0,0,0,1,0,0,0,0,add,dashboard,0.1649,success
45d44aef,maria_backend,ci/cd-proyecto,remove tests module,pull_request,18,216,80,296,363,97,229,none,0,none,6,6,1,0,0,0,0,0,0,0,0,0,0,0,remove,tests,0.1242,success
2cab1f5d,junior_juan,release/v1,merge database module,pull_request,22,422,295,717,619,354,194,quality-and-testing,5,database,7,6,1,0,0,0,0,1,0,0,0,0,0,0,merge,database,0.7428,failure
2a626486,junior_juan,release/v1,merge migration module,push,23,414,238,652,556,313,208,quality-and-testing,4,database,7,6,1,0,0,0,0,0,0,0,0,0,0,1,merge,migration,0.7505,failure
7fb6c0f2,maria_backend,feature/dashboard,rollback auth module,push,13,286,14,300,316,33,238,quality-and-testing,1,syntax,3,1,0,0,1,0,0,0,0,0,1,0,0,0,rollback,auth,0.6105,failure
d40f8b03,junior_juan,feature/pagos,fix tests module,pull_request,14,80,296,376,198,71,81,none,0,none,6,23,1,0,1,0,0,0,0,0,0,0,0,0,fix,tests,0.2206,success
eda0d48c,carlos_dev,main,merge login module,pull_request,17,609,216,825,362,71,248,quality-and-testing,2,test,7,5,1,0,0,1,0,0,0,0,1,0,0,0,merge,login,0.9162,failure
225ece37,carlos_dev,ci/cd-proyecto,update dashboard module,pull_request,20,104,16,120,276,104,140,none,0,none,1,22,0,0,0,0,0,0,0,1,0,0,0,0,update,dashboard,0.0300,success
e5a37054,maria_backend,hotfix/urgente,add frontend module,push,16,166,135,301,174,37,82,security-and-build,3,docker,3,19,0,1,0,0,0,0,0,1,0,0,0,0,add,frontend,0.5641,failure
ad0e5ad5,anndrew492,ci/cd-proyecto,rollback tests module,pull_request,8,503,202,705,452,294,147,none,0,none,5,11,0,0,0,0,0,0,0,0,0,0,0,0,rollback,tests,0.2352,success
3c7df0e9,carlos_dev,feature/pagos,fix dashboard module,push,2,591,38,629,595,218,325,none,0,none,2,4,0,0,1,0,0,0,0,1,0,0,0,0,fix,dashboard,0.2388,success
3da4c759,junior_juan,main,fix docker module,pull_request,1,213,350,563,364,119,228,none,0,none,4,0,0,0,0,1,1,0,0,0,0,0,0,0,fix,docker,0.3601,success
4107e081,maria_backend,ci/cd-proyecto,add login module,pull_request,13,506,245,751,354,170,96,security-and-build,5,security,2,6,0,0,0,0,0,0,0,0,1,0,0,0,add,login,0.4829,failure
832eb1ff,junior_juan,feature/pagos,rollback login module,pull_request,12,105,170,275,300,32,194,none,0,none,6,7,1,0,1,0,0,0,0,0,1,0,0,0,rollback,login,0.4087,success
7c4e4b7c,junior_juan,hotfix/urgente,update tests module,pull_request,22,497,68,565,510,176,246,none,0,none,5,11,0,1,0,0,0,0,0,0,0,0,0,0,update,tests,0.4444,success
e6055432,anndrew492,feature/pagos,rollback login module,push,10,528,360,888,540,137,334,telemetry-dispatch,4,timeout,7,14,1,0,1,0,0,0,0,0,1,0,0,0,rollback,login,0.7571,failure
a1ee0677,junior_juan,main,rollback environment module,push,16,276,199,475,344,153,111,quality-and-testing,5,database,5,11,0,0,0,1,0,0,0,0,0,0,1,0,rollback,environment,0.9092,failure
7962527d,maria_backend,release/v1,rollback docker module,pull_request,13,461,73,534,560,201,345,security-and-build,1,docker,6,11,1,0,0,0,1,0,0,0,0,0,0,0,rollback,docker,0.6125,failure
75c2915a,maria_backend,main,remove api module,pull_request,14,377,202,579,528,122,317,security-and-build,4,timeout,6,8,1,0,0,1,0,0,1,0,0,0,0,0,remove,api,0.5762,failure
890f870b,anndrew492,feature/dashboard,refactor frontend module,push,10,489,172,661,446,230,143,none,0,none,3,11,0,0,1,0,0,0,0,1,0,0,0,0,refactor,frontend,0.2931,success
94c476d0,maria_backend,feature/dashboard,remove tests module,pull_request,5,256,106,362,409,148,221,none,0,none,7,20,1,0,1,0,0,0,0,0,0,0,0,0,remove,tests,0.1018,success
df3c2b85,carlos_dev,main,merge frontend module,push,14,398,264,662,606,262,293,security-and-build,2,timeout,5,5,0,0,0,1,0,0,0,1,0,0,0,0,merge,frontend,0.6011,failure
50de1036,junior_juan,main,add security module,pull_request,6,631,241,872,566,279,255,none,0,none,4,7,0,0,0,1,0,0,0,0,0,0,0,0,add,security,0.1883,success
699ed7cc,maria_backend,hotfix/urgente,rollback tests module,push,13,399,154,553,485,322,104,quality-and-testing,5,test,7,23,1,1,0,0,0,0,0,0,0,0,0,0,rollback,tests,0.8196,failure
6b2a12a4,anndrew492,hotfix/urgente,fix security module,pull_request,5,318,177,495,174,105,36,security-and-build,4,security,4,23,0,1,0,0,0,0,0,0,0,0,0,0,fix,security,0.5537,failure
132dee23,junior_juan,feature/api,refactor api module,pull_request,18,574,186,760,429,90,284,security-and-build,2,docker,7,18,1,0,1,0,0,0,1,0,0,0,0,0,refactor,api,0.6642,failure
34233e98,junior_juan,main,rollback auth module,push,10,109,187,296,422,162,238,security-and-build,5,timeout,2,4,0,0,0,1,0,0,0,0,1,0,0,0,rollback,auth,0.8108,failure
7dc57cb5,junior_juan,feature/pagos,rollback auth module,push,8,543,349,892,439,280,84,security-and-build,1,security,3,2,0,0,1,0,0,0,0,0,1,0,0,0,rollback,auth,0.8123,failure
1fe6b8ac,maria_backend,feature/pagos,rollback auth module,pull_request,3,312,179,491,207,85,111,none,0,none,5,4,0,0,1,0,0,0,0,0,1,0,0,0,rollback,auth,0.3470,success
69180016,carlos_dev,hotfix/urgente,merge frontend module,pull_request,11,59,165,224,332,55,252,none,0,none,5,9,0,1,0,0,0,0,0,1,0,0,0,0,merge,frontend,0.3367,success
cc299f75,anndrew492,main,refactor migration module,push,16,136,135,271,396,173,150,quality-and-testing,1,database,7,14,1,0,0,1,0,0,0,0,0,0,0,1,refactor,migration,0.8387,failure
69456598,junior_juan,hotfix/urgente,merge dependencies module,push,16,184,103,287,446,209,187,security-and-build,4,dependency,1,8,0,1,0,0,0,0,0,0,0,1,0,0,merge,dependencies,0.6418,failure
8900e058,junior_juan,ci/cd-proyecto,update database module,pull_request,20,325,146,471,296,184,107,none,0,none,2,8,0,0,0,0,0,1,0,0,0,0,0,0,update,database,0.4398,success
304db9a0,maria_backend,main,rollback login module,pull_request,1,427,4,431,318,57,206,none,0,none,3,15,0,0,0,1,0,0,0,0,1,0,0,0,rollback,login,0.3760,success
fdd9a289,maria_backend,feature/api,update login module,pull_request,4,113,215,328,366,194,122,none,0,none,3,13,0,0,1,0,0,0,0,0,1,0,0,0,update,login,0.2973,success
58e1d52a,maria_backend,feature/dashboard,remove dependencies module,push,14,239,344,583,581,283,247,security-and-build,3,dependency,3,3,0,0,1,0,0,0,0,0,0,1,0,0,remove,dependencies,0.7427,failure
c8885adb,maria_backend,feature/pagos,add dependencies module,pull_request,18,314,325,639,392,202,164,security-and-build,1,dependency,4,17,0,0,1,0,0,0,0,0,0,1,0,0,add,dependencies,0.6749,failure
ad3ba67a,anndrew492,main,update database module,push,19,540,137,677,558,301,248,quality-and-testing,4,database,2,0,0,0,0,1,0,1,0,0,0,0,0,0,update,database,0.9200,failure
79a3b038,anndrew492,release/v1,refactor frontend module,push,11,535,176,711,474,208,238,quality-and-testing,5,syntax,4,5,0,0,0,0,0,0,0,1,0,0,0,0,refactor,frontend,0.4695,failure
367991c5,junior_juan,hotfix/urgente,remove docker module,pull_request,4,73,222,295,353,53,247,none,0,none,3,11,0,1,0,0,1,0,0,0,0,0,0,0,remove,docker,0.4486,success
2ddea0c4,anndrew492,feature/api,add tests module,push,18,99,353,452,115,63,42,quality-and-testing,5,test,7,21,1,0,1,0,0,0,0,0,0,0,0,0,add,tests,0.4690,failure
d92f5585,anndrew492,feature/pagos,add environment module,push,1,124,184,308,300,101,183,quality-and-testing,3,test,3,0,0,0,1,0,0,0,0,0,0,0,1,0,add,environment,0.4792,failure
1b71a9df,anndrew492,release/v1,fix frontend module,pull_request,8,236,65,301,154,44,51,none,0,none,7,23,1,0,0,0,0,0,0,1,0,0,0,0,fix,frontend,0.1657,success
50753b24,maria_backend,feature/pagos,remove docker module,pull_request,16,416,284,700,347,158,168,security-and-build,5,docker,2,2,0,0,1,0,1,0,0,0,0,0,0,0,remove,docker,0.7019,failure
ae564bca,junior_juan,hotfix/urgente,fix api module,push,8,400,318,718,357,158,166,quality-and-testing,4,runtime,3,21,0,1,0,0,0,0,1,0,0,0,0,0,fix,api,0.9200,failure
4cd02965,carlos_dev,hotfix/urgente,merge migration module,push,20,564,217,781,336,245,69,quality-and-testing,2,database,4,17,0,1,0,0,0,0,0,0,0,0,0,1,merge,migration,0.9200,failure
6ff6331a,carlos_dev,feature/pagos,rollback api module,push,4,394,227,621,326,105,162,security-and-build,5,docker,7,3,1,0,1,0,0,0,1,0,0,0,0,0,rollback,api,0.9192,failure
3cf4363f,maria_backend,feature/api,add dependencies module,pull_request,5,519,69,588,602,242,306,none,0,none,3,10,0,0,1,0,0,0,0,0,0,1,0,0,add,dependencies,0.3480,success
9e419d9a,anndrew492,release/v1,remove auth module,push,4,209,332,541,432,227,168,quality-and-testing,3,runtime,7,22,1,0,0,0,0,0,0,0,1,0,0,0,remove,auth,0.6548,failure
6221f381,carlos_dev,feature/pagos,refactor tests module,pull_request,3,76,255,331,371,77,260,none,0,none,2,3,0,0,1,0,0,0,0,0,0,0,0,0,refactor,tests,0.0549,success
8c409ae0,carlos_dev,feature/dashboard,add api module,pull_request,11,297,39,336,286,131,105,none,0,none,7,7,1,0,1,0,0,0,1,0,0,0,0,0,add,api,0.3278,success
e2d91219,junior_juan,feature/dashboard,add billing module,pull_request,16,324,244,568,253,136,78,none,0,none,5,6,0,0,1,0,0,0,0,0,0,0,0,0,add,billing,0.1585,success
7ec73820,carlos_dev,ci/cd-proyecto,refactor dashboard module,push,11,512,78,590,321,141,146,none,0,none,7,10,1,0,0,0,0,0,0,1,0,0,0,0,refactor,dashboard,0.4380,success
c05a82b8,maria_backend,hotfix/urgente,fix security module,pull_request,14,553,281,834,474,285,143,security-and-build,4,security,1,17,0,1,0,0,0,0,0,0,0,0,0,0,fix,security,0.6673,failure
227e6d39,anndrew492,feature/pagos,remove auth module,push,2,342,12,354,200,59,66,none,0,none,1,19,0,0,1,0,0,0,0,0,1,0,0,0,remove,auth,0.3513,success
28dedb95,maria_backend,ci/cd-proyecto,merge api module,push,15,601,52,653,555,276,267,telemetry-dispatch,4,timeout,5,5,0,0,0,0,0,0,1,0,0,0,0,0,merge,api,0.6718,failure
6bd558c2,carlos_dev,main,merge dashboard module,push,9,484,227,711,481,196,261,telemetry-dispatch,2,env,6,19,1,0,0,1,0,0,0,1,0,0,0,0,merge,dashboard,0.6057,failure
b13b15e4,carlos_dev,feature/api,rollback dependencies module,push,14,395,105,500,286,99,174,security-and-build,4,dependency,7,9,1,0,1,0,0,0,0,0,0,1,0,0,rollback,dependencies,0.8629,failure
0cbc41ac,junior_juan,feature/pagos,refactor security module,pull_request,9,469,55,524,514,262,215,none,0,none,5,20,0,0,1,0,0,0,0,0,0,0,0,0,refactor,security,0.0704,success
dcac30ba,anndrew492,feature/dashboard,remove environment module,push,6,495,16,511,545,286,210,security-and-build,3,timeout,5,1,0,0,1,0,0,0,0,0,0,0,1,0,remove,environment,0.4544,failure
b00e8360,maria_backend,hotfix/urgente,add security module,pull_request,5,558,296,854,553,263,273,security-and-build,2,security,7,0,1,1,0,0,0,0,0,0,0,0,0,0,add,security,0.7270,failure
990431eb,carlos_dev,ci/cd-proyecto,rollback security module,pull_request,4,277,296,573,516,223,225,none,0,none,1,10,0,0,0,0,0,0,0,0,0,0,0,0,rollback,security,0.1759,success
e9607380,carlos_dev,feature/pagos,add auth module,pull_request,16,605,321,926,451,275,136,security-and-build,5,dependency,1,20,0,0,1,0,0,0,0,0,1,0,0,0,add,auth,0.7898,failure
f4604d08,carlos_dev,feature/dashboard,add tests module,push,6,148,136,284,283,18,259,none,0,none,5,3,0,0,1,0,0,0,0,0,0,0,0,0,add,tests,0.1206,success
0d71d620,anndrew492,feature/pagos,add login module,pull_request,6,50,168,218,388,186,114,none,0,none,4,4,0,0,1,0,0,0,0,0,1,0,0,0,add,login,0.2608,success
9d58e4c8,junior_juan,release/v1,update database module,push,8,514,144,658,602,206,310,quality-and-testing,1,database,4,13,0,0,0,0,0,1,0,0,0,0,0,0,update,database,0.6739,failure
7d4af5da,carlos_dev,feature/dashboard,refactor security module,pull_request,10,315,13,328,322,92,175,none,0,none,2,13,0,0,1,0,0,0,0,0,0,0,0,0,refactor,security,0.0300,success
8c04b2d8,junior_juan,release/v1,add docker module,push,10,643,281,924,692,214,458,security-and-build,2,docker,4,8,0,0,0,0,1,0,0,0,0,0,0,0,add,docker,0.7940,failure
af9f94bd,anndrew492,feature/pagos,remove login module,push,1,440,317,757,469,175,209,security-and-build,4,docker,6,8,1,0,1,0,0,0,0,0,1,0,0,0,remove,login,0.6748,failure
a4441d0f,carlos_dev,ci/cd-proyecto,merge migration module,pull_request,9,481,332,813,487,245,219,quality-and-testing,5,database,1,2,0,0,0,0,0,0,0,0,0,0,0,1,merge,migration,0.7222,failure
e28f53d2,carlos_dev,release/v1,merge dependencies module,push,7,438,282,720,437,60,366,security-and-build,3,dependency,3,5,0,0,0,0,0,0,0,0,0,1,0,0,merge,dependencies,0.7175,failure
2fa8d2d2,maria_backend,release/v1,update dashboard module,push,16,555,140,695,424,196,191,none,0,none,2,13,0,0,0,0,0,0,0,1,0,0,0,0,update,dashboard,0.4331,success
59843b29,carlos_dev,main,update database module,pull_request,9,470,297,767,461,326,103,quality-and-testing,3,database,4,15,0,0,0,1,0,1,0,0,0,0,0,0,update,database,0.4816,failure
3990c89f,maria_backend,feature/api,rollback billing module,push,12,134,0,134,378,121,249,none,0,none,1,7,0,0,1,0,0,0,0,0,0,0,0,0,rollback,billing,0.0794,success
1d52b0fa,anndrew492,feature/api,add tests module,pull_request,14,215,313,528,577,206,325,none,0,none,1,3,0,0,1,0,0,0,0,0,0,0,0,0,add,tests,0.0585,success
ce2cd5d5,anndrew492,main,fix dependencies module,pull_request,11,615,208,823,519,255,256,security-and-build,5,dependency,6,5,1,0,0,1,0,0,0,0,0,1,0,0,fix,dependencies,0.7898,failure
eb2d7270,junior_juan,release/v1,merge database module,push,14,473,172,645,612,289,284,quality-and-testing,5,database,5,1,0,0,0,0,0,1,0,0,0,0,0,0,merge,database,0.7268,failure
e26ddd8e,maria_backend,feature/api,merge database module,push,23,313,42,355,539,211,250,quality-and-testing,3,database,4,15,0,0,1,0,0,1,0,0,0,0,0,0,merge,database,0.5037,failure
958c1f39,carlos_dev,feature/api,update dashboard module,pull_request,10,198,229,427,410,160,222,none,0,none,5,15,0,0,1,0,0,0,0,1,0,0,0,0,update,dashboard,0.0300,success
099b3efc,carlos_dev,hotfix/urgente,refactor api module,pull_request,14,334,331,665,451,211,209,security-and-build,2,security,3,4,0,1,0,0,0,0,1,0,0,0,0,0,refactor,api,0.9200,failure
e2be08fd,anndrew492,hotfix/urgente,merge tests module,pull_request,8,492,95,587,461,153,233,none,0,none,2,11,0,1,0,0,0,0,0,0,0,0,0,0,merge,tests,0.3855,success
93e448f1,carlos_dev,feature/api,update docker module,push,12,49,246,295,451,118,289,none,0,none,3,21,0,0,1,0,1,0,0,0,0,0,0,0,update,docker,0.4354,success
2b9bbcb5,maria_backend,ci/cd-proyecto,rollback environment module,push,7,41,229,270,181,48,95,quality-and-testing,2,test,3,22,0,0,0,0,0,0,0,0,0,0,1,0,rollback,environment,0.5938,failure
d8898cc1,maria_backend,hotfix/urgente,add login module,pull_request,19,140,261,401,323,124,146,security-and-build,4,docker,3,11,0,1,0,0,0,0,0,0,1,0,0,0,add,login,0.7437,failure
f7b46a09,carlos_dev,feature/api,remove api module,push,5,605,269,874,532,241,205,security-and-build,1,timeout,1,2,0,0,1,0,0,0,1,0,0,0,0,0,remove,api,0.6555,failure
f5bae1b5,maria_backend,feature/pagos,update tests module,push,6,91,110,201,477,177,246,none,0,none,4,15,0,0,1,0,0,0,0,0,0,0,0,0,update,tests,0.0300,success
19164436,carlos_dev,hotfix/urgente,rollback environment module,push,12,635,208,843,286,114,125,quality-and-testing,5,runtime,6,6,1,1,0,0,0,0,0,0,0,0,1,0,rollback,environment,0.9200,failure
134f71ff,anndrew492,feature/pagos,remove dashboard module,pull_request,13,492,306,798,351,115,213,none,0,none,3,12,0,0,1,0,0,0,0,1,0,0,0,0,remove,dashboard,0.0491,success
1c930a2d,maria_backend,feature/dashboard,add frontend module,push,11,293,184,477,253,218,28,none,0,none,1,12,0,0,1,0,0,0,0,1,0,0,0,0,add,frontend,0.0518,success
a9e2cb4c,junior_juan,hotfix/urgente,refactor docker module,push,14,307,196,503,520,135,377,security-and-build,4,docker,5,21,0,1,0,0,1,0,0,0,0,0,0,0,refactor,docker,0.9200,failure
4e1cb3f6,anndrew492,release/v1,update environment module,push,3,622,123,745,543,202,263,telemetry-dispatch,2,timeout,4,0,0,0,0,0,0,0,0,0,0,0,1,0,update,environment,0.6789,failure
0e6f17d3,maria_backend,release/v1,rollback dashboard module,pull_request,10,298,154,452,402,137,213,none,0,none,4,17,0,0,0,0,0,0,0,1,0,0,0,0,rollback,dashboard,0.1363,success
86e5d58d,junior_juan,ci/cd-proyecto,remove frontend module,pull_request,3,316,2,318,267,150,97,none,0,none,5,2,0,0,0,0,0,0,0,1,0,0,0,0,remove,frontend,0.0388,success
18793f21,maria_backend,hotfix/urgente,remove database module,pull_request,20,556,238,794,609,436,136,quality-and-testing,3,database,6,15,1,1,0,0,0,1,0,0,0,0,0,0,remove,database,0.9200,failure
4ae393a8,maria_backend,feature/api,merge dependencies module,push,14,265,121,386,481,181,250,security-and-build,5,dependency,7,10,1,0,1,0,0,0,0,0,0,1,0,0,merge,dependencies,0.6955,failure
f4b38d4c,anndrew492,hotfix/urgente,merge frontend module,pull_request,13,259,147,406,188,74,90,none,0,none,5,4,0,1,0,0,0,0,0,1,0,0,0,0,merge,frontend,0.4235,success
cd2db2e6,maria_backend,main,rollback login module,push,11,221,87,308,229,60,140,security-and-build,2,docker,2,16,0,0,0,1,0,0,0,0,1,0,0,0,rollback,login,0.8372,failure
a41b7b3b,junior_juan,feature/api,merge login module,push,15,203,239,442,358,31,247,quality-and-testing,1,runtime,3,21,0,0,1,0,0,0,0,0,1,0,0,0,merge,login,0.4629,failure
21342290,junior_juan,release/v1,fix security module,push,17,20,303,323,342,100,204,none,0,none,6,19,1,0,0,0,0,0,0,0,0,0,0,0,fix,security,0.3407,success
668195c7,anndrew492,feature/pagos,refactor dependencies module,push,15,602,120,722,564,205,311,security-and-build,4,dependency,5,16,0,0,1,0,0,0,0,0,0,1,0,0,refactor,dependencies,0.9200,failure
5187922c,junior_juan,ci/cd-proyecto,merge auth module,push,8,366,300,666,438,175,253,quality-and-testing,4,syntax,1,3,0,0,0,0,0,0,0,0,1,0,0,0,merge,auth,0.7025,failure
84d07967,carlos_dev,ci/cd-proyecto,remove dashboard module,pull_request,7,349,337,686,512,259,233,none,0,none,1,15,0,0,0,0,0,0,0,1,0,0,0,0,remove,dashboard,0.1549,success
55e21d01,maria_backend,feature/api,remove security module,push,6,9,305,314,396,202,164,none,0,none,7,6,1,0,1,0,0,0,0,0,0,0,0,0,remove,security,0.2424,success
ce8e8c3f,carlos_dev,release/v1,refactor migration module,push,16,114,50,164,349,154,137,quality-and-testing,1,database,1,21,0,0,0,0,0,0,0,0,0,0,0,1,refactor,migration,0.5244,failure
7447ffde,maria_backend,release/v1,update billing module,pull_request,1,241,18,259,284,77,184,none,0,none,6,16,1,0,0,0,0,0,0,0,0,0,0,0,update,billing,0.0300,success
c662d4f9,carlos_dev,ci/cd-proyecto,refactor dashboard module,pull_request,12,25,12,37,311,59,166,none,0,none,4,10,0,0,0,0,0,0,0,1,0,0,0,0,refactor,dashboard,0.0662,success
f99b7097,maria_backend,release/v1,update billing module,pull_request,11,185,78,263,245,84,120,none,0,none,7,20,1,0,0,0,0,0,0,0,0,0,0,0,update,billing,0.1349,success
0b884668,anndrew492,feature/api,add dependencies module,push,10,430,294,724,486,242,225,security-and-build,1,dependency,5,22,0,0,1,0,0,0,0,0,0,1,0,0,add,dependencies,0.7007,failure
5e254558,carlos_dev,hotfix/urgente,refactor billing module,pull_request,5,582,4,586,342,88,201,security-and-build,4,security,5,5,0,1,0,0,0,0,0,0,0,0,0,0,refactor,billing,0.5859,failure
7ec88a56,junior_juan,main,rollback tests module,pull_request,6,512,310,822,258,142,108,none,0,none,1,22,0,0,0,1,0,0,0,0,0,0,0,0,rollback,tests,0.2652,success
4cd3fed8,anndrew492,release/v1,merge api module,pull_request,17,519,343,862,462,133,295,quality-and-testing,5,syntax,3,19,0,0,0,0,0,0,1,0,0,0,0,0,merge,api,0.5849,failure
1d4fb45e,maria_backend,release/v1,merge auth module,pull_request,13,123,281,404,278,19,219,none,0,none,1,12,0,0,0,0,0,0,0,0,1,0,0,0,merge,auth,0.3121,success
fdc73f58,junior_juan,main,fix migration module,push,16,608,38,646,499,340,86,quality-and-testing,5,database,6,19,1,0,0,1,0,0,0,0,0,0,0,1,fix,migration,0.9200,failure
652b870b,anndrew492,main,merge environment module,pull_request,17,146,36,182,125,31,31,security-and-build,4,dependency,6,6,1,0,0,1,0,0,0,0,0,0,1,0,merge,environment,0.5666,failure
de856a8c,carlos_dev,hotfix/urgente,merge database module,pull_request,10,201,19,220,536,297,220,quality-and-testing,3,database,6,19,1,1,0,0,0,1,0,0,0,0,0,0,merge,database,0.5399,failure
ae63662b,maria_backend,hotfix/urgente,rollback frontend module,push,8,107,159,266,404,153,243,security-and-build,3,docker,5,1,0,1,0,0,0,0,0,1,0,0,0,0,rollback,frontend,0.6343,failure
ea8e2f34,carlos_dev,release/v1,merge docker module,pull_request,10,401,271,672,568,95,413,security-and-build,1,docker,7,10,1,0,0,0,1,0,0,0,0,0,0,0,merge,docker,0.6555,failure
b64f37e5,maria_backend,feature/api,merge auth module,pull_request,16,429,238,667,432,264,112,quality-and-testing,3,database,5,16,0,0,1,0,0,0,0,0,1,0,0,0,merge,auth,0.5064,failure
41db703a,anndrew492,release/v1,add docker module,push,13,575,227,802,575,239,259,security-and-build,5,docker,2,2,0,0,0,0,1,0,0,0,0,0,0,0,add,docker,0.6893,failure
5dfe8954,maria_backend,feature/pagos,remove environment module,pull_request,17,527,291,818,543,187,289,telemetry-dispatch,2,timeout,6,0,1,0,1,0,0,0,0,0,0,0,1,0,remove,environment,0.9200,failure
abd6cf6f,junior_juan,feature/api,update login module,push,3,576,52,628,412,198,158,security-and-build,1,security,3,2,0,0,1,0,0,0,0,0,1,0,0,0,update,login,0.5020,failure
939828cb,junior_juan,main,rollback login module,push,10,573,33,606,465,267,158,security-and-build,5,env,6,6,1,0,0,1,0,0,0,0,1,0,0,0,rollback,login,0.9200,failure
61dbbab3,maria_backend,main,refactor billing module,pull_request,17,292,43,335,396,132,207,none,0,none,6,16,1,0,0,1,0,0,0,0,0,0,0,0,refactor,billing,0.1184,success
08c64f6d,junior_juan,feature/pagos,fix auth module,push,3,245,64,309,123,18,31,security-and-build,2,security,6,14,1,0,1,0,0,0,0,0,1,0,0,0,fix,auth,0.4647,failure
5263e9f5,anndrew492,hotfix/urgente,refactor dashboard module,pull_request,21,305,313,618,652,290,292,quality-and-testing,4,timeout,4,21,0,1,0,0,0,0,0,1,0,0,0,0,refactor,dashboard,0.7429,failure
05dd68be,maria_backend,feature/dashboard,update docker module,pull_request,10,231,145,376,530,124,349,none,0,none,2,4,0,0,1,0,1,0,0,0,0,0,0,0,update,docker,0.3609,success
041488a7,junior_juan,release/v1,refactor security module,push,9,156,90,246,353,178,119,none,0,none,5,0,0,0,0,0,0,0,0,0,0,0,0,0,refactor,security,0.2584,success
d6cb8fae,junior_juan,feature/pagos,add dependencies module,pull_request,9,413,140,553,747,317,355,none,0,none,5,5,0,0,1,0,0,0,0,0,0,1,0,0,add,dependencies,0.2833,success
db284613,anndrew492,feature/dashboard,merge auth module,push,7,303,49,352,368,147,148,none,0,none,3,22,0,0,1,0,0,0,0,0,1,0,0,0,merge,auth,0.3888,success
002d5e1b,anndrew492,release/v1,rollback tests module,pull_request,3,253,359,612,430,202,165,none,0,none,5,18,0,0,0,0,0,0,0,0,0,0,0,0,rollback,tests,0.3230,success
377145d8,anndrew492,main,merge auth module,pull_request,2,355,40,395,254,106,75,none,0,none,4,10,0,0,0,1,0,0,0,0,1,0,0,0,merge,auth,0.3634,success
d61a11c2,junior_juan,main,fix billing module,push,13,546,288,834,568,266,270,none,0,none,1,11,0,0,0,1,0,0,0,0,0,0,0,0,fix,billing,0.4218,success
066d21ce,anndrew492,ci/cd-proyecto,remove environment module,push,5,271,235,506,535,216,293,telemetry-dispatch,4,timeout,7,20,1,0,0,0,0,0,0,0,0,0,1,0,remove,environment,0.6431,failure
7a0fa554,junior_juan,feature/dashboard,remove login module,pull_request,15,472,20,492,500,211,248,none,0,none,5,12,0,0,1,0,0,0,0,0,1,0,0,0,remove,login,0.3374,success
ccc95b61,anndrew492,hotfix/urgente,remove environment module,push,10,48,61,109,308,153,133,quality-and-testing,4,test,6,1,1,1,0,0,0,0,0,0,0,0,1,0,remove,environment,0.7300,failure
51f20bce,anndrew492,main,fix security module,push,7,194,36,230,253,15,157,none,0,none,2,6,0,0,0,1,0,0,0,0,0,0,0,0,fix,security,0.2886,success
54f75993,carlos_dev,feature/pagos,refactor billing module,push,10,353,17,370,343,149,175,none,0,none,4,23,0,0,1,0,0,0,0,0,0,0,0,0,refactor,billing,0.3077,success
3affe07f,anndrew492,hotfix/urgente,refactor auth module,pull_request,11,304,62,366,421,102,236,security-and-build,4,timeout,5,12,0,1,0,0,0,0,0,0,1,0,0,0,refactor,auth,0.5163,failure
4873bc4c,junior_juan,hotfix/urgente,add auth module,push,10,618,336,954,283,109,167,quality-and-testing,5,env,3,1,0,1,0,0,0,0,0,0,1,0,0,0,add,auth,0.9200,failure
ef87893a,junior_juan,feature/api,remove migration module,pull_request,17,52,65,117,381,220,118,quality-and-testing,4,database,4,4,0,0,1,0,0,0,0,0,0,0,0,1,remove,migration,0.5246,failure
f200e4ab,carlos_dev,feature/api,add tests module,pull_request,15,59,5,64,193,87,55,none,0,none,1,11,0,0,1,0,0,0,0,0,0,0,0,0,add,tests,0.0300,success
19444a09,junior_juan,ci/cd-proyecto,merge environment module,push,14,272,270,542,384,74,302,quality-and-testing,3,database,2,20,0,0,0,0,0,0,0,0,0,0,1,0,merge,environment,0.5757,failure
bf4438a8,junior_juan,main,update login module,pull_request,6,557,59,616,430,206,204,security-and-build,5,dependency,5,0,0,0,0,1,0,0,0,0,1,0,0,0,update,login,0.5263,failure
47e50fc3,maria_backend,feature/api,update environment module,push,12,548,347,895,411,101,276,security-and-build,3,docker,3,9,0,0,1,0,0,0,0,0,0,0,1,0,update,environment,0.5539,failure
32d0ed94,anndrew492,ci/cd-proyecto,refactor dashboard module,push,8,218,198,416,422,161,182,none,0,none,5,18,0,0,0,0,0,0,0,1,0,0,0,0,refactor,dashboard,0.2336,success
9b163ddc,junior_juan,main,add auth module,pull_request,5,389,219,608,420,231,120,security-and-build,3,security,3,20,0,0,0,1,0,0,0,0,1,0,0,0,add,auth,0.4713,failure
475be3dd,maria_backend,main,refactor frontend module,pull_request,6,573,237,810,508,121,337,none,0,none,6,21,1,0,0,1,0,0,0,1,0,0,0,0,refactor,frontend,0.3585,success
124c839c,anndrew492,release/v1,add migration module,pull_request,10,225,158,383,403,144,189,none,0,none,3,2,0,0,0,0,0,0,0,0,0,0,0,1,add,migration,0.3382,success
b739fdc4,maria_backend,feature/pagos,remove auth module,pull_request,16,479,327,806,384,85,232,security-and-build,4,docker,7,6,1,0,1,0,0,0,0,0,1,0,0,0,remove,auth,0.7330,failure
ae406416,anndrew492,ci/cd-proyecto,update migration module,pull_request,11,430,292,722,513,216,243,quality-and-testing,5,database,7,19,1,0,0,0,0,0,0,0,0,0,0,1,update,migration,0.6119,failure
be9e374f,junior_juan,hotfix/urgente,add frontend module,push,18,524,354,878,394,169,179,quality-and-testing,4,timeout,4,3,0,1,0,0,0,0,0,1,0,0,0,0,add,frontend,0.7172,failure
a4a83168,carlos_dev,feature/dashboard,rollback auth module,push,17,248,177,425,375,216,129,quality-and-testing,3,runtime,7,5,1,0,1,0,0,0,0,0,1,0,0,0,rollback,auth,0.7087,failure
1a0c8000,anndrew492,main,add dashboard module,pull_request,12,370,294,664,367,119,173,none,0,none,6,19,1,0,0,1,0,0,0,1,0,0,0,0,add,dashboard,0.1813,success
9f77d043,junior_juan,feature/api,merge api module,pull_request,5,635,43,678,259,139,99,none,0,none,3,16,0,0,1,0,0,0,1,0,0,0,0,0,merge,api,0.4197,success
6825abda,junior_juan,hotfix/urgente,fix database module,push,14,217,323,540,336,245,82,quality-and-testing,3,database,1,4,0,1,0,0,0,1,0,0,0,0,0,0,fix,database,0.8518,failure
a3c678a9,junior_juan,feature/pagos,update frontend module,push,21,506,184,690,344,166,157,none,0,none,5,12,0,0,1,0,0,0,0,1,0,0,0,0,update,frontend,0.3483,success
83c79290,maria_backend,main,rollback environment module,pull_request,8,80,299,379,518,203,251,none,0,none,3,12,0,0,0,1,0,0,0,0,0,0,1,0,rollback,environment,0.4107,success
74df92a9,maria_backend,feature/dashboard,merge billing module,push,17,312,48,360,376,122,182,none,0,none,5,4,0,0,1,0,0,0,0,0,0,0,0,0,merge,billing,0.4068,success
533a2f48,anndrew492,hotfix/urgente,fix frontend module,pull_request,15,104,261,365,321,75,235,telemetry-dispatch,4,env,6,23,1,1,0,0,0,0,0,1,0,0,0,0,fix,frontend,0.7142,failure
049a5646,anndrew492,feature/pagos,update auth module,push,3,287,198,485,219,73,137,none,0,none,6,6,1,0,1,0,0,0,0,0,1,0,0,0,update,auth,0.3136,success
fa53835b,anndrew492,feature/dashboard,merge frontend module,pull_request,21,263,2,265,383,199,106,none,0,none,5,23,0,0,1,0,0,0,0,1,0,0,0,0,merge,frontend,0.0300,success
e14fa23f,junior_juan,hotfix/urgente,add database module,push,7,483,106,589,517,366,113,quality-and-testing,5,database,3,8,0,1,0,0,0,1,0,0,0,0,0,0,add,database,0.7248,failure
fa7ef5c2,anndrew492,release/v1,add dependencies module,push,8,60,52,112,442,166,215,security-and-build,4,dependency,2,21,0,0,0,0,0,0,0,0,0,1,0,0,add,dependencies,0.4698,failure
a199c375,anndrew492,main,refactor database module,pull_request,14,596,304,900,429,258,143,quality-and-testing,5,database,5,3,0,0,0,1,0,1,0,0,0,0,0,0,refactor,database,0.8430,failure
4a05b823,maria_backend,feature/pagos,remove tests module,push,6,594,279,873,376,104,247,none,0,none,2,2,0,0,1,0,0,0,0,0,0,0,0,0,remove,tests,0.2464,success
5e6aa16b,maria_backend,ci/cd-proyecto,rollback dependencies module,push,18,95,88,183,388,160,144,security-and-build,2,dependency,3,21,0,0,0,0,0,0,0,0,0,1,0,0,rollback,dependencies,0.7833,failure
e68e51e5,carlos_dev,main,refactor dependencies module,push,14,496,87,583,779,220,505,security-and-build,2,dependency,2,3,0,0,0,1,0,0,0,0,0,1,0,0,refactor,dependencies,0.9200,failure
c9137ae3,junior_juan,main,refactor database module,pull_request,6,395,54,449,469,291,120,none,0,none,2,0,0,0,0,1,0,1,0,0,0,0,0,0,refactor,database,0.3354,success
f7cf79b0,anndrew492,release/v1,rollback security module,push,7,427,266,693,543,271,210,security-and-build,4,security,5,10,0,0,0,0,0,0,0,0,0,0,0,0,rollback,security,0.5304,failure
05616077,anndrew492,feature/pagos,remove frontend module,push,11,443,59,502,440,235,151,none,0,none,7,3,1,0,1,0,0,0,0,1,0,0,0,0,remove,frontend,0.4431,success
150111cf,maria_backend,main,add database module,push,7,221,266,487,264,139,92,quality-and-testing,2,database,1,13,0,0,0,1,0,1,0,0,0,0,0,0,add,database,0.6969,failure
f5b8b5cb,anndrew492,feature/pagos,update security module,pull_request,9,82,103,185,318,115,126,none,0,none,7,12,1,0,1,0,0,0,0,0,0,0,0,0,update,security,0.0300,success
afdb269e,junior_juan,feature/dashboard,update auth module,pull_request,17,534,53,587,477,154,250,none,0,none,7,12,1,0,1,0,0,0,0,0,1,0,0,0,update,auth,0.4201,success
a130b7f6,carlos_dev,feature/dashboard,rollback billing module,push,15,115,207,322,194,96,82,telemetry-dispatch,3,env,6,8,1,0,1,0,0,0,0,0,0,0,0,0,rollback,billing,0.4557,failure
76c136f0,maria_backend,feature/api,rollback frontend module,push,13,47,104,151,372,161,198,none,0,none,5,11,0,0,1,0,0,0,0,1,0,0,0,0,rollback,frontend,0.0750,success
01c75dac,carlos_dev,feature/dashboard,fix login module,pull_request,6,461,27,488,229,53,155,none,0,none,7,18,1,0,1,0,0,0,0,0,1,0,0,0,fix,login,0.2556,success
eb77db38,anndrew492,ci/cd-proyecto,merge dependencies module,pull_request,13,619,68,687,514,122,326,security-and-build,2,dependency,3,5,0,0,0,0,0,0,0,0,0,1,0,0,merge,dependencies,0.6368,failure
334989b3,carlos_dev,release/v1,update billing module,push,14,146,142,288,330,91,178,none,0,none,1,6,0,0,0,0,0,0,0,0,0,0,0,0,update,billing,0.3002,success
c5dbd83b,anndrew492,feature/pagos,remove tests module,push,10,323,271,594,545,247,239,none,0,none,5,14,0,0,1,0,0,0,0,0,0,0,0,0,remove,tests,0.2489,success
7532f107,maria_backend,feature/api,fix dashboard module,pull_request,15,597,64,661,583,224,295,none,0,none,7,5,1,0,1,0,0,0,0,1,0,0,0,0,fix,dashboard,0.2920,success
0fe9c77e,junior_juan,ci/cd-proyecto,merge billing module,pull_request,4,524,59,583,378,245,121,none,0,none,6,0,1,0,0,0,0,0,0,0,0,0,0,0,merge,billing,0.1244,success
8f729beb,anndrew492,release/v1,add frontend module,push,21,279,330,609,248,94,144,none,0,none,6,6,1,0,0,0,0,0,0,1,0,0,0,0,add,frontend,0.4265,success
48351791,anndrew492,feature/api,add security module,push,13,604,29,633,356,160,110,security-and-build,5,security,6,0,1,0,1,0,0,0,0,0,0,0,0,0,add,security,0.5243,failure
ee026452,carlos_dev,feature/api,fix tests module,pull_request,16,321,222,543,309,183,118,none,0,none,3,9,0,0,1,0,0,0,0,0,0,0,0,0,fix,tests,0.0354,success
9390546b,anndrew492,main,rollback login module,pull_request,18,29,180,209,207,135,58,none,0,none,1,11,0,0,0,1,0,0,0,0,1,0,0,0,rollback,login,0.4409,success
5d1e4e41,anndrew492,feature/pagos,add billing module,push,4,433,216,649,392,140,245,none,0,none,5,4,0,0,1,0,0,0,0,0,0,0,0,0,add,billing,0.3037,success
dcbb1e24,maria_backend,release/v1,merge auth module,pull_request,15,175,162,337,295,188,92,quality-and-testing,4,env,4,8,0,0,0,0,0,0,0,0,1,0,0,0,merge,auth,0.4552,failure
3c3e25bb,junior_juan,release/v1,fix dashboard module,push,14,44,259,303,394,191,124,none,0,none,4,4,0,0,0,0,0,0,0,1,0,0,0,0,fix,dashboard,0.3790,success
27b07a90,anndrew492,hotfix/urgente,merge docker module,push,6,303,195,498,450,97,339,security-and-build,4,docker,7,19,1,1,0,0,1,0,0,0,0,0,0,0,merge,docker,0.7668,failure
eeea3fea,anndrew492,ci/cd-proyecto,merge docker module,push,9,349,117,466,444,153,241,security-and-build,2,docker,4,1,0,0,0,0,1,0,0,0,0,0,0,0,merge,docker,0.4763,failure
83f07695,carlos_dev,release/v1,rollback database module,push,15,470,71,541,492,332,121,quality-and-testing,4,database,3,3,0,0,0,0,0,1,0,0,0,0,0,0,rollback,database,0.6746,failure
9de5ffe1,maria_backend,feature/api,refactor billing module,push,10,248,109,357,397,184,162,none,0,none,6,1,1,0,1,0,0,0,0,0,0,0,0,0,refactor,billing,0.3713,success
4ba3b8ab,carlos_dev,main,merge migration module,push,20,151,236,387,351,163,162,quality-and-testing,4,database,1,22,0,0,0,1,0,0,0,0,0,0,0,1,merge,migration,0.8387,failure
6c1d7b74,carlos_dev,hotfix/urgente,rollback billing module,pull_request,4,199,255,454,306,141,143,quality-and-testing,2,syntax,1,6,0,1,0,0,0,0,0,0,0,0,0,0,rollback,billing,0.5286,failure
154c1065,junior_juan,feature/api,merge database module,pull_request,19,352,303,655,522,329,171,quality-and-testing,4,database,3,20,0,0,1,0,0,1,0,0,0,0,0,0,merge,database,0.5726,failure
8ce1edeb,carlos_dev,release/v1,add dependencies module,pull_request,18,121,148,269,331,130,124,none,0,none,5,4,0,0,0,0,0,0,0,0,0,1,0,0,add,dependencies,0.4057,success
82e2a836,carlos_dev,release/v1,merge security module,push,5,550,320,870,391,297,76,none,0,none,1,19,0,0,0,0,0,0,0,0,0,0,0,0,merge,security,0.2974,success
e2d3cbd9,junior_juan,hotfix/urgente,add frontend module,push,17,568,146,714,538,172,352,telemetry-dispatch,4,timeout,7,6,1,1,0,0,0,0,0,1,0,0,0,0,add,frontend,0.7978,failure
ea220914,maria_backend,release/v1,update login module,push,6,283,94,377,244,84,130,none,0,none,3,17,0,0,0,0,0,0,0,0,1,0,0,0,update,login,0.3935,success
dce877a8,maria_backend,feature/api,merge billing module,pull_request,14,279,29,308,355,213,90,none,0,none,7,16,1,0,1,0,0,0,0,0,0,0,0,0,merge,billing,0.0718,success
868dbb60,maria_backend,feature/api,refactor frontend module,pull_request,13,119,134,253,187,71,77,none,0,none,4,12,0,0,1,0,0,0,0,1,0,0,0,0,refactor,frontend,0.0300,success
a8d7cfe5,anndrew492,release/v1,fix migration module,push,19,499,70,569,658,357,255,quality-and-testing,4,database,6,11,1,0,0,0,0,0,0,0,0,0,0,1,fix,migration,0.5295,failure
148d4a75,anndrew492,ci/cd-proyecto,fix dependencies module,pull_request,6,192,267,459,566,204,344,none,0,none,1,3,0,0,0,0,0,0,0,0,0,1,0,0,fix,dependencies,0.3252,success
33371b1e,junior_juan,release/v1,rollback api module,pull_request,18,503,95,598,461,187,252,quality-and-testing,4,syntax,4,20,0,0,0,0,0,0,1,0,0,0,0,0,rollback,api,0.5276,failure
30bd262e,maria_backend,feature/api,merge login module,push,4,316,139,455,488,190,218,security-and-build,4,timeout,1,22,0,0,1,0,0,0,0,0,1,0,0,0,merge,login,0.4510,failure
38730277,carlos_dev,feature/dashboard,fix docker module,push,18,337,309,646,554,287,234,security-and-build,3,docker,6,9,1,0,1,0,1,0,0,0,0,0,0,0,fix,docker,0.6721,failure
24845658,maria_backend,ci/cd-proyecto,update login module,pull_request,2,410,31,441,180,70,33,none,0,none,4,7,0,0,0,0,0,0,0,0,1,0,0,0,update,login,0.3275,success
99e74f0a,anndrew492,feature/pagos,refactor security module,push,11,37,133,170,148,58,80,none,0,none,2,23,0,0,1,0,0,0,0,0,0,0,0,0,refactor,security,0.0300,success
9d7ffc40,anndrew492,ci/cd-proyecto,refactor security module,push,16,618,253,871,356,149,170,security-and-build,4,security,7,20,1,0,0,0,0,0,0,0,0,0,0,0,refactor,security,0.6356,failure
1a9ce83c,maria_backend,feature/pagos,update database module,push,13,404,340,744,614,276,307,quality-and-testing,4,database,7,18,1,0,1,0,0,1,0,0,0,0,0,0,update,database,0.6503,failure
ea3a8adb,anndrew492,main,remove migration module,pull_request,20,499,178,677,576,326,241,quality-and-testing,2,database,2,6,0,0,0,1,0,0,0,0,0,0,0,1,remove,migration,0.7257,failure
fbd0ec16,maria_backend,hotfix/urgente,rollback auth module,pull_request,15,324,223,547,330,127,178,quality-and-testing,1,test,5,12,0,1,0,0,0,0,0,0,1,0,0,0,rollback,auth,0.9162,failure
e44a19eb,carlos_dev,main,fix billing module,pull_request,2,6,209,215,94,40,29,none,0,none,3,22,0,0,0,1,0,0,0,0,0,0,0,0,fix,billing,0.0300,success
071bfa31,carlos_dev,release/v1,update login module,pull_request,5,360,269,629,436,269,98,quality-and-testing,3,runtime,5,17,0,0,0,0,0,0,0,0,1,0,0,0,update,login,0.5635,failure
facc8633,junior_juan,ci/cd-proyecto,refactor dashboard module,pull_request,6,499,283,782,398,86,252,none,0,none,4,6,0,0,0,0,0,0,0,1,0,0,0,0,refactor,dashboard,0.2475,success
287633ab,anndrew492,feature/pagos,fix dependencies module,push,19,529,214,743,408,226,131,security-and-build,3,dependency,7,7,1,0,1,0,0,0,0,0,0,1,0,0,fix,dependencies,0.8749,failure
f0e08c44,anndrew492,feature/api,add database module,push,16,433,11,444,546,212,244,quality-and-testing,4,database,6,19,1,0,1,0,0,1,0,0,0,0,0,0,add,database,0.5760,failure
3f9005ce,anndrew492,feature/dashboard,merge security module,pull_request,12,27,84,111,393,76,245,none,0,none,7,2,1,0,1,0,0,0,0,0,0,0,0,0,merge,security,0.0300,success
46cda713,anndrew492,main,remove auth module,push,6,170,172,342,307,42,192,quality-and-testing,4,runtime,7,18,1,0,0,1,0,0,0,0,1,0,0,0,remove,auth,0.6722,failure
c47e6d7a,carlos_dev,feature/dashboard,refactor docker module,pull_request,4,131,229,360,479,167,242,none,0,none,7,2,1,0,1,0,1,0,0,0,0,0,0,0,refactor,docker,0.3306,success
f207bce1,junior_juan,main,fix api module,push,9,450,70,520,232,108,96,quality-and-testing,3,database,7,7,1,0,0,1,0,0,1,0,0,0,0,0,fix,api,0.6841,failure
a0ce5f2d,carlos_dev,release/v1,rollback dashboard module,push,10,423,24,447,224,28,173,none,0,none,2,4,0,0,0,0,0,0,0,1,0,0,0,0,rollback,dashboard,0.3834,success
d1100307,anndrew492,feature/api,rollback docker module,push,3,78,97,175,365,199,99,security-and-build,2,docker,7,3,1,0,1,0,1,0,0,0,0,0,0,0,rollback,docker,0.5571,failure
148b04ca,junior_juan,feature/pagos,add docker module,pull_request,6,164,310,474,565,163,361,none,0,none,2,20,0,0,1,0,1,0,0,0,0,0,0,0,add,docker,0.3065,success
64e66d42,carlos_dev,feature/pagos,fix dependencies module,pull_request,10,237,120,357,585,153,352,none,0,none,6,19,1,0,1,0,0,0,0,0,0,1,0,0,fix,dependencies,0.3833,success
b1a89d83,anndrew492,main,rollback dependencies module,push,18,479,71,550,496,92,372,security-and-build,4,dependency,4,11,0,0,0,1,0,0,0,0,0,1,0,0,rollback,dependencies,0.9200,failure
53109f0c,maria_backend,main,update login module,pull_request,14,434,291,725,559,283,269,security-and-build,2,timeout,5,13,0,0,0,1,0,0,0,0,1,0,0,0,update,login,0.6667,failure
b98c18b6,anndrew492,main,merge environment module,pull_request,5,556,212,768,412,107,243,quality-and-testing,5,test,2,1,0,0,0,1,0,0,0,0,0,0,1,0,merge,environment,0.6335,failure
4eefe948,junior_juan,release/v1,add frontend module,pull_request,18,35,44,79,220,119,89,none,0,none,4,19,0,0,0,0,0,0,0,1,0,0,0,0,add,frontend,0.0803,success
a25650aa,carlos_dev,release/v1,update migration module,push,15,85,282,367,401,234,158,quality-and-testing,5,database,4,19,0,0,0,0,0,0,0,0,0,0,0,1,update,migration,0.4805,failure
40c2a158,junior_juan,hotfix/urgente,update dependencies module,pull_request,18,409,223,632,601,179,342,security-and-build,5,dependency,2,4,0,1,0,0,0,0,0,0,0,1,0,0,update,dependencies,0.9149,failure
a296ca80,junior_juan,release/v1,rollback database module,pull_request,20,235,21,256,418,151,203,quality-and-testing,3,database,5,23,0,0,0,0,0,1,0,0,0,0,0,0,rollback,database,0.5181,failure
1f5bd1fa,anndrew492,ci/cd-proyecto,fix dashboard module,pull_request,14,624,165,789,543,186,292,telemetry-dispatch,2,timeout,7,3,1,0,0,0,0,0,0,1,0,0,0,0,fix,dashboard,0.4626,failure
866a5877,carlos_dev,release/v1,remove dashboard module,push,12,32,300,332,428,119,224,none,0,none,7,18,1,0,0,0,0,0,0,1,0,0,0,0,remove,dashboard,0.3105,success
6757d5fc,maria_backend,release/v1,remove auth module,pull_request,12,138,245,383,203,71,45,none,0,none,7,18,1,0,0,0,0,0,0,0,1,0,0,0,remove,auth,0.4456,success
3feac9bd,anndrew492,feature/api,merge environment module,pull_request,10,282,337,619,638,220,351,telemetry-dispatch,5,timeout,5,23,0,0,1,0,0,0,0,0,0,0,1,0,merge,environment,0.6127,failure
f788895e,anndrew492,feature/pagos,merge environment module,pull_request,11,540,181,721,668,265,318,quality-and-testing,5,timeout,5,0,0,0,1,0,0,0,0,0,0,0,1,0,merge,environment,0.5226,failure
330183f6,anndrew492,hotfix/urgente,rollback api module,pull_request,14,346,130,476,397,77,233,security-and-build,4,security,2,18,0,1,0,0,0,0,1,0,0,0,0,0,rollback,api,0.7719,failure
bb407eff,anndrew492,hotfix/urgente,refactor auth module,push,12,6,281,287,273,89,104,security-and-build,4,docker,7,23,1,1,0,0,0,0,0,0,1,0,0,0,refactor,auth,0.6690,failure
8c778608,anndrew492,feature/dashboard,fix database module,pull_request,8,98,119,217,372,130,155,none,0,none,7,17,1,0,1,0,0,1,0,0,0,0,0,0,fix,database,0.3290,success
9a45695a,junior_juan,ci/cd-proyecto,refactor security module,pull_request,13,543,291,834,493,245,183,none,0,none,2,17,0,0,0,0,0,0,0,0,0,0,0,0,refactor,security,0.1826,success
95082706,maria_backend,release/v1,remove login module,pull_request,15,547,274,821,375,219,123,security-and-build,2,docker,1,14,0,0,0,0,0,0,0,0,1,0,0,0,remove,login,0.6785,failure
c12bf39c,anndrew492,release/v1,fix security module,push,11,75,10,85,217,52,149,none,0,none,7,19,1,0,0,0,0,0,0,0,0,0,0,0,fix,security,0.3234,success
c5919723,carlos_dev,feature/dashboard,remove database module,pull_request,18,333,96,429,240,150,52,none,0,none,5,21,0,0,1,0,0,1,0,0,0,0,0,0,remove,database,0.3902,success
8d4f7313,maria_backend,release/v1,update dependencies module,push,12,202,170,372,334,91,182,security-and-build,2,dependency,4,12,0,0,0,0,0,0,0,0,0,1,0,0,update,dependencies,0.4628,failure
fc230d69,maria_backend,feature/api,merge docker module,pull_request,2,181,108,289,489,78,342,none,0,none,3,0,0,0,1,0,1,0,0,0,0,0,0,0,merge,docker,0.2935,success
d3868345,anndrew492,release/v1,add billing module,push,10,634,102,736,461,199,244,none,0,none,1,2,0,0,0,0,0,0,0,0,0,0,0,0,add,billing,0.4401,success
ef477381,junior_juan,hotfix/urgente,remove database module,pull_request,9,554,85,639,467,170,245,quality-and-testing,1,database,2,12,0,1,0,0,0,1,0,0,0,0,0,0,remove,database,0.9193,failure
530bc8df,junior_juan,ci/cd-proyecto,update frontend module,pull_request,3,350,157,507,386,240,113,none,0,none,5,23,0,0,0,0,0,0,0,1,0,0,0,0,update,frontend,0.0300,success
1e4ccb44,junior_juan,hotfix/urgente,update docker module,pull_request,7,354,232,586,447,163,229,security-and-build,3,docker,5,3,0,1,0,0,1,0,0,0,0,0,0,0,update,docker,0.6869,failure
a05bfbda,carlos_dev,feature/pagos,fix dependencies module,push,17,381,84,465,576,166,376,security-and-build,2,dependency,4,5,0,0,1,0,0,0,0,0,0,1,0,0,fix,dependencies,0.6968,failure
f056356a,maria_backend,feature/pagos,update login module,pull_request,12,284,267,551,687,317,317,none,0,none,7,3,1,0,1,0,0,0,0,0,1,0,0,0,update,login,0.3583,success
a68d27ed,carlos_dev,feature/pagos,fix tests module,push,12,322,224,546,581,269,298,none,0,none,7,15,1,0,1,0,0,0,0,0,0,0,0,0,fix,tests,0.3277,success
e5cdd566,maria_backend,main,fix billing module,push,3,634,356,990,388,167,132,quality-and-testing,3,env,4,13,0,0,0,1,0,0,0,0,0,0,0,0,fix,billing,0.5797,failure
f198f965,carlos_dev,ci/cd-proyecto,add docker module,pull_request,13,590,124,714,541,173,305,security-and-build,3,docker,6,22,1,0,0,0,1,0,0,0,0,0,0,0,add,docker,0.6637,failure
4ce1fab1,junior_juan,release/v1,rollback database module,pull_request,8,200,248,448,384,95,243,quality-and-testing,1,database,6,15,1,0,0,0,0,1,0,0,0,0,0,0,rollback,database,0.5989,failure
abbe8a2d,anndrew492,feature/dashboard,merge security module,pull_request,16,582,69,651,499,273,137,none,0,none,6,18,1,0,1,0,0,0,0,0,0,0,0,0,merge,security,0.1794,success
01241fcc,carlos_dev,hotfix/urgente,fix login module,push,13,386,252,638,380,280,90,quality-and-testing,2,syntax,1,14,0,1,0,0,0,0,0,0,1,0,0,0,fix,login,0.9200,failure
4bba63c2,anndrew492,release/v1,merge dashboard module,pull_request,4,273,63,336,304,182,47,none,0,none,2,3,0,0,0,0,0,0,0,1,0,0,0,0,merge,dashboard,0.1041,success
6c1efe4d,junior_juan,feature/api,fix database module,pull_request,3,545,291,836,412,251,107,none,0,none,5,17,0,0,1,0,0,1,0,0,0,0,0,0,fix,database,0.4030,success
1854847f,anndrew492,feature/dashboard,remove login module,push,17,376,359,735,344,241,78,security-and-build,5,docker,5,16,0,0,1,0,0,0,0,0,1,0,0,0,remove,login,0.7826,failure
921a79cc,carlos_dev,main,refactor environment module,push,4,317,242,559,504,183,268,telemetry-dispatch,1,timeout,5,20,0,0,0,1,0,0,0,0,0,0,1,0,refactor,environment,0.8468,failure
afd7a84b,junior_juan,feature/api,rollback database module,pull_request,5,445,115,560,512,154,307,none,0,none,4,20,0,0,1,0,0,1,0,0,0,0,0,0,rollback,database,0.4283,success
df5301c5,anndrew492,main,merge api module,pull_request,3,366,290,656,458,275,133,quality-and-testing,2,database,6,23,1,0,0,1,0,0,1,0,0,0,0,0,merge,api,0.7771,failure
d9641153,maria_backend,main,refactor environment module,push,12,558,221,779,515,166,290,telemetry-dispatch,3,timeout,2,7,0,0,0,1,0,0,0,0,0,0,1,0,refactor,environment,0.9200,failure
b8e2317d,junior_juan,release/v1,add dashboard module,push,18,344,65,409,356,117,211,quality-and-testing,5,database,6,5,1,0,0,0,0,0,0,1,0,0,0,0,add,dashboard,0.5481,failure
4bee0454,anndrew492,feature/api,remove database module,push,13,72,9,81,447,131,257,none,0,none,7,12,1,0,1,0,0,1,0,0,0,0,0,0,remove,database,0.4491,success
74e2150f,carlos_dev,main,rollback environment module,push,9,325,306,631,457,215,222,security-and-build,1,security,2,9,0,0,0,1,0,0,0,0,0,0,1,0,rollback,environment,0.9200,failure
9b7ff148,maria_backend,hotfix/urgente,fix billing module,pull_request,17,265,251,516,406,256,144,quality-and-testing,5,runtime,1,7,0,1,0,0,0,0,0,0,0,0,0,0,fix,billing,0.5693,failure
d47e6077,anndrew492,release/v1,update dashboard module,pull_request,12,149,157,306,373,104,248,none,0,none,3,23,0,0,0,0,0,0,0,1,0,0,0,0,update,dashboard,0.0889,success
7988146d,anndrew492,feature/api,refactor security module,pull_request,10,312,26,338,174,22,80,none,0,none,3,15,0,0,1,0,0,0,0,0,0,0,0,0,refactor,security,0.0300,success
ff814ea4,anndrew492,feature/dashboard,refactor auth module,pull_request,12,140,151,291,151,17,73,none,0,none,4,3,0,0,1,0,0,0,0,0,1,0,0,0,refactor,auth,0.2377,success
9976c23e,junior_juan,release/v1,merge dependencies module,pull_request,14,320,225,545,401,173,204,none,0,none,5,15,0,0,0,0,0,0,0,0,0,1,0,0,merge,dependencies,0.3857,success
9f25a1f3,anndrew492,feature/pagos,update environment module,push,3,59,351,410,449,220,206,none,0,none,2,9,0,0,1,0,0,0,0,0,0,0,1,0,update,environment,0.3096,success
e084e1cd,carlos_dev,feature/pagos,rollback frontend module,pull_request,20,420,19,439,209,104,92,none,0,none,7,12,1,0,1,0,0,0,0,1,0,0,0,0,rollback,frontend,0.3548,success
c7d18970,maria_backend,hotfix/urgente,add billing module,pull_request,10,420,143,563,437,202,149,none,0,none,1,12,0,1,0,0,0,0,0,0,0,0,0,0,add,billing,0.3503,success
37c7f421,maria_backend,main,merge login module,pull_request,13,601,85,686,495,222,253,quality-and-testing,5,env,1,16,0,0,0,1,0,0,0,0,1,0,0,0,merge,login,0.6812,failure
2fc017bf,maria_backend,release/v1,refactor dashboard module,pull_request,1,86,76,162,321,75,157,none,0,none,3,14,0,0,0,0,0,0,0,1,0,0,0,0,refactor,dashboard,0.0300,success
8eb8152d,maria_backend,hotfix/urgente,merge migration module,push,9,521,125,646,502,308,150,quality-and-testing,2,database,1,13,0,1,0,0,0,0,0,0,0,0,0,1,merge,migration,0.9200,failure
762afbae,carlos_dev,main,merge api module,pull_request,10,520,271,791,351,171,169,quality-and-testing,5,runtime,3,13,0,0,0,1,0,0,1,0,0,0,0,0,merge,api,0.6890,failure
46da6b7c,carlos_dev,hotfix/urgente,merge database module,push,24,469,117,586,458,183,270,quality-and-testing,1,database,7,10,1,1,0,0,0,1,0,0,0,0,0,0,merge,database,0.8082,failure
a62afb2d,junior_juan,feature/pagos,update database module,pull_request,15,147,303,450,447,157,213,none,0,none,4,23,0,0,1,0,0,1,0,0,0,0,0,0,update,database,0.3200,success
574c356f,junior_juan,feature/dashboard,merge auth module,pull_request,8,381,78,459,222,20,189,none,0,none,7,10,1,0,1,0,0,0,0,0,1,0,0,0,merge,auth,0.2572,success
21ffafa1,anndrew492,feature/dashboard,update login module,push,12,381,105,486,317,151,84,quality-and-testing,2,runtime,6,1,1,0,1,0,0,0,0,0,1,0,0,0,update,login,0.5168,failure
aaadffb8,junior_juan,feature/dashboard,update login module,pull_request,11,371,265,636,428,288,98,security-and-build,2,dependency,4,0,0,0,1,0,0,0,0,0,1,0,0,0,update,login,0.5541,failure
59364ba4,maria_backend,hotfix/urgente,update auth module,pull_request,10,568,205,773,380,161,162,security-and-build,1,security,4,0,0,1,0,0,0,0,0,0,1,0,0,0,update,auth,0.9200,failure
4d49357d,junior_juan,feature/pagos,refactor docker module,pull_request,7,112,57,169,583,179,389,none,0,none,2,22,0,0,1,0,1,0,0,0,0,0,0,0,refactor,docker,0.2487,success
cb8649bf,anndrew492,ci/cd-proyecto,add dependencies module,pull_request,9,81,40,121,422,220,169,none,0,none,5,0,0,0,0,0,0,0,0,0,0,1,0,0,add,dependencies,0.4132,success
cbd8569a,junior_juan,feature/pagos,update auth module,push,11,177,254,431,305,21,256,none,0,none,4,21,0,0,1,0,0,0,0,0,1,0,0,0,update,auth,0.3571,success
d2f24fa5,anndrew492,ci/cd-proyecto,merge migration module,push,14,359,358,717,407,276,89,quality-and-testing,3,database,1,22,0,0,0,0,0,0,0,0,0,0,0,1,merge,migration,0.7429,failure
3c27024a,anndrew492,main,refactor dashboard module,push,14,78,125,203,324,18,238,none,0,none,3,17,0,0,0,1,0,0,0,1,0,0,0,0,refactor,dashboard,0.3818,success
710d3f3f,carlos_dev,feature/api,add dependencies module,pull_request,16,73,355,428,416,113,249,none,0,none,5,3,0,0,1,0,0,0,0,0,0,1,0,0,add,dependencies,0.3740,success
ecefd143,junior_juan,feature/api,refactor migration module,pull_request,19,65,326,391,317,254,35,none,0,none,2,10,0,0,1,0,0,0,0,0,0,0,0,1,refactor,migration,0.4219,success
9df0b800,junior_juan,release/v1,update environment module,push,8,298,8,306,453,195,197,security-and-build,5,dependency,2,15,0,0,0,0,0,0,0,0,0,0,1,0,update,environment,0.5341,failure
6f42ee3c,carlos_dev,hotfix/urgente,refactor api module,pull_request,17,631,275,906,654,258,322,security-and-build,1,timeout,6,12,1,1,0,0,0,0,1,0,0,0,0,0,refactor,api,0.9200,failure
d586ca4e,anndrew492,release/v1,remove dependencies module,pull_request,15,339,80,419,357,105,183,security-and-build,1,dependency,3,18,0,0,0,0,0,0,0,0,0,1,0,0,remove,dependencies,0.4737,failure
4eef73e8,maria_backend,hotfix/urgente,rollback tests module,pull_request,15,456,257,713,470,253,185,quality-and-testing,3,test,4,16,0,1,0,0,0,0,0,0,0,0,0,0,rollback,tests,0.7632,failure
7467f5de,carlos_dev,ci/cd-proyecto,merge api module,push,14,429,59,488,254,103,111,security-and-build,3,docker,4,1,0,0,0,0,0,0,1,0,0,0,0,0,merge,api,0.4523,failure
ba703501,maria_backend,feature/pagos,refactor database module,pull_request,21,109,78,187,263,159,39,quality-and-testing,1,database,6,0,1,0,1,0,0,1,0,0,0,0,0,0,refactor,database,0.4513,failure
efcab043,carlos_dev,hotfix/urgente,add security module,pull_request,20,167,35,202,127,18,82,none,0,none,1,9,0,1,0,0,0,0,0,0,0,0,0,0,add,security,0.3638,success
f5cc6940,junior_juan,main,add login module,push,18,248,242,490,266,43,150,quality-and-testing,4,runtime,5,18,0,0,0,1,0,0,0,0,1,0,0,0,add,login,0.7042,failure
97f6071b,carlos_dev,main,remove tests module,pull_request,3,451,175,626,560,329,195,none,0,none,4,7,0,0,0,1,0,0,0,0,0,0,0,0,remove,tests,0.1602,success
38fe52b5,maria_backend,main,fix docker module,pull_request,1,632,190,822,719,328,327,security-and-build,5,docker,4,21,0,0,0,1,1,0,0,0,0,0,0,0,fix,docker,0.6413,failure
64e0df97,maria_backend,release/v1,fix database module,pull_request,8,280,151,431,329,111,193,none,0,none,5,12,0,0,0,0,0,1,0,0,0,0,0,0,fix,database,0.2932,success
8b9265af,anndrew492,feature/dashboard,fix api module,push,1,557,138,695,531,297,185,telemetry-dispatch,2,timeout,2,20,0,0,1,0,0,0,1,0,0,0,0,0,fix,api,0.6510,failure
993e32ec,anndrew492,main,update api module,push,6,429,92,521,546,300,214,telemetry-dispatch,2,timeout,5,1,0,0,0,1,0,0,1,0,0,0,0,0,update,api,0.6385,failure
b3f46d42,carlos_dev,feature/dashboard,remove login module,pull_request,18,144,131,275,285,164,83,none,0,none,4,13,0,0,1,0,0,0,0,0,1,0,0,0,remove,login,0.3168,success
6c66328d,maria_backend,release/v1,merge billing module,push,17,582,201,783,294,53,178,quality-and-testing,3,runtime,4,18,0,0,0,0,0,0,0,0,0,0,0,0,merge,billing,0.4538,failure
c96d7a2d,junior_juan,feature/dashboard,remove environment module,push,13,315,212,527,557,290,242,security-and-build,1,timeout,2,6,0,0,1,0,0,0,0,0,0,0,1,0,remove,environment,0.5525,failure
cf3582d4,carlos_dev,main,fix security module,push,2,646,62,708,464,158,284,security-and-build,3,security,7,23,1,0,0,1,0,0,0,0,0,0,0,0,fix,security,0.6777,failure
67ed20c3,carlos_dev,feature/dashboard,rollback security module,push,11,130,26,156,288,121,97,none,0,none,3,2,0,0,1,0,0,0,0,0,0,0,0,0,rollback,security,0.2891,success
34500939,junior_juan,feature/dashboard,add environment module,push,18,472,168,640,460,134,317,security-and-build,1,security,6,6,1,0,1,0,0,0,0,0,0,0,1,0,add,environment,0.6767,failure
d67f2f0b,maria_backend,ci/cd-proyecto,refactor database module,pull_request,6,388,121,509,419,222,138,none,0,none,1,8,0,0,0,0,0,1,0,0,0,0,0,0,refactor,database,0.4061,success
b20d26a0,carlos_dev,hotfix/urgente,add security module,pull_request,12,47,223,270,434,146,230,none,0,none,4,5,0,1,0,0,0,0,0,0,0,0,0,0,add,security,0.3541,success
53dbae6f,junior_juan,main,merge auth module,push,15,256,16,272,297,17,219,quality-and-testing,5,syntax,3,15,0,0,0,1,0,0,0,0,1,0,0,0,merge,auth,0.8049,failure
ee7dbb7d,anndrew492,feature/pagos,update docker module,push,5,136,213,349,220,19,126,security-and-build,4,docker,6,22,1,0,1,0,1,0,0,0,0,0,0,0,update,docker,0.4657,failure
beefc8ea,maria_backend,ci/cd-proyecto,merge database module,pull_request,4,20,89,109,332,227,85,none,0,none,1,13,0,0,0,0,0,1,0,0,0,0,0,0,merge,database,0.1643,success
b47b43c9,anndrew492,feature/pagos,refactor billing module,pull_request,12,163,262,425,220,139,54,none,0,none,1,15,0,0,1,0,0,0,0,0,0,0,0,0,refactor,billing,0.0300,success
771b02fb,carlos_dev,feature/dashboard,add dependencies module,pull_request,21,37,318,355,448,70,327,none,0,none,3,3,0,0,1,0,0,0,0,0,0,1,0,0,add,dependencies,0.4389,success
03e03381,anndrew492,feature/api,update dashboard module,push,5,599,35,634,573,186,322,none,0,none,4,11,0,0,1,0,0,0,0,1,0,0,0,0,update,dashboard,0.3204,success
f3b1530e,junior_juan,feature/api,fix login module,pull_request,8,301,229,530,515,210,227,none,0,none,6,11,1,0,1,0,0,0,0,0,1,0,0,0,fix,login,0.4017,success
78251f10,junior_juan,feature/api,add environment module,push,7,313,318,631,360,94,185,security-and-build,4,docker,6,1,1,0,1,0,0,0,0,0,0,0,1,0,add,environment,0.7437,failure
10f4c736,maria_backend,hotfix/urgente,refactor api module,pull_request,3,67,354,421,419,216,181,security-and-build,3,docker,1,2,0,1,0,0,0,0,1,0,0,0,0,0,refactor,api,0.5258,failure
d94a6f63,maria_backend,ci/cd-proyecto,remove migration module,pull_request,23,464,173,637,384,250,108,quality-and-testing,2,database,2,21,0,0,0,0,0,0,0,0,0,0,0,1,remove,migration,0.7232,failure
1315e3b5,maria_backend,release/v1,refactor docker module,pull_request,9,648,121,769,620,194,362,security-and-build,5,docker,3,3,0,0,0,0,1,0,0,0,0,0,0,0,refactor,docker,0.7870,failure
b599c6ff,carlos_dev,feature/pagos,merge api module,pull_request,7,447,6,453,285,34,164,none,0,none,1,18,0,0,1,0,0,0,1,0,0,0,0,0,merge,api,0.1573,success
ecff4694,junior_juan,feature/pagos,refactor database module,push,10,298,350,648,574,192,295,quality-and-testing,5,database,3,0,0,0,1,0,0,1,0,0,0,0,0,0,refactor,database,0.7017,failure
fa042346,maria_backend,release/v1,remove environment module,push,13,602,60,662,329,105,191,quality-and-testing,1,database,3,11,0,0,0,0,0,0,0,0,0,0,1,0,remove,environment,0.6861,failure
c0e9b1ac,anndrew492,main,rollback security module,push,11,364,32,396,347,79,208,security-and-build,4,security,6,7,1,0,0,1,0,0,0,0,0,0,0,0,rollback,security,0.5417,failure
39f90206,maria_backend,feature/api,remove auth module,pull_request,10,59,283,342,271,55,131,none,0,none,2,22,0,0,1,0,0,0,0,0,1,0,0,0,remove,auth,0.3338,success
8654f6fe,anndrew492,feature/api,refactor dashboard module,push,17,97,350,447,297,52,228,none,0,none,4,9,0,0,1,0,0,0,0,1,0,0,0,0,refactor,dashboard,0.2234,success
97db0250,junior_juan,feature/pagos,rollback environment module,push,15,48,222,270,377,194,107,security-and-build,3,docker,2,11,0,0,1,0,0,0,0,0,0,0,1,0,rollback,environment,0.5936,failure
d9c7df90,junior_juan,hotfix/urgente,remove tests module,push,10,60,177,237,247,28,193,none,0,none,4,2,0,1,0,0,0,0,0,0,0,0,0,0,remove,tests,0.3797,success
84e67595,carlos_dev,release/v1,rollback login module,pull_request,14,381,237,618,633,291,297,security-and-build,2,timeout,3,11,0,0,0,0,0,0,0,0,1,0,0,0,rollback,login,0.7618,failure
955ecb90,carlos_dev,release/v1,merge tests module,pull_request,17,530,190,720,440,200,231,none,0,none,1,1,0,0,0,0,0,0,0,0,0,0,0,0,merge,tests,0.1919,success
72af10c6,maria_backend,ci/cd-proyecto,add billing module,push,8,119,147,266,416,135,254,none,0,none,7,13,1,0,0,0,0,0,0,0,0,0,0,0,add,billing,0.1751,success
68298f1f,anndrew492,release/v1,add frontend module,pull_request,4,613,94,707,545,276,230,none,0,none,7,3,1,0,0,0,0,0,0,1,0,0,0,0,add,frontend,0.2454,success
7b0c82c3,maria_backend,main,remove dependencies module,pull_request,14,381,89,470,386,176,149,security-and-build,3,dependency,2,23,0,0,0,1,0,0,0,0,0,1,0,0,remove,dependencies,0.6559,failure
fca137df,carlos_dev,feature/pagos,remove frontend module,pull_request,13,131,124,255,363,127,218,none,0,none,7,15,1,0,1,0,0,0,0,1,0,0,0,0,remove,frontend,0.0300,success
df464eb1,maria_backend,feature/dashboard,fix frontend module,push,4,158,270,428,343,64,220,none,0,none,1,3,0,0,1,0,0,0,0,1,0,0,0,0,fix,frontend,0.2828,success
2f07c019,carlos_dev,feature/api,fix api module,push,9,87,163,250,370,114,234,none,0,none,2,10,0,0,1,0,0,0,1,0,0,0,0,0,fix,api,0.2129,success
ae687ebc,anndrew492,release/v1,add security module,push,2,285,333,618,432,164,184,none,0,none,5,2,0,0,0,0,0,0,0,0,0,0,0,0,add,security,0.3126,success
0ebb1f1f,maria_backend,hotfix/urgente,merge login module,pull_request,17,86,162,248,203,53,124,security-and-build,3,dependency,5,11,0,1,0,0,0,0,0,0,1,0,0,0,merge,login,0.5374,failure
00c14940,maria_backend,main,refactor login module,pull_request,8,376,253,629,476,218,234,quality-and-testing,5,env,1,14,0,0,0,1,0,0,0,0,1,0,0,0,refactor,login,0.5893,failure
ae53b940,maria_backend,hotfix/urgente,remove billing module,pull_request,12,627,289,916,616,304,241,security-and-build,4,timeout,2,11,0,1,0,0,0,0,0,0,0,0,0,0,remove,billing,0.7307,failure
8857584d,carlos_dev,hotfix/urgente,merge dashboard module,push,11,277,65,342,476,170,241,quality-and-testing,3,syntax,7,1,1,1,0,0,0,0,0,1,0,0,0,0,merge,dashboard,0.7115,failure
84650544,maria_backend,feature/api,rollback docker module,pull_request,8,302,53,355,221,49,130,security-and-build,2,docker,6,8,1,0,1,0,1,0,0,0,0,0,0,0,rollback,docker,0.4993,failure
cc7f7f80,maria_backend,feature/pagos,add docker module,pull_request,11,45,94,139,286,23,178,none,0,none,7,11,1,0,1,0,1,0,0,0,0,0,0,0,add,docker,0.2650,success
6c4f1c48,maria_backend,main,fix security module,push,2,382,331,713,515,233,230,none,0,none,2,8,0,0,0,1,0,0,0,0,0,0,0,0,fix,security,0.3585,success
e7e8848f,anndrew492,feature/api,fix login module,pull_request,2,635,131,766,523,257,187,none,0,none,1,15,0,0,1,0,0,0,0,0,1,0,0,0,fix,login,0.4009,success
0f14f309,maria_backend,main,merge login module,pull_request,2,592,75,667,446,220,214,quality-and-testing,1,runtime,1,7,0,0,0,1,0,0,0,0,1,0,0,0,merge,login,0.6331,failure
f7ecba3e,maria_backend,feature/dashboard,fix api module,pull_request,2,238,137,375,229,161,30,none,0,none,3,17,0,0,1,0,0,0,1,0,0,0,0,0,fix,api,0.2249,success
c433e879,carlos_dev,feature/pagos,fix security module,push,14,41,203,244,282,106,169,none,0,none,4,13,0,0,1,0,0,0,0,0,0,0,0,0,fix,security,0.1523,success
3e37f41b,anndrew492,hotfix/urgente,add dashboard module,push,24,286,32,318,262,134,54,quality-and-testing,5,test,3,12,0,1,0,0,0,0,0,1,0,0,0,0,add,dashboard,0.6753,failure
b5caa69f,carlos_dev,ci/cd-proyecto,remove database module,pull_request,16,589,177,766,564,272,242,quality-and-testing,5,database,3,15,0,0,0,0,0,1,0,0,0,0,0,0,remove,database,0.6860,failure
86342e1b,maria_backend,feature/pagos,update billing module,pull_request,12,336,326,662,395,205,122,none,0,none,7,18,1,0,1,0,0,0,0,0,0,0,0,0,update,billing,0.1150,success
78493c97,anndrew492,hotfix/urgente,add database module,push,21,61,248,309,284,201,42,quality-and-testing,1,database,7,4,1,1,0,0,0,1,0,0,0,0,0,0,add,database,0.9200,failure
2ad035a9,anndrew492,feature/pagos,remove login module,push,11,327,259,586,596,317,268,telemetry-dispatch,4,timeout,4,4,0,0,1,0,0,0,0,0,1,0,0,0,remove,login,0.4522,failure
d26c0d01,anndrew492,release/v1,update api module,push,13,512,39,551,537,132,348,telemetry-dispatch,3,timeout,5,9,0,0,0,0,0,0,1,0,0,0,0,0,update,api,0.4838,failure
b6eb409c,junior_juan,feature/pagos,add frontend module,push,15,198,137,335,260,154,60,none,0,none,5,2,0,0,1,0,0,0,0,1,0,0,0,0,add,frontend,0.2347,success
6f6c4217,maria_backend,release/v1,add migration module,push,12,47,188,235,364,103,204,none,0,none,6,10,1,0,0,0,0,0,0,0,0,0,0,1,add,migration,0.4395,success
6ee10b6e,anndrew492,hotfix/urgente,merge migration module,push,19,618,164,782,480,147,254,quality-and-testing,5,database,4,10,0,1,0,0,0,0,0,0,0,0,0,1,merge,migration,0.9200,failure
89015911,carlos_dev,main,remove security module,pull_request,15,350,137,487,298,58,176,none,0,none,4,15,0,0,0,1,0,0,0,0,0,0,0,0,remove,security,0.1534,success
d4dd9466,carlos_dev,ci/cd-proyecto,update login module,push,15,625,269,894,491,126,300,security-and-build,4,dependency,4,2,0,0,0,0,0,0,0,0,1,0,0,0,update,login,0.8286,failure
f6661f57,maria_backend,ci/cd-proyecto,remove migration module,push,20,612,161,773,526,225,258,quality-and-testing,3,database,4,21,0,0,0,0,0,0,0,0,0,0,0,1,remove,migration,0.9134,failure
4c71c4dd,carlos_dev,ci/cd-proyecto,add frontend module,push,4,255,52,307,93,33,42,none,0,none,6,18,1,0,0,0,0,0,0,1,0,0,0,0,add,frontend,0.1832,success
c2d138f1,junior_juan,hotfix/urgente,merge billing module,pull_request,8,427,39,466,387,100,229,security-and-build,2,security,6,12,1,1,0,0,0,0,0,0,0,0,0,0,merge,billing,0.5472,failure
4e7baf81,anndrew492,release/v1,rollback auth module,push,7,254,124,378,379,158,132,security-and-build,2,env,1,5,0,0,0,0,0,0,0,0,1,0,0,0,rollback,auth,0.5677,failure
610903db,maria_backend,feature/pagos,add dashboard module,pull_request,19,127,355,482,327,58,198,none,0,none,2,6,0,0,1,0,0,0,0,1,0,0,0,0,add,dashboard,0.0300,success
8291a35b,junior_juan,release/v1,remove login module,pull_request,15,600,210,810,545,238,234,quality-and-testing,3,timeout,7,23,1,0,0,0,0,0,0,0,1,0,0,0,remove,login,0.7938,failure
cf7a3459,anndrew492,hotfix/urgente,refactor environment module,push,16,474,263,737,638,296,304,quality-and-testing,1,timeout,1,2,0,1,0,0,0,0,0,0,0,0,1,0,refactor,environment,0.9200,failure
a017fbdb,anndrew492,ci/cd-proyecto,merge environment module,pull_request,5,401,76,477,391,135,195,none,0,none,3,14,0,0,0,0,0,0,0,0,0,0,1,0,merge,environment,0.2496,success
d11f2f7c,junior_juan,feature/dashboard,remove environment module,push,16,406,278,684,412,193,139,quality-and-testing,3,syntax,1,18,0,0,1,0,0,0,0,0,0,0,1,0,remove,environment,0.8193,failure
d721914c,junior_juan,release/v1,remove dependencies module,pull_request,18,644,317,961,687,287,310,security-and-build,1,dependency,3,12,0,0,0,0,0,0,0,0,0,1,0,0,remove,dependencies,0.8926,failure
c6736380,anndrew492,hotfix/urgente,add database module,pull_request,10,307,108,415,399,241,70,quality-and-testing,3,database,1,6,0,1,0,0,0,1,0,0,0,0,0,0,add,database,0.5713,failure
66bba0ef,anndrew492,ci/cd-proyecto,fix docker module,pull_request,13,556,191,747,507,155,266,security-and-build,3,docker,3,20,0,0,0,0,1,0,0,0,0,0,0,0,fix,docker,0.6679,failure
620fa785,junior_juan,main,add login module,pull_request,9,444,151,595,574,234,272,none,0,none,3,11,0,0,0,1,0,0,0,0,1,0,0,0,add,login,0.2821,success
e55b15c3,maria_backend,main,fix billing module,pull_request,10,89,277,366,357,142,173,none,0,none,3,4,0,0,0,1,0,0,0,0,0,0,0,0,fix,billing,0.1158,success
a00b024e,anndrew492,feature/pagos,update migration module,push,19,293,352,645,561,289,264,quality-and-testing,3,database,3,6,0,0,1,0,0,0,0,0,0,0,0,1,update,migration,0.6419,failure
70b50fa7,maria_backend,main,update login module,push,9,52,245,297,139,53,55,security-and-build,4,env,5,2,0,0,0,1,0,0,0,0,1,0,0,0,update,login,0.6397,failure
ce01a083,maria_backend,feature/pagos,remove database module,pull_request,17,140,289,429,443,270,155,none,0,none,1,2,0,0,1,0,0,1,0,0,0,0,0,0,remove,database,0.4365,success
05e7eb76,carlos_dev,ci/cd-proyecto,refactor dashboard module,pull_request,6,473,42,515,491,231,249,none,0,none,6,8,1,0,0,0,0,0,0,1,0,0,0,0,refactor,dashboard,0.1578,success
68589b47,maria_backend,feature/api,add database module,pull_request,14,418,317,735,394,218,150,quality-and-testing,4,database,4,6,0,0,1,0,0,1,0,0,0,0,0,0,add,database,0.5337,failure
13f9c6fc,anndrew492,main,fix database module,push,9,190,295,485,388,133,202,quality-and-testing,3,database,7,17,1,0,0,1,0,1,0,0,0,0,0,0,fix,database,0.8069,failure
7068b617,maria_backend,feature/api,add security module,push,7,453,187,640,408,282,89,none,0,none,4,3,0,0,1,0,0,0,0,0,0,0,0,0,add,security,0.3545,success
51dece64,junior_juan,feature/dashboard,remove migration module,push,20,121,130,251,401,208,107,quality-and-testing,5,database,1,0,0,0,1,0,0,0,0,0,0,0,0,1,remove,migration,0.5179,failure
81b88740,anndrew492,hotfix/urgente,remove tests module,pull_request,4,138,257,395,424,133,219,quality-and-testing,1,test,7,22,1,1,0,0,0,0,0,0,0,0,0,0,remove,tests,0.5033,failure
93a25c87,maria_backend,release/v1,merge auth module,push,9,254,31,285,283,157,77,none,0,none,3,19,0,0,0,0,0,0,0,0,1,0,0,0,merge,auth,0.3630,success
49e3b0b7,carlos_dev,hotfix/urgente,fix auth module,pull_request,8,421,227,648,278,75,164,security-and-build,2,docker,2,13,0,1,0,0,0,0,0,0,1,0,0,0,fix,auth,0.9200,failure
fcdca84d,junior_juan,feature/pagos,fix login module,pull_request,9,197,39,236,346,215,62,none,0,none,6,2,1,0,1,0,0,0,0,0,1,0,0,0,fix,login,0.3335,success
dc1e8ad2,anndrew492,main,rollback docker module,pull_request,3,277,82,359,369,135,172,security-and-build,2,docker,5,4,0,0,0,1,1,0,0,0,0,0,0,0,rollback,docker,0.5602,failure
2647b00d,maria_backend,feature/dashboard,fix security module,pull_request,9,475,176,651,323,153,137,none,0,none,5,0,0,0,1,0,0,0,0,0,0,0,0,0,fix,security,0.0754,success
6edc8529,maria_backend,feature/dashboard,merge security module,push,9,345,282,627,494,162,268,none,0,none,6,8,1,0,1,0,0,0,0,0,0,0,0,0,merge,security,0.3898,success
ef799d4f,maria_backend,feature/api,refactor security module,pull_request,17,142,279,421,317,91,160,none,0,none,2,13,0,0,1,0,0,0,0,0,0,0,0,0,refactor,security,0.1569,success
92554627,junior_juan,release/v1,remove api module,push,6,8,162,170,385,110,231,none,0,none,4,19,0,0,0,0,0,0,1,0,0,0,0,0,remove,api,0.4386,success
e0b3e93b,anndrew492,feature/api,refactor security module,push,7,550,51,601,270,88,117,none,0,none,3,14,0,0,1,0,0,0,0,0,0,0,0,0,refactor,security,0.3654,success
19672cd7,anndrew492,release/v1,fix auth module,pull_request,17,304,180,484,451,216,150,quality-and-testing,5,database,4,14,0,0,0,0,0,0,0,0,1,0,0,0,fix,auth,0.4658,failure
831f6af5,carlos_dev,feature/pagos,update dashboard module,push,7,211,129,340,325,196,119,none,0,none,5,17,0,0,1,0,0,0,0,1,0,0,0,0,update,dashboard,0.1834,success
da524080,carlos_dev,release/v1,add security module,pull_request,8,181,111,292,370,160,198,none,0,none,4,3,0,0,0,0,0,0,0,0,0,0,0,0,add,security,0.0300,success
bceeafcb,maria_backend,feature/pagos,update docker module,push,8,219,123,342,462,114,295,none,0,none,2,16,0,0,1,0,1,0,0,0,0,0,0,0,update,docker,0.3679,success
87ad25c2,junior_juan,main,update frontend module,push,10,367,167,534,519,212,218,none,0,none,1,19,0,0,0,1,0,0,0,1,0,0,0,0,update,frontend,0.2810,success
e03d01b6,anndrew492,main,remove tests module,push,12,437,337,774,691,290,325,security-and-build,1,timeout,6,0,1,0,0,1,0,0,0,0,0,0,0,0,remove,tests,0.7207,failure
c6373943,carlos_dev,hotfix/urgente,fix database module,pull_request,10,281,59,340,226,145,34,quality-and-testing,3,database,6,1,1,1,0,0,0,1,0,0,0,0,0,0,fix,database,0.8277,failure
0bd6045b,carlos_dev,hotfix/urgente,add frontend module,pull_request,26,355,320,675,312,128,97,quality-and-testing,2,syntax,3,18,0,1,0,0,0,0,0,1,0,0,0,0,add,frontend,0.5236,failure
8640a097,carlos_dev,main,remove billing module,push,11,186,359,545,539,217,265,telemetry-dispatch,1,timeout,1,21,0,0,0,1,0,0,0,0,0,0,0,0,remove,billing,0.4851,failure
2702ab55,junior_juan,ci/cd-proyecto,remove billing module,push,13,159,119,278,208,62,130,none,0,none,5,9,0,0,0,0,0,0,0,0,0,0,0,0,remove,billing,0.1262,success
f6f366af,maria_backend,ci/cd-proyecto,remove tests module,pull_request,4,122,73,195,259,188,43,none,0,none,1,18,0,0,0,0,0,0,0,0,0,0,0,0,remove,tests,0.0300,success
9b6b3295,anndrew492,feature/pagos,fix environment module,pull_request,5,423,315,738,462,241,147,security-and-build,2,dependency,7,4,1,0,1,0,0,0,0,0,0,0,1,0,fix,environment,0.7217,failure
0cf19ac2,junior_juan,release/v1,remove database module,push,15,436,350,786,518,283,186,quality-and-testing,4,database,7,0,1,0,0,0,0,1,0,0,0,0,0,0,remove,database,0.9200,failure
1e339913,carlos_dev,feature/dashboard,update dashboard module,pull_request,20,9,229,238,199,48,77,none,0,none,7,1,1,0,1,0,0,0,0,1,0,0,0,0,update,dashboard,0.0300,success
752f16cf,maria_backend,hotfix/urgente,refactor login module,pull_request,3,389,232,621,309,186,96,security-and-build,4,security,7,8,1,1,0,0,0,0,0,0,1,0,0,0,refactor,login,0.9200,failure
aafe6d83,carlos_dev,feature/api,remove auth module,pull_request,8,103,35,138,379,151,148,none,0,none,1,2,0,0,1,0,0,0,0,0,1,0,0,0,remove,auth,0.3861,success
5ff5b100,anndrew492,release/v1,refactor api module,pull_request,4,110,143,253,172,92,65,none,0,none,1,17,0,0,0,0,0,0,1,0,0,0,0,0,refactor,api,0.2685,success
f892261b,junior_juan,feature/pagos,rollback billing module,pull_request,5,288,244,532,616,223,332,none,0,none,2,0,0,0,1,0,0,0,0,0,0,0,0,0,rollback,billing,0.1122,success
9862c07e,maria_backend,ci/cd-proyecto,update docker module,pull_request,5,361,291,652,786,299,398,security-and-build,3,docker,4,8,0,0,0,0,1,0,0,0,0,0,0,0,update,docker,0.4985,failure
62f20404,anndrew492,ci/cd-proyecto,rollback frontend module,push,16,455,344,799,587,259,286,telemetry-dispatch,4,timeout,1,1,0,0,0,0,0,0,0,1,0,0,0,0,rollback,frontend,0.5455,failure
19ace5c6,junior_juan,feature/api,refactor login module,push,4,101,232,333,180,154,21,none,0,none,1,21,0,0,1,0,0,0,0,0,1,0,0,0,refactor,login,0.3959,success
146b54de,junior_juan,feature/api,fix docker module,pull_request,5,429,103,532,553,90,375,none,0,none,1,15,0,0,1,0,1,0,0,0,0,0,0,0,fix,docker,0.2325,success
49da3688,anndrew492,feature/pagos,fix auth module,pull_request,18,201,330,531,416,281,84,none,0,none,2,1,0,0,1,0,0,0,0,0,1,0,0,0,fix,auth,0.3863,success
0a95e4ae,maria_backend,feature/api,refactor tests module,push,2,220,195,415,80,15,58,none,0,none,4,11,0,0,1,0,0,0,0,0,0,0,0,0,refactor,tests,0.1156,success
0ff14699,maria_backend,hotfix/urgente,update billing module,pull_request,12,335,332,667,553,234,269,telemetry-dispatch,5,timeout,4,5,0,1,0,0,0,0,0,0,0,0,0,0,update,billing,0.6061,failure
68f774db,junior_juan,main,rollback login module,pull_request,5,379,113,492,351,48,214,telemetry-dispatch,5,env,3,22,0,0,0,1,0,0,0,0,1,0,0,0,rollback,login,0.5536,failure
080ff8de,maria_backend,feature/pagos,fix frontend module,push,17,454,59,513,514,300,147,none,0,none,4,12,0,0,1,0,0,0,0,1,0,0,0,0,fix,frontend,0.2593,success
11fbb0e2,carlos_dev,hotfix/urgente,rollback frontend module,pull_request,25,147,262,409,236,33,166,quality-and-testing,2,database,2,1,0,1,0,0,0,0,0,1,0,0,0,0,rollback,frontend,0.7100,failure
f1d1b7d0,maria_backend,feature/pagos,add migration module,push,21,41,299,340,368,277,60,quality-and-testing,3,database,4,7,0,0,1,0,0,0,0,0,0,0,0,1,add,migration,0.4962,failure
b55ab8aa,anndrew492,feature/pagos,add dashboard module,pull_request,21,557,291,848,262,104,112,none,0,none,3,0,0,0,1,0,0,0,0,1,0,0,0,0,add,dashboard,0.3122,success
5bab423e,carlos_dev,ci/cd-proyecto,add api module,push,4,214,78,292,236,24,199,none,0,none,2,23,0,0,0,0,0,0,1,0,0,0,0,0,add,api,0.3768,success
2f1a3b83,junior_juan,feature/api,remove environment module,pull_request,8,58,306,364,228,125,45,none,0,none,4,5,0,0,1,0,0,0,0,0,0,0,1,0,remove,environment,0.3954,success
4f556677,carlos_dev,hotfix/urgente,remove migration module,push,18,178,176,354,411,189,171,quality-and-testing,5,database,2,3,0,1,0,0,0,0,0,0,0,0,0,1,remove,migration,0.9200,failure
18af22f1,maria_backend,feature/pagos,fix login module,pull_request,13,80,170,250,526,195,256,none,0,none,1,3,0,0,1,0,0,0,0,0,1,0,0,0,fix,login,0.2154,success
30ba3ece,carlos_dev,hotfix/urgente,update security module,push,7,355,54,409,373,204,110,none,0,none,1,8,0,1,0,0,0,0,0,0,0,0,0,0,update,security,0.4047,success
a4499f18,junior_juan,feature/api,fix database module,pull_request,5,608,157,765,757,357,310,quality-and-testing,4,database,6,7,1,0,1,0,0,1,0,0,0,0,0,0,fix,database,0.5607,failure
34b1bf40,junior_juan,ci/cd-proyecto,add security module,push,6,116,208,324,324,191,122,none,0,none,3,4,0,0,0,0,0,0,0,0,0,0,0,0,add,security,0.3061,success
a759d66f,anndrew492,hotfix/urgente,fix auth module,pull_request,6,246,199,445,322,137,171,quality-and-testing,2,test,4,19,0,1,0,0,0,0,0,0,1,0,0,0,fix,auth,0.6142,failure
8c39cc3f,maria_backend,hotfix/urgente,merge migration module,pull_request,25,181,264,445,466,164,246,quality-and-testing,2,database,7,6,1,1,0,0,0,0,0,0,0,0,0,1,merge,migration,0.7157,failure
31aa1435,junior_juan,feature/api,add api module,pull_request,13,549,222,771,372,209,125,quality-and-testing,5,test,3,13,0,0,1,0,0,0,1,0,0,0,0,0,add,api,0.5296,failure
f72bc095,carlos_dev,hotfix/urgente,remove dashboard module,push,15,187,155,342,401,105,217,telemetry-dispatch,4,env,4,2,0,1,0,0,0,0,0,1,0,0,0,0,remove,dashboard,0.6765,failure
49d1251e,junior_juan,feature/pagos,fix security module,push,17,177,295,472,198,94,33,none,0,none,4,3,0,0,1,0,0,0,0,0,0,0,0,0,fix,security,0.3225,success
4ea3b3e0,carlos_dev,main,merge migration module,pull_request,16,448,80,528,736,417,244,quality-and-testing,3,database,2,17,0,0,0,1,0,0,0,0,0,0,0,1,merge,migration,0.4583,failure
eea02dd3,anndrew492,feature/api,merge billing module,pull_request,11,223,285,508,592,288,238,none,0,none,3,2,0,0,1,0,0,0,0,0,0,0,0,0,merge,billing,0.1115,success
93177866,junior_juan,feature/dashboard,remove migration module,push,18,369,195,564,501,160,276,quality-and-testing,3,database,1,3,0,0,1,0,0,0,0,0,0,0,0,1,remove,migration,0.6829,failure
75359811,junior_juan,release/v1,remove dashboard module,pull_request,3,152,175,327,165,115,39,none,0,none,1,10,0,0,0,0,0,0,0,1,0,0,0,0,remove,dashboard,0.0787,success
25e8bb87,anndrew492,release/v1,merge docker module,push,18,485,165,650,312,94,211,security-and-build,4,docker,4,21,0,0,0,0,1,0,0,0,0,0,0,0,merge,docker,0.7477,failure
6af6c937,junior_juan,feature/pagos,fix tests module,pull_request,2,363,57,420,178,101,42,none,0,none,2,10,0,0,1,0,0,0,0,0,0,0,0,0,fix,tests,0.0300,success
e4a01fc1,anndrew492,hotfix/urgente,merge dependencies module,pull_request,20,217,360,577,669,198,388,security-and-build,1,dependency,4,1,0,1,0,0,0,0,0,0,0,1,0,0,merge,dependencies,0.8462,failure
6e4e21c0,anndrew492,ci/cd-proyecto,fix api module,pull_request,14,627,268,895,322,129,163,security-and-build,2,docker,4,14,0,0,0,0,0,0,1,0,0,0,0,0,fix,api,0.5310,failure
fdb29eee,carlos_dev,ci/cd-proyecto,update api module,push,15,598,136,734,390,143,236,security-and-build,3,security,3,16,0,0,0,0,0,0,1,0,0,0,0,0,update,api,0.6723,failure
2adc8b72,junior_juan,feature/api,rollback database module,push,8,225,26,251,292,220,59,quality-and-testing,1,database,3,3,0,0,1,0,0,1,0,0,0,0,0,0,rollback,database,0.5858,failure
51f6bf0d,carlos_dev,feature/pagos,remove billing module,pull_request,15,151,231,382,212,16,126,none,0,none,1,13,0,0,1,0,0,0,0,0,0,0,0,0,remove,billing,0.1121,success
ed379d2c,carlos_dev,ci/cd-proyecto,update database module,push,14,413,241,654,466,187,229,quality-and-testing,5,database,4,12,0,0,0,0,0,1,0,0,0,0,0,0,update,database,0.7511,failure
f369849f,anndrew492,release/v1,update login module,push,5,69,97,166,138,51,67,none,0,none,7,18,1,0,0,0,0,0,0,0,1,0,0,0,update,login,0.3231,success
0b46222a,anndrew492,feature/api,refactor api module,pull_request,16,641,209,850,512,278,161,quality-and-testing,3,test,6,20,1,0,1,0,0,0,1,0,0,0,0,0,refactor,api,0.7279,failure
b69bfa9d,anndrew492,hotfix/urgente,remove frontend module,pull_request,10,27,3,30,316,28,201,none,0,none,3,0,0,1,0,0,0,0,0,1,0,0,0,0,remove,frontend,0.2302,success
f277309f,junior_juan,release/v1,remove billing module,pull_request,15,106,93,199,239,115,83,none,0,none,2,4,0,0,0,0,0,0,0,0,0,0,0,0,remove,billing,0.0932,success
18c58ab8,maria_backend,feature/api,add environment module,pull_request,2,646,198,844,593,297,220,none,0,none,3,14,0,0,1,0,0,0,0,0,0,0,1,0,add,environment,0.4313,success
fac6f420,maria_backend,feature/api,remove api module,pull_request,3,539,145,684,459,153,232,security-and-build,1,security,5,9,0,0,1,0,0,0,1,0,0,0,0,0,remove,api,0.5253,failure
564fe168,maria_backend,feature/api,fix dashboard module,push,5,182,0,182,116,16,30,none,0,none,4,8,0,0,1,0,0,0,0,1,0,0,0,0,fix,dashboard,0.0302,success
d50cecf3,junior_juan,main,merge database module,pull_request,7,76,168,244,260,115,98,none,0,none,4,18,0,0,0,1,0,1,0,0,0,0,0,0,merge,database,0.3762,success
37911369,junior_juan,feature/dashboard,update environment module,push,10,32,258,290,339,23,239,none,0,none,7,7,1,0,1,0,0,0,0,0,0,0,1,0,update,environment,0.4130,success
cf156a5b,carlos_dev,feature/pagos,remove environment module,push,1,535,97,632,516,249,228,quality-and-testing,4,env,6,15,1,0,1,0,0,0,0,0,0,0,1,0,remove,environment,0.7605,failure
60fac330,carlos_dev,feature/pagos,refactor security module,pull_request,18,202,104,306,277,74,121,none,0,none,1,1,0,0,1,0,0,0,0,0,0,0,0,0,refactor,security,0.0543,success
23c92518,junior_juan,feature/pagos,refactor billing module,pull_request,9,150,356,506,451,64,331,none,0,none,2,4,0,0,1,0,0,0,0,0,0,0,0,0,refactor,billing,0.0743,success
0da5909d,carlos_dev,release/v1,refactor frontend module,pull_request,9,87,242,329,510,204,249,none,0,none,5,14,0,0,0,0,0,0,0,1,0,0,0,0,refactor,frontend,0.0300,success
28c0f00d,carlos_dev,release/v1,rollback dependencies module,pull_request,7,8,307,315,271,53,154,security-and-build,4,dependency,2,22,0,0,0,0,0,0,0,0,0,1,0,0,rollback,dependencies,0.6074,failure
e2ac638f,anndrew492,ci/cd-proyecto,add api module,pull_request,15,396,142,538,640,246,325,none,0,none,2,11,0,0,0,0,0,0,1,0,0,0,0,0,add,api,0.4149,success
baf4dae1,junior_juan,hotfix/urgente,rollback security module,pull_request,16,412,86,498,255,46,150,security-and-build,2,security,5,18,0,1,0,0,0,0,0,0,0,0,0,0,rollback,security,0.7386,failure
2ffce8ef,maria_backend,ci/cd-proyecto,fix dashboard module,push,15,42,264,306,273,37,183,none,0,none,4,23,0,0,0,0,0,0,0,1,0,0,0,0,fix,dashboard,0.4352,success
9b41d41c,carlos_dev,feature/pagos,refactor login module,pull_request,8,535,17,552,332,188,93,none,0,none,2,3,0,0,1,0,0,0,0,0,1,0,0,0,refactor,login,0.3690,success
48a0aff8,junior_juan,main,refactor billing module,push,8,305,19,324,242,64,89,none,0,none,3,9,0,0,0,1,0,0,0,0,0,0,0,0,refactor,billing,0.4492,success
190fe395,carlos_dev,feature/dashboard,remove migration module,pull_request,14,633,22,655,572,309,194,quality-and-testing,3,database,5,22,0,0,1,0,0,0,0,0,0,0,0,1,remove,migration,0.6921,failure
c4280f2b,anndrew492,hotfix/urgente,update auth module,pull_request,10,468,163,631,312,155,142,quality-and-testing,4,syntax,3,8,0,1,0,0,0,0,0,0,1,0,0,0,update,auth,0.8028,failure
a0fadefb,carlos_dev,feature/dashboard,remove database module,pull_request,18,645,159,804,485,147,255,quality-and-testing,1,database,5,13,0,0,1,0,0,1,0,0,0,0,0,0,remove,database,0.6262,failure
c4ab2b40,maria_backend,main,add environment module,pull_request,18,315,225,540,476,178,242,security-and-build,4,env,6,4,1,0,0,1,0,0,0,0,0,0,1,0,add,environment,0.6422,failure
4a4d9e5c,junior_juan,release/v1,refactor auth module,pull_request,12,103,194,297,315,49,258,none,0,none,6,0,1,0,0,0,0,0,0,0,1,0,0,0,refactor,auth,0.3770,success
66428fd1,anndrew492,feature/dashboard,fix billing module,push,16,385,55,440,163,21,65,none,0,none,5,5,0,0,1,0,0,0,0,0,0,0,0,0,fix,billing,0.3631,success
5da6d6e3,junior_juan,feature/pagos,remove dashboard module,push,14,481,91,572,317,131,111,none,0,none,5,11,0,0,1,0,0,0,0,1,0,0,0,0,remove,dashboard,0.3201,success
ba454703,junior_juan,hotfix/urgente,remove api module,pull_request,5,488,221,709,475,217,196,security-and-build,1,security,7,6,1,1,0,0,0,0,1,0,0,0,0,0,remove,api,0.8061,failure
344357a7,junior_juan,release/v1,merge dashboard module,pull_request,14,573,5,578,452,178,190,none,0,none,2,17,0,0,0,0,0,0,0,1,0,0,0,0,merge,dashboard,0.1762,success
4072e19c,anndrew492,feature/api,update auth module,push,11,250,299,549,557,300,233,none,0,none,5,2,0,0,1,0,0,0,0,0,1,0,0,0,update,auth,0.4172,success
cd625f72,carlos_dev,main,rollback auth module,pull_request,17,101,49,150,336,33,239,quality-and-testing,4,syntax,2,13,0,0,0,1,0,0,0,0,1,0,0,0,rollback,auth,0.5086,failure
46434396,junior_juan,main,remove billing module,pull_request,2,424,261,685,645,241,327,none,0,none,6,16,1,0,0,1,0,0,0,0,0,0,0,0,remove,billing,0.1475,success
e64f00da,carlos_dev,main,update tests module,push,14,264,310,574,560,173,310,none,0,none,3,18,0,0,0,1,0,0,0,0,0,0,0,0,update,tests,0.3936,success
56700dec,carlos_dev,ci/cd-proyecto,rollback database module,pull_request,12,338,197,535,482,271,143,quality-and-testing,5,database,7,11,1,0,0,0,0,1,0,0,0,0,0,0,rollback,database,0.5223,failure
e2c75ca5,anndrew492,feature/api,merge frontend module,pull_request,20,404,313,717,627,309,244,none,0,none,7,5,1,0,1,0,0,0,0,1,0,0,0,0,merge,frontend,0.4093,success
2f067d37,junior_juan,feature/dashboard,remove database module,pull_request,5,526,24,550,436,295,125,none,0,none,3,18,0,0,1,0,0,1,0,0,0,0,0,0,remove,database,0.2350,success
5e0ae927,maria_backend,release/v1,rollback auth module,push,16,248,158,406,186,89,86,quality-and-testing,1,timeout,5,4,0,0,0,0,0,0,0,0,1,0,0,0,rollback,auth,0.7320,failure
a65089ae,maria_backend,release/v1,remove dependencies module,pull_request,7,593,212,805,618,309,254,security-and-build,2,dependency,1,2,0,0,0,0,0,0,0,0,0,1,0,0,remove,dependencies,0.5934,failure
2a3a25a4,anndrew492,hotfix/urgente,update migration module,pull_request,20,342,132,474,264,79,111,quality-and-testing,2,database,2,1,0,1,0,0,0,0,0,0,0,0,0,1,update,migration,0.7864,failure
7fe47fe7,anndrew492,feature/pagos,update docker module,pull_request,10,561,62,623,559,132,387,security-and-build,2,docker,1,8,0,0,1,0,1,0,0,0,0,0,0,0,update,docker,0.5323,failure
ec57bf73,maria_backend,hotfix/urgente,rollback database module,pull_request,19,199,181,380,485,263,150,quality-and-testing,1,database,1,12,0,1,0,0,0,1,0,0,0,0,0,0,rollback,database,0.7906,failure
0d59f93d,anndrew492,main,fix billing module,pull_request,11,21,151,172,215,92,44,none,0,none,2,9,0,0,0,1,0,0,0,0,0,0,0,0,fix,billing,0.0300,success
835884c4,junior_juan,main,add auth module,pull_request,9,222,8,230,317,191,115,none,0,none,7,7,1,0,0,1,0,0,0,0,1,0,0,0,add,auth,0.2228,success
aa1d9e48,junior_juan,feature/pagos,update billing module,pull_request,13,267,52,319,437,204,182,none,0,none,3,11,0,0,1,0,0,0,0,0,0,0,0,0,update,billing,0.0300,success
1293ea77,carlos_dev,ci/cd-proyecto,remove auth module,push,16,328,149,477,301,217,46,quality-and-testing,3,syntax,1,11,0,0,0,0,0,0,0,0,1,0,0,0,remove,auth,0.5829,failure
d4774ad9,carlos_dev,main,update auth module,pull_request,10,447,316,763,475,197,261,quality-and-testing,5,runtime,1,20,0,0,0,1,0,0,0,0,1,0,0,0,update,auth,0.5481,failure
d0f8962c,maria_backend,feature/api,remove billing module,pull_request,11,197,226,423,213,115,63,none,0,none,1,10,0,0,1,0,0,0,0,0,0,0,0,0,remove,billing,0.0300,success
56465aa5,maria_backend,main,fix dependencies module,push,13,164,331,495,487,55,363,security-and-build,4,dependency,4,8,0,0,0,1,0,0,0,0,0,1,0,0,fix,dependencies,0.7180,failure
51aa25ae,junior_juan,feature/dashboard,update dependencies module,push,12,324,120,444,453,207,180,security-and-build,4,dependency,7,9,1,0,1,0,0,0,0,0,0,1,0,0,update,dependencies,0.5678,failure
3343ec69,carlos_dev,ci/cd-proyecto,remove auth module,pull_request,17,274,21,295,292,138,119,security-and-build,2,dependency,5,10,0,0,0,0,0,0,0,0,1,0,0,0,remove,auth,0.4774,failure
6679d009,anndrew492,feature/api,fix security module,pull_request,1,469,162,631,472,76,310,none,0,none,2,16,0,0,1,0,0,0,0,0,0,0,0,0,fix,security,0.0351,success
a1f66de9,anndrew492,feature/pagos,rollback database module,pull_request,19,178,61,239,577,307,222,none,0,none,5,8,0,0,1,0,0,1,0,0,0,0,0,0,rollback,database,0.4427,success
264003c3,carlos_dev,main,update dependencies module,pull_request,17,570,69,639,498,108,367,security-and-build,5,dependency,4,8,0,0,0,1,0,0,0,0,0,1,0,0,update,dependencies,0.7172,failure
371ab561,carlos_dev,ci/cd-proyecto,merge frontend module,pull_request,16,644,214,858,421,149,190,none,0,none,2,15,0,0,0,0,0,0,0,1,0,0,0,0,merge,frontend,0.1925,success
a732ed6c,maria_backend,ci/cd-proyecto,update environment module,push,17,7,136,143,260,82,164,quality-and-testing,2,test,1,5,0,0,0,0,0,0,0,0,0,0,1,0,update,environment,0.4537,failure
acce8a79,junior_juan,feature/pagos,refactor environment module,pull_request,16,244,239,483,393,191,121,none,0,none,2,10,0,0,1,0,0,0,0,0,0,0,1,0,refactor,environment,0.3063,success
5c02caaf,anndrew492,hotfix/urgente,merge docker module,pull_request,18,607,205,812,486,189,274,security-and-build,1,docker,7,23,1,1,0,0,1,0,0,0,0,0,0,0,merge,docker,0.9200,failure
ff043a1f,junior_juan,feature/dashboard,fix auth module,pull_request,10,257,92,349,453,139,247,none,0,none,2,5,0,0,1,0,0,0,0,0,1,0,0,0,fix,auth,0.3711,success
131bb628,anndrew492,feature/pagos,refactor dependencies module,pull_request,20,373,261,634,627,240,318,security-and-build,1,dependency,4,9,0,0,1,0,0,0,0,0,0,1,0,0,refactor,dependencies,0.7383,failure
75725ebe,anndrew492,hotfix/urgente,update dependencies module,push,15,588,342,930,445,153,262,security-and-build,3,dependency,4,11,0,1,0,0,0,0,0,0,0,1,0,0,update,dependencies,0.9200,failure
16a498e1,carlos_dev,ci/cd-proyecto,add dashboard module,pull_request,5,511,195,706,411,220,161,none,0,none,3,8,0,0,0,0,0,0,0,1,0,0,0,0,add,dashboard,0.0508,success
bf60b9b9,anndrew492,hotfix/urgente,remove security module,push,12,47,152,199,388,212,103,none,0,none,3,11,0,1,0,0,0,0,0,0,0,0,0,0,remove,security,0.2754,success
f14d0ab1,maria_backend,main,rollback docker module,pull_request,6,641,258,899,404,154,225,security-and-build,1,docker,2,4,0,0,0,1,1,0,0,0,0,0,0,0,rollback,docker,0.7763,failure
3eb28ce1,carlos_dev,hotfix/urgente,add tests module,pull_request,12,456,261,717,312,121,166,quality-and-testing,3,test,2,19,0,1,0,0,0,0,0,0,0,0,0,0,add,tests,0.4768,failure
2c2c7fc7,carlos_dev,feature/dashboard,fix environment module,pull_request,18,286,45,331,117,35,74,none,0,none,1,18,0,0,1,0,0,0,0,0,0,0,1,0,fix,environment,0.3008,success
d0702b85,anndrew492,feature/pagos,remove dashboard module,push,14,331,128,459,328,143,112,none,0,none,3,5,0,0,1,0,0,0,0,1,0,0,0,0,remove,dashboard,0.3061,success
a63db6b4,maria_backend,feature/pagos,add frontend module,pull_request,5,550,216,766,421,149,220,none,0,none,3,3,0,0,1,0,0,0,0,1,0,0,0,0,add,frontend,0.0944,success
4fbcd273,junior_juan,feature/dashboard,merge docker module,pull_request,10,547,312,859,565,300,183,security-and-build,5,docker,4,11,0,0,1,0,1,0,0,0,0,0,0,0,merge,docker,0.5003,failure
1cc9e7ea,anndrew492,feature/pagos,remove tests module,pull_request,6,84,336,420,132,37,57,none,0,none,6,6,1,0,1,0,0,0,0,0,0,0,0,0,remove,tests,0.0300,success
7fedaa59,junior_juan,feature/api,refactor frontend module,push,14,298,39,337,420,201,136,none,0,none,6,14,1,0,1,0,0,0,0,1,0,0,0,0,refactor,frontend,0.3753,success
d4afc76f,carlos_dev,release/v1,fix auth module,pull_request,15,481,360,841,466,168,265,quality-and-testing,3,syntax,4,15,0,0,0,0,0,0,0,0,1,0,0,0,fix,auth,0.5368,failure
58caa5e7,maria_backend,main,remove migration module,pull_request,5,512,109,621,567,250,307,quality-and-testing,4,database,5,7,0,0,0,1,0,0,0,0,0,0,0,1,remove,migration,0.5430,failure
1aa83d2d,junior_juan,release/v1,refactor login module,push,3,33,50,83,257,201,43,none,0,none,5,3,0,0,0,0,0,0,0,0,1,0,0,0,refactor,login,0.3448,success
a3a4c5c3,anndrew492,main,refactor dashboard module,pull_request,13,443,351,794,340,203,89,none,0,none,7,6,1,0,0,1,0,0,0,1,0,0,0,0,refactor,dashboard,0.2663,success
0f3f096c,carlos_dev,release/v1,add tests module,push,1,604,296,900,471,205,177,quality-and-testing,4,test,4,3,0,0,0,0,0,0,0,0,0,0,0,0,add,tests,0.4569,failure
fe9692a4,maria_backend,hotfix/urgente,add dashboard module,push,6,576,153,729,395,162,145,security-and-build,3,dependency,7,4,1,1,0,0,0,0,0,1,0,0,0,0,add,dashboard,0.7242,failure
9bcfdcd4,maria_backend,feature/dashboard,merge dashboard module,pull_request,8,602,233,835,425,276,127,none,0,none,3,9,0,0,1,0,0,0,0,1,0,0,0,0,merge,dashboard,0.1373,success
5f2fce74,anndrew492,feature/api,remove environment module,pull_request,10,376,145,521,565,174,310,none,0,none,2,17,0,0,1,0,0,0,0,0,0,0,1,0,remove,environment,0.3832,success
06df7584,carlos_dev,hotfix/urgente,rollback tests module,pull_request,18,128,39,167,226,57,153,quality-and-testing,2,test,5,11,0,1,0,0,0,0,0,0,0,0,0,0,rollback,tests,0.5247,failure
4e0b0c2f,carlos_dev,feature/api,fix environment module,pull_request,12,374,99,473,427,156,240,none,0,none,7,17,1,0,1,0,0,0,0,0,0,0,1,0,fix,environment,0.4236,success
150116bb,carlos_dev,main,update database module,pull_request,18,471,238,709,549,272,231,quality-and-testing,4,database,4,13,0,0,0,1,0,1,0,0,0,0,0,0,update,database,0.6000,failure
1df5808d,carlos_dev,main,merge dashboard module,pull_request,17,366,294,660,450,211,196,none,0,none,5,0,0,0,0,1,0,0,0,1,0,0,0,0,merge,dashboard,0.3279,success
31974c72,carlos_dev,feature/api,add dependencies module,pull_request,8,609,135,744,594,314,204,security-and-build,5,dependency,2,10,0,0,1,0,0,0,0,0,0,1,0,0,add,dependencies,0.6285,failure
1c752a60,carlos_dev,feature/api,remove database module,push,17,56,144,200,197,92,54,quality-and-testing,4,database,5,5,0,0,1,0,0,1,0,0,0,0,0,0,remove,database,0.5150,failure
2df64200,maria_backend,feature/dashboard,refactor tests module,push,8,409,356,765,382,225,140,none,0,none,3,10,0,0,1,0,0,0,0,0,0,0,0,0,refactor,tests,0.3138,success
3fd5901c,maria_backend,hotfix/urgente,refactor database module,push,17,451,194,645,636,265,287,quality-and-testing,1,database,5,7,0,1,0,0,0,1,0,0,0,0,0,0,refactor,database,0.9200,failure
e84afbf4,anndrew492,feature/dashboard,refactor frontend module,push,13,611,185,796,619,174,355,none,0,none,2,10,0,0,1,0,0,0,0,1,0,0,0,0,refactor,frontend,0.3649,success
fb92d858,maria_backend,main,remove login module,push,17,521,135,656,557,287,225,quality-and-testing,2,timeout,4,7,0,0,0,1,0,0,0,0,1,0,0,0,remove,login,0.9200,failure
37965648,maria_backend,feature/api,update environment module,push,1,90,28,118,371,44,257,security-and-build,5,security,7,5,1,0,1,0,0,0,0,0,0,0,1,0,update,environment,0.4576,failure
7c750160,junior_juan,feature/dashboard,rollback tests module,pull_request,8,351,263,614,493,122,296,quality-and-testing,2,test,6,21,1,0,1,0,0,0,0,0,0,0,0,0,rollback,tests,0.4627,failure
41493615,maria_backend,hotfix/urgente,merge dependencies module,pull_request,8,134,127,261,319,32,279,security-and-build,4,dependency,4,0,0,1,0,0,0,0,0,0,0,1,0,0,merge,dependencies,0.5972,failure
09919c69,carlos_dev,hotfix/urgente,refactor login module,push,18,448,185,633,525,167,282,telemetry-dispatch,4,timeout,3,3,0,1,0,0,0,0,0,0,1,0,0,0,refactor,login,0.9200,failure
62584855,carlos_dev,feature/pagos,update billing module,pull_request,2,291,81,372,91,27,35,none,0,none,2,14,0,0,1,0,0,0,0,0,0,0,0,0,update,billing,0.0300,success
e3c6ab10,junior_juan,ci/cd-proyecto,add docker module,pull_request,16,451,63,514,507,171,255,none,0,none,5,17,0,0,0,0,1,0,0,0,0,0,0,0,add,docker,0.4456,success
f5aa56e8,carlos_dev,feature/dashboard,fix api module,pull_request,4,612,272,884,586,256,258,security-and-build,3,timeout,3,7,0,0,1,0,0,0,1,0,0,0,0,0,fix,api,0.5013,failure
a8f17f7d,maria_backend,ci/cd-proyecto,merge dashboard module,push,12,54,18,72,246,51,174,none,0,none,6,12,1,0,0,0,0,0,0,1,0,0,0,0,merge,dashboard,0.2413,success
141e5092,carlos_dev,hotfix/urgente,fix login module,push,12,467,74,541,335,202,104,security-and-build,1,security,7,2,1,1,0,0,0,0,0,0,1,0,0,0,fix,login,0.9200,failure
dd8142c2,anndrew492,ci/cd-proyecto,fix frontend module,push,20,597,59,656,363,119,213,none,0,none,2,16,0,0,0,0,0,0,0,1,0,0,0,0,fix,frontend,0.3932,success
cf97500c,junior_juan,ci/cd-proyecto,rollback frontend module,pull_request,3,139,269,408,247,81,141,none,0,none,7,10,1,0,0,0,0,0,0,1,0,0,0,0,rollback,frontend,0.2779,success
d0e21985,anndrew492,feature/dashboard,refactor billing module,pull_request,6,199,255,454,467,212,240,none,0,none,2,6,0,0,1,0,0,0,0,0,0,0,0,0,refactor,billing,0.0300,success
034b6038,junior_juan,feature/pagos,rollback billing module,push,4,630,236,866,384,179,197,telemetry-dispatch,3,env,6,13,1,0,1,0,0,0,0,0,0,0,0,0,rollback,billing,0.4720,failure
fb74c251,carlos_dev,feature/dashboard,merge billing module,push,17,267,70,337,364,208,131,none,0,none,4,12,0,0,1,0,0,0,0,0,0,0,0,0,merge,billing,0.2688,success
e4546038,carlos_dev,feature/api,add billing module,push,3,358,147,505,446,173,212,none,0,none,6,21,1,0,1,0,0,0,0,0,0,0,0,0,add,billing,0.3935,success
dd75bd84,carlos_dev,feature/api,remove login module,push,5,71,272,343,331,190,85,none,0,none,2,11,0,0,1,0,0,0,0,0,1,0,0,0,remove,login,0.3780,success
0ecf1e6f,junior_juan,ci/cd-proyecto,merge auth module,push,16,109,104,213,295,133,94,quality-and-testing,2,timeout,7,15,1,0,0,0,0,0,0,0,1,0,0,0,merge,auth,0.5630,failure
03f3eba0,anndrew492,feature/api,add tests module,pull_request,15,450,50,500,354,103,174,none,0,none,7,10,1,0,1,0,0,0,0,0,0,0,0,0,add,tests,0.2296,success
561264b6,maria_backend,hotfix/urgente,fix security module,push,15,146,325,471,213,68,95,security-and-build,4,security,4,0,0,1,0,0,0,0,0,0,0,0,0,0,fix,security,0.8238,failure
ad3b23f1,junior_juan,ci/cd-proyecto,refactor security module,push,11,254,211,465,333,66,204,none,0,none,6,3,1,0,0,0,0,0,0,0,0,0,0,0,refactor,security,0.3525,success
4d80b16d,junior_juan,release/v1,rollback environment module,pull_request,17,141,259,400,355,149,161,security-and-build,2,dependency,4,12,0,0,0,0,0,0,0,0,0,0,1,0,rollback,environment,0.5894,failure
1a1ccdf5,anndrew492,ci/cd-proyecto,remove frontend module,push,6,82,353,435,269,109,101,none,0,none,6,3,1,0,0,0,0,0,0,1,0,0,0,0,remove,frontend,0.3077,success
6f82fe70,carlos_dev,hotfix/urgente,remove api module,pull_request,14,599,21,620,385,211,109,security-and-build,1,timeout,3,12,0,1,0,0,0,0,1,0,0,0,0,0,remove,api,0.9108,failure
0b6fc4fd,anndrew492,feature/pagos,merge auth module,push,9,291,243,534,544,233,268,none,0,none,1,15,0,0,1,0,0,0,0,0,1,0,0,0,merge,auth,0.3329,success
21a72a8a,anndrew492,feature/api,add dependencies module,pull_request,9,637,5,642,596,182,378,security-and-build,1,dependency,2,0,0,0,1,0,0,0,0,0,0,1,0,0,add,dependencies,0.6679,failure
8c13b74d,maria_backend,feature/dashboard,remove dependencies module,pull_request,17,524,309,833,361,137,180,security-and-build,1,dependency,7,20,1,0,1,0,0,0,0,0,0,1,0,0,remove,dependencies,0.8685,failure
9cdb9c62,anndrew492,feature/pagos,add docker module,pull_request,18,17,162,179,287,138,71,none,0,none,1,7,0,0,1,0,1,0,0,0,0,0,0,0,add,docker,0.2903,success
6c0a90f9,anndrew492,release/v1,merge environment module,push,12,274,86,360,423,169,217,none,0,none,1,10,0,0,0,0,0,0,0,0,0,0,1,0,merge,environment,0.4277,success
f3f03806,maria_backend,hotfix/urgente,update dependencies module,push,13,567,70,637,429,166,244,security-and-build,2,dependency,2,1,0,1,0,0,0,0,0,0,0,1,0,0,update,dependencies,0.9200,failure
f402d0d7,anndrew492,feature/api,remove migration module,push,4,6,100,106,369,279,69,none,0,none,2,20,0,0,1,0,0,0,0,0,0,0,0,1,remove,migration,0.4314,success
bb1bcf79,junior_juan,feature/pagos,update auth module,pull_request,6,329,217,546,402,202,179,none,0,none,3,12,0,0,1,0,0,0,0,0,1,0,0,0,update,auth,0.1930,success
f374d178,maria_backend,feature/api,add api module,pull_request,14,478,257,735,647,260,335,security-and-build,3,timeout,2,22,0,0,1,0,0,0,1,0,0,0,0,0,add,api,0.5159,failure
9fa86faf,junior_juan,feature/api,rollback environment module,push,10,270,163,433,431,141,228,quality-and-testing,2,database,7,15,1,0,1,0,0,0,0,0,0,0,1,0,rollback,environment,0.6508,failure
6e8e5e04,maria_backend,feature/api,update dependencies module,push,5,204,304,508,660,197,396,security-and-build,3,dependency,6,9,1,0,1,0,0,0,0,0,0,1,0,0,update,dependencies,0.5532,failure
53711857,maria_backend,feature/pagos,refactor security module,pull_request,14,468,229,697,443,141,244,none,0,none,6,9,1,0,1,0,0,0,0,0,0,0,0,0,refactor,security,0.3557,success
8b117852,carlos_dev,release/v1,fix dependencies module,pull_request,3,414,242,656,385,133,202,security-and-build,4,dependency,5,4,0,0,0,0,0,0,0,0,0,1,0,0,fix,dependencies,0.6737,failure
276d37fe,carlos_dev,release/v1,merge login module,pull_request,11,423,4,427,254,87,162,none,0,none,4,11,0,0,0,0,0,0,0,0,1,0,0,0,merge,login,0.2942,success
07ed0757,carlos_dev,feature/api,add auth module,push,4,621,277,898,289,146,95,quality-and-testing,1,syntax,4,16,0,0,1,0,0,0,0,0,1,0,0,0,add,auth,0.5678,failure
a9345f13,junior_juan,main,add database module,pull_request,10,30,351,381,459,265,185,none,0,none,7,5,1,0,0,1,0,1,0,0,0,0,0,0,add,database,0.4300,success
1561e577,anndrew492,feature/pagos,rollback dashboard module,pull_request,3,513,48,561,211,61,138,none,0,none,4,8,0,0,1,0,0,0,0,1,0,0,0,0,rollback,dashboard,0.1359,success
7fb09f87,maria_backend,hotfix/urgente,refactor tests module,push,14,473,271,744,421,155,207,quality-and-testing,4,test,5,6,0,1,0,0,0,0,0,0,0,0,0,0,refactor,tests,0.7764,failure
73896c32,maria_backend,feature/api,merge billing module,push,18,615,46,661,398,169,214,none,0,none,3,13,0,0,1,0,0,0,0,0,0,0,0,0,merge,billing,0.4250,success
85796d12,maria_backend,ci/cd-proyecto,rollback auth module,pull_request,6,60,336,396,391,175,145,security-and-build,3,docker,6,2,1,0,0,0,0,0,0,0,1,0,0,0,rollback,auth,0.5268,failure
b862b29d,anndrew492,main,add environment module,push,11,395,273,668,450,335,105,security-and-build,4,security,2,15,0,0,0,1,0,0,0,0,0,0,1,0,add,environment,0.8813,failure
28becc2b,anndrew492,release/v1,merge environment module,push,13,451,200,651,431,119,284,security-and-build,1,security,3,11,0,0,0,0,0,0,0,0,0,0,1,0,merge,environment,0.6029,failure
819f9e22,carlos_dev,release/v1,add login module,pull_request,11,219,40,259,292,111,137,none,0,none,7,12,1,0,0,0,0,0,0,0,1,0,0,0,add,login,0.2357,success
c946fec0,junior_juan,feature/api,fix migration module,push,23,551,293,844,584,250,277,quality-and-testing,3,database,4,17,0,0,1,0,0,0,0,0,0,0,0,1,fix,migration,0.6709,failure
297d24c3,carlos_dev,ci/cd-proyecto,merge api module,pull_request,9,542,165,707,610,253,314,quality-and-testing,2,timeout,6,17,1,0,0,0,0,0,1,0,0,0,0,0,merge,api,0.6259,failure
24ad1389,anndrew492,feature/api,refactor dependencies module,push,20,216,51,267,399,151,172,security-and-build,5,dependency,1,21,0,0,1,0,0,0,0,0,0,1,0,0,refactor,dependencies,0.4666,failure
7b4460ed,anndrew492,feature/dashboard,fix tests module,pull_request,15,562,183,745,260,116,121,none,0,none,5,21,0,0,1,0,0,0,0,0,0,0,0,0,fix,tests,0.2454,success
b4f81bd6,anndrew492,feature/pagos,update tests module,pull_request,10,495,259,754,573,257,286,none,0,none,3,0,0,0,1,0,0,0,0,0,0,0,0,0,update,tests,0.1373,success
1e99bba2,junior_juan,hotfix/urgente,fix environment module,push,9,273,176,449,315,160,79,quality-and-testing,1,test,3,22,0,1,0,0,0,0,0,0,0,0,1,0,fix,environment,0.8639,failure
ce6ab2c8,maria_backend,hotfix/urgente,merge auth module,pull_request,11,27,342,369,209,86,58,quality-and-testing,4,runtime,1,11,0,1,0,0,0,0,0,0,1,0,0,0,merge,auth,0.6434,failure
121f1f85,carlos_dev,feature/pagos,merge security module,pull_request,3,632,166,798,498,263,185,none,0,none,7,10,1,0,1,0,0,0,0,0,0,0,0,0,merge,security,0.1839,success
7fbb8547,carlos_dev,ci/cd-proyecto,fix database module,pull_request,23,601,214,815,349,156,122,quality-and-testing,1,database,4,20,0,0,0,0,0,1,0,0,0,0,0,0,fix,database,0.7053,failure
897c27c9,junior_juan,ci/cd-proyecto,merge login module,pull_request,5,372,157,529,444,218,144,none,0,none,5,10,0,0,0,0,0,0,0,0,1,0,0,0,merge,login,0.3418,success
6761e323,carlos_dev,feature/api,fix frontend module,pull_request,14,88,177,265,467,177,245,none,0,none,7,17,1,0,1,0,0,0,0,1,0,0,0,0,fix,frontend,0.0300,success
080441cc,anndrew492,feature/pagos,remove frontend module,push,6,521,205,726,407,235,147,none,0,none,7,9,1,0,1,0,0,0,0,1,0,0,0,0,remove,frontend,0.2876,success
4477c256,junior_juan,hotfix/urgente,refactor dashboard module,push,8,391,22,413,331,82,235,quality-and-testing,5,database,1,10,0,1,0,0,0,0,0,1,0,0,0,0,refactor,dashboard,0.5814,failure
775e5476,maria_backend,main,add migration module,push,19,566,167,733,669,310,313,quality-and-testing,4,database,7,13,1,0,0,1,0,0,0,0,0,0,0,1,add,migration,0.9200,failure
eb9389b1,junior_juan,hotfix/urgente,fix tests module,push,16,376,111,487,280,191,75,quality-and-testing,1,test,1,8,0,1,0,0,0,0,0,0,0,0,0,0,fix,tests,0.6970,failure
444ff3b1,anndrew492,main,add dependencies module,pull_request,10,589,276,865,482,197,201,security-and-build,3,dependency,7,10,1,0,0,1,0,0,0,0,0,1,0,0,add,dependencies,0.6650,failure
9cc1ca66,carlos_dev,feature/dashboard,rollback auth module,pull_request,5,102,27,129,235,111,110,none,0,none,1,12,0,0,1,0,0,0,0,0,1,0,0,0,rollback,auth,0.2852,success
986fc681,junior_juan,release/v1,remove security module,push,13,108,353,461,414,189,143,none,0,none,3,1,0,0,0,0,0,0,0,0,0,0,0,0,remove,security,0.2926,success
ac9e2750,carlos_dev,release/v1,add dashboard module,push,18,74,52,126,323,169,133,none,0,none,6,15,1,0,0,0,0,0,0,1,0,0,0,0,add,dashboard,0.2363,success
b7dda506,junior_juan,hotfix/urgente,add frontend module,pull_request,16,322,322,644,478,295,100,security-and-build,3,docker,5,0,0,1,0,0,0,0,0,1,0,0,0,0,add,frontend,0.6626,failure
467dbaba,anndrew492,release/v1,merge docker module,pull_request,10,566,68,634,729,268,415,security-and-build,3,docker,4,10,0,0,0,0,1,0,0,0,0,0,0,0,merge,docker,0.4998,failure
a7e9a4ac,anndrew492,feature/dashboard,update security module,push,15,89,225,314,295,192,67,none,0,none,5,19,0,0,1,0,0,0,0,0,0,0,0,0,update,security,0.2331,success
2d241199,junior_juan,main,remove tests module,pull_request,7,270,335,605,454,216,221,none,0,none,1,14,0,0,0,1,0,0,0,0,0,0,0,0,remove,tests,0.1183,success
e99c18c6,anndrew492,main,add migration module,push,23,97,63,160,434,189,220,quality-and-testing,1,database,2,2,0,0,0,1,0,0,0,0,0,0,0,1,add,migration,0.7106,failure
1f7df1b7,maria_backend,release/v1,merge frontend module,pull_request,6,516,161,677,374,166,169,none,0,none,3,5,0,0,0,0,0,0,0,1,0,0,0,0,merge,frontend,0.1235,success
21289faf,maria_backend,ci/cd-proyecto,refactor environment module,pull_request,16,376,309,685,524,159,276,security-and-build,5,timeout,2,23,0,0,0,0,0,0,0,0,0,0,1,0,refactor,environment,0.8168,failure
97703b52,junior_juan,hotfix/urgente,refactor migration module,push,16,146,291,437,224,181,37,quality-and-testing,3,database,1,12,0,1,0,0,0,0,0,0,0,0,0,1,refactor,migration,0.7409,failure
96a84241,anndrew492,feature/dashboard,rollback api module,pull_request,5,246,175,421,426,148,229,none,0,none,5,15,0,0,1,0,0,0,1,0,0,0,0,0,rollback,api,0.2890,success
61e730c0,carlos_dev,main,merge migration module,pull_request,10,401,237,638,699,305,320,quality-and-testing,2,database,1,15,0,0,0,1,0,0,0,0,0,0,0,1,merge,migration,0.6521,failure
ffc21411,maria_backend,release/v1,rollback api module,push,12,95,137,232,199,142,21,quality-and-testing,4,runtime,5,17,0,0,0,0,0,0,1,0,0,0,0,0,rollback,api,0.4899,failure
bf83c243,anndrew492,main,add login module,push,3,392,80,472,143,63,59,security-and-build,2,docker,3,1,0,0,0,1,0,0,0,0,1,0,0,0,add,login,0.6745,failure
ab4fadd6,anndrew492,feature/pagos,merge docker module,push,6,519,35,554,551,168,329,none,0,none,2,8,0,0,1,0,1,0,0,0,0,0,0,0,merge,docker,0.3543,success
0977d43b,anndrew492,feature/api,rollback auth module,push,15,205,129,334,351,82,259,security-and-build,1,dependency,4,13,0,0,1,0,0,0,0,0,1,0,0,0,rollback,auth,0.5290,failure
c89e84d5,maria_backend,release/v1,update environment module,push,13,155,182,337,122,67,33,quality-and-testing,5,test,2,16,0,0,0,0,0,0,0,0,0,0,1,0,update,environment,0.4764,failure
6a1ab757,carlos_dev,feature/dashboard,add dashboard module,push,11,150,194,344,334,74,178,none,0,none,7,15,1,0,1,0,0,0,0,1,0,0,0,0,add,dashboard,0.2111,success
55c0e9ee,anndrew492,ci/cd-proyecto,add environment module,pull_request,7,448,211,659,318,79,203,quality-and-testing,4,runtime,1,9,0,0,0,0,0,0,0,0,0,0,1,0,add,environment,0.5837,failure
0386c078,maria_backend,feature/dashboard,fix database module,push,16,384,209,593,460,242,144,quality-and-testing,5,database,4,9,0,0,1,0,0,1,0,0,0,0,0,0,fix,database,0.4860,failure
b7b3bdc3,anndrew492,feature/pagos,merge security module,push,13,60,321,381,259,20,158,none,0,none,1,13,0,0,1,0,0,0,0,0,0,0,0,0,merge,security,0.1256,success
0c698d70,anndrew492,feature/pagos,add auth module,push,2,397,208,605,333,202,73,security-and-build,1,docker,7,9,1,0,1,0,0,0,0,0,1,0,0,0,add,auth,0.5154,failure
a8e59e26,maria_backend,release/v1,rollback database module,push,2,567,137,704,382,182,151,quality-and-testing,3,database,2,15,0,0,0,0,0,1,0,0,0,0,0,0,rollback,database,0.6753,failure
43a7a5ce,anndrew492,feature/pagos,fix frontend module,pull_request,12,325,35,360,369,201,121,none,0,none,7,20,1,0,1,0,0,0,0,1,0,0,0,0,fix,frontend,0.1692,success
604dfb16,junior_juan,ci/cd-proyecto,refactor migration module,pull_request,17,46,348,394,274,122,87,quality-and-testing,2,database,4,23,0,0,0,0,0,0,0,0,0,0,0,1,refactor,migration,0.5777,failure
7a05ecb3,carlos_dev,release/v1,update frontend module,push,3,124,222,346,245,74,97,none,0,none,1,8,0,0,0,0,0,0,0,1,0,0,0,0,update,frontend,0.2059,success
13fd9613,junior_juan,release/v1,remove auth module,push,12,210,203,413,395,185,198,quality-and-testing,1,syntax,6,10,1,0,0,0,0,0,0,0,1,0,0,0,remove,auth,0.4954,failure
ac38058b,maria_backend,feature/api,remove tests module,push,7,15,199,214,186,33,114,none,0,none,5,9,0,0,1,0,0,0,0,0,0,0,0,0,remove,tests,0.0300,success
406d1fff,carlos_dev,release/v1,update tests module,pull_request,4,640,20,660,615,290,256,none,0,none,5,22,0,0,0,0,0,0,0,0,0,0,0,0,update,tests,0.1304,success
c5cb0453,maria_backend,ci/cd-proyecto,refactor tests module,pull_request,6,568,151,719,410,127,266,none,0,none,2,18,0,0,0,0,0,0,0,0,0,0,0,0,refactor,tests,0.2169,success
786751fb,carlos_dev,release/v1,update environment module,push,11,23,98,121,274,159,47,none,0,none,7,14,1,0,0,0,0,0,0,0,0,0,1,0,update,environment,0.3667,success
526919df,carlos_dev,hotfix/urgente,remove frontend module,pull_request,23,108,187,295,323,183,107,none,0,none,2,22,0,1,0,0,0,0,0,1,0,0,0,0,remove,frontend,0.3421,success
def969e9,junior_juan,ci/cd-proyecto,rollback dependencies module,push,4,83,264,347,447,162,205,security-and-build,3,dependency,3,7,0,0,0,0,0,0,0,0,0,1,0,0,rollback,dependencies,0.6951,failure
3e752f65,anndrew492,release/v1,fix security module,push,7,84,38,122,405,93,254,none,0,none,2,4,0,0,0,0,0,0,0,0,0,0,0,0,fix,security,0.0999,success
39630fb3,maria_backend,hotfix/urgente,refactor dashboard module,push,21,498,8,506,412,195,172,security-and-build,4,docker,6,9,1,1,0,0,0,0,0,1,0,0,0,0,refactor,dashboard,0.7808,failure
b0d7eb7a,junior_juan,feature/pagos,update login module,push,6,619,350,969,374,194,145,security-and-build,1,security,7,6,1,0,1,0,0,0,0,0,1,0,0,0,update,login,0.7073,failure
906fd001,junior_juan,release/v1,remove dependencies module,pull_request,10,12,155,167,317,81,188,none,0,none,6,9,1,0,0,0,0,0,0,0,0,1,0,0,remove,dependencies,0.3661,success
d30905e7,junior_juan,feature/api,fix api module,pull_request,2,638,284,922,545,300,195,telemetry-dispatch,1,timeout,1,16,0,0,1,0,0,0,1,0,0,0,0,0,fix,api,0.4744,failure
fccd537f,maria_backend,feature/api,remove api module,push,8,370,283,653,461,198,242,security-and-build,3,docker,3,5,0,0,1,0,0,0,1,0,0,0,0,0,remove,api,0.6693,failure
e31a7399,maria_backend,feature/pagos,fix dependencies module,push,17,159,300,459,292,73,214,security-and-build,5,dependency,3,10,0,0,1,0,0,0,0,0,0,1,0,0,fix,dependencies,0.6424,failure
ea8ef9ea,carlos_dev,main,rollback dashboard module,push,9,32,124,156,344,66,213,quality-and-testing,4,database,7,12,1,0,0,1,0,0,0,1,0,0,0,0,rollback,dashboard,0.4821,failure
aa655547,carlos_dev,feature/dashboard,refactor docker module,push,18,310,161,471,247,54,182,security-and-build,4,docker,2,0,0,0,1,0,1,0,0,0,0,0,0,0,refactor,docker,0.4581,failure
a1f457c2,carlos_dev,feature/pagos,remove security module,push,13,528,186,714,529,309,153,none,0,none,5,7,0,0,1,0,0,0,0,0,0,0,0,0,remove,security,0.3448,success
1b6b5421,anndrew492,feature/api,add security module,push,4,140,83,223,263,183,23,none,0,none,7,21,1,0,1,0,0,0,0,0,0,0,0,0,add,security,0.1455,success
c07e16f5,maria_backend,feature/pagos,rollback auth module,pull_request,3,437,116,553,651,255,337,security-and-build,2,timeout,6,3,1,0,1,0,0,0,0,0,1,0,0,0,rollback,auth,0.5394,failure
5903ad04,junior_juan,hotfix/urgente,remove dashboard module,push,12,620,208,828,556,233,282,security-and-build,5,timeout,2,12,0,1,0,0,0,0,0,1,0,0,0,0,remove,dashboard,0.7199,failure
d5f89e99,carlos_dev,ci/cd-proyecto,fix login module,pull_request,18,442,76,518,428,111,248,none,0,none,4,1,0,0,0,0,0,0,0,0,1,0,0,0,fix,login,0.4068,success
e69fb8d4,junior_juan,ci/cd-proyecto,update database module,push,13,64,327,391,389,102,214,none,0,none,3,2,0,0,0,0,0,1,0,0,0,0,0,0,update,database,0.4456,success
c204dde2,anndrew492,feature/pagos,add database module,pull_request,16,63,57,120,378,268,92,none,0,none,6,8,1,0,1,0,0,1,0,0,0,0,0,0,add,database,0.4073,success
abbfd11e,junior_juan,release/v1,add security module,push,1,277,352,629,616,228,326,security-and-build,5,security,6,4,1,0,0,0,0,0,0,0,0,0,0,0,add,security,0.5256,failure
3a2e84a7,carlos_dev,hotfix/urgente,merge tests module,pull_request,15,367,189,556,399,157,195,none,0,none,1,15,0,1,0,0,0,0,0,0,0,0,0,0,merge,tests,0.4407,success
f46088cb,maria_backend,feature/dashboard,add docker module,push,18,263,306,569,457,80,313,security-and-build,5,docker,6,18,1,0,1,0,1,0,0,0,0,0,0,0,add,docker,0.5382,failure
a912cece,anndrew492,ci/cd-proyecto,refactor migration module,pull_request,16,117,318,435,395,184,146,none,0,none,4,1,0,0,0,0,0,0,0,0,0,0,0,1,refactor,migration,0.4426,success
39b3e4c9,junior_juan,ci/cd-proyecto,update dashboard module,push,6,642,278,920,353,174,131,security-and-build,4,dependency,2,2,0,0,0,0,0,0,0,1,0,0,0,0,update,dashboard,0.4788,failure
3fc0e15e,carlos_dev,feature/pagos,update api module,push,6,595,23,618,423,204,150,security-and-build,5,security,7,12,1,0,1,0,0,0,1,0,0,0,0,0,update,api,0.6552,failure
c92efd9e,anndrew492,feature/api,update docker module,pull_request,12,263,222,485,436,61,341,none,0,none,5,23,0,0,1,0,1,0,0,0,0,0,0,0,update,docker,0.3513,success
51c2214e,junior_juan,feature/api,merge environment module,pull_request,7,90,199,289,386,153,144,none,0,none,5,15,0,0,1,0,0,0,0,0,0,0,1,0,merge,environment,0.0926,success
7479c5d9,maria_backend,release/v1,rollback migration module,push,3,412,82,494,398,255,108,quality-and-testing,2,database,3,12,0,0,0,0,0,0,0,0,0,0,0,1,rollback,migration,0.6114,failure
7159c8a9,carlos_dev,feature/api,remove dependencies module,pull_request,18,167,242,409,486,106,320,security-and-build,3,dependency,1,5,0,0,1,0,0,0,0,0,0,1,0,0,remove,dependencies,0.4985,failure
2cd9a253,maria_backend,feature/api,remove dependencies module,push,11,536,137,673,565,127,408,security-and-build,4,dependency,1,6,0,0,1,0,0,0,0,0,0,1,0,0,remove,dependencies,0.7941,failure
eccbaf62,anndrew492,feature/api,remove auth module,push,6,390,227,617,433,161,185,quality-and-testing,1,database,4,19,0,0,1,0,0,0,0,0,1,0,0,0,remove,auth,0.6855,failure
a5ebdecb,maria_backend,ci/cd-proyecto,remove database module,pull_request,14,428,231,659,545,315,169,quality-and-testing,4,database,5,16,0,0,0,0,0,1,0,0,0,0,0,0,remove,database,0.7731,failure
668f725f,carlos_dev,feature/api,add database module,pull_request,18,155,311,466,465,279,160,none,0,none,3,23,0,0,1,0,0,1,0,0,0,0,0,0,add,database,0.3510,success
d7d4f829,junior_juan,feature/pagos,update billing module,pull_request,5,579,159,738,639,292,329,none,0,none,7,14,1,0,1,0,0,0,0,0,0,0,0,0,update,billing,0.1000,success
ac20243a,maria_backend,ci/cd-proyecto,refactor security module,push,3,153,217,370,175,52,109,none,0,none,1,5,0,0,0,0,0,0,0,0,0,0,0,0,refactor,security,0.2751,success
65af163c,maria_backend,feature/dashboard,remove migration module,push,22,158,159,317,399,180,206,quality-and-testing,5,database,1,6,0,0,1,0,0,0,0,0,0,0,0,1,remove,migration,0.6577,failure
43578315,anndrew492,feature/api,update tests module,pull_request,3,261,59,320,362,62,226,none,0,none,3,3,0,0,1,0,0,0,0,0,0,0,0,0,update,tests,0.0782,success
9ecfc570,carlos_dev,feature/api,fix auth module,push,5,376,267,643,445,221,157,quality-and-testing,1,database,3,6,0,0,1,0,0,0,0,0,1,0,0,0,fix,auth,0.5601,failure
7ed66546,maria_backend,release/v1,merge dependencies module,pull_request,14,355,19,374,489,183,253,security-and-build,2,dependency,1,2,0,0,0,0,0,0,0,0,0,1,0,0,merge,dependencies,0.4560,failure
6dd81b1b,anndrew492,hotfix/urgente,refactor environment module,push,22,472,284,756,475,290,171,security-and-build,2,dependency,7,18,1,1,0,0,0,0,0,0,0,0,1,0,refactor,environment,0.9200,failure
13264200,carlos_dev,main,add login module,push,14,483,328,811,208,86,63,security-and-build,2,docker,7,12,1,0,0,1,0,0,0,0,1,0,0,0,add,login,0.9200,failure
145308d5,carlos_dev,feature/dashboard,remove login module,push,3,58,62,120,151,65,58,none,0,none,4,22,0,0,1,0,0,0,0,0,1,0,0,0,remove,login,0.4338,success
d21d29aa,anndrew492,release/v1,add dependencies module,pull_request,21,150,252,402,354,22,262,none,0,none,5,12,0,0,0,0,0,0,0,0,0,1,0,0,add,dependencies,0.4144,success
d5f5b227,junior_juan,ci/cd-proyecto,refactor api module,push,18,579,230,809,256,79,153,quality-and-testing,4,syntax,3,15,0,0,0,0,0,0,1,0,0,0,0,0,refactor,api,0.8164,failure
d4816da6,carlos_dev,hotfix/urgente,update dependencies module,push,19,631,130,761,331,148,161,security-and-build,1,dependency,4,1,0,1,0,0,0,0,0,0,0,1,0,0,update,dependencies,0.9200,failure
5199f4a1,junior_juan,feature/dashboard,add docker module,pull_request,1,7,302,309,421,185,207,none,0,none,4,17,0,0,1,0,1,0,0,0,0,0,0,0,add,docker,0.2597,success
c27f9c8e,junior_juan,feature/pagos,rollback dependencies module,push,8,560,13,573,456,131,283,security-and-build,4,dependency,6,19,1,0,1,0,0,0,0,0,0,1,0,0,rollback,dependencies,0.6858,failure
614085e5,carlos_dev,hotfix/urgente,fix dashboard module,pull_request,10,434,169,603,595,279,230,security-and-build,3,timeout,4,12,0,1,0,0,0,0,0,1,0,0,0,0,fix,dashboard,0.6062,failure
89af4055,anndrew492,feature/api,update dependencies module,pull_request,21,92,222,314,327,57,182,none,0,none,7,18,1,0,1,0,0,0,0,0,0,1,0,0,update,dependencies,0.3873,success
fcdd4c28,junior_juan,feature/dashboard,remove billing module,push,12,526,147,673,383,147,210,none,0,none,3,15,0,0,1,0,0,0,0,0,0,0,0,0,remove,billing,0.3251,success
1d0e14d0,carlos_dev,main,add login module,pull_request,1,324,89,413,288,28,185,none,0,none,2,6,0,0,0,1,0,0,0,0,1,0,0,0,add,login,0.3404,success
9daab0f8,anndrew492,main,rollback database module,pull_request,16,343,39,382,525,225,257,quality-and-testing,2,database,6,14,1,0,0,1,0,1,0,0,0,0,0,0,rollback,database,0.6259,failure
61489fc3,carlos_dev,feature/dashboard,rollback auth module,push,10,416,281,697,351,232,65,security-and-build,3,security,2,16,0,0,1,0,0,0,0,0,1,0,0,0,rollback,auth,0.6823,failure
5be7754e,anndrew492,feature/api,rollback login module,push,4,221,295,516,527,247,201,telemetry-dispatch,2,timeout,5,23,0,0,1,0,0,0,0,0,1,0,0,0,rollback,login,0.4910,failure
d37fb5d3,junior_juan,feature/pagos,merge api module,pull_request,7,492,212,704,359,213,128,none,0,none,2,3,0,0,1,0,0,0,1,0,0,0,0,0,merge,api,0.3914,success
0046ed11,junior_juan,hotfix/urgente,update docker module,pull_request,7,122,64,186,317,124,159,security-and-build,5,docker,6,21,1,1,0,0,1,0,0,0,0,0,0,0,update,docker,0.5263,failure
8a3dd0b2,anndrew492,feature/dashboard,refactor billing module,pull_request,18,242,228,470,370,154,163,none,0,none,4,16,0,0,1,0,0,0,0,0,0,0,0,0,refactor,billing,0.0440,success
43d42593,anndrew492,main,fix login module,push,6,70,143,213,306,140,151,security-and-build,3,security,2,19,0,0,0,1,0,0,0,0,1,0,0,0,fix,login,0.5168,failure
be9958ee,anndrew492,feature/api,add migration module,pull_request,23,118,185,303,446,320,88,quality-and-testing,5,database,6,17,1,0,1,0,0,0,0,0,0,0,0,1,add,migration,0.5105,failure
18d601cb,junior_juan,feature/dashboard,add dashboard module,pull_request,7,227,285,512,525,281,211,none,0,none,6,4,1,0,1,0,0,0,0,1,0,0,0,0,add,dashboard,0.0389,success
be3f8030,junior_juan,release/v1,fix environment module,push,9,260,262,522,405,203,163,none,0,none,2,10,0,0,0,0,0,0,0,0,0,0,1,0,fix,environment,0.4142,success
e61f4281,anndrew492,ci/cd-proyecto,refactor dashboard module,pull_request,19,302,145,447,287,89,179,none,0,none,7,17,1,0,0,0,0,0,0,1,0,0,0,0,refactor,dashboard,0.1368,success
29383ae2,maria_backend,ci/cd-proyecto,update dependencies module,pull_request,8,363,270,633,514,277,205,security-and-build,5,dependency,2,10,0,0,0,0,0,0,0,0,0,1,0,0,update,dependencies,0.5286,failure
f26d227a,junior_juan,feature/dashboard,rollback docker module,pull_request,10,208,297,505,615,266,332,security-and-build,3,docker,7,6,1,0,1,0,1,0,0,0,0,0,0,0,rollback,docker,0.4554,failure
561fbb1a,maria_backend,feature/pagos,add login module,push,11,518,115,633,496,172,257,security-and-build,4,security,7,14,1,0,1,0,0,0,0,0,1,0,0,0,add,login,0.6496,failure
e593dc83,maria_backend,feature/pagos,fix dependencies module,pull_request,20,473,6,479,431,187,232,security-and-build,2,dependency,4,22,0,0,1,0,0,0,0,0,0,1,0,0,fix,dependencies,0.4996,failure
60b0c5a6,maria_backend,hotfix/urgente,fix tests module,pull_request,21,353,223,576,509,218,261,quality-and-testing,3,test,7,23,1,1,0,0,0,0,0,0,0,0,0,0,fix,tests,0.8186,failure
89a40419,junior_juan,feature/pagos,rollback environment module,pull_request,6,77,112,189,200,40,129,telemetry-dispatch,4,timeout,7,13,1,0,1,0,0,0,0,0,0,0,1,0,rollback,environment,0.4639,failure
f10ed430,anndrew492,ci/cd-proyecto,update auth module,push,2,609,205,814,572,185,314,quality-and-testing,4,timeout,5,2,0,0,0,0,0,0,0,0,1,0,0,0,update,auth,0.6784,failure
36323a28,carlos_dev,main,update login module,push,2,80,260,340,223,129,56,security-and-build,2,dependency,6,14,1,0,0,1,0,0,0,0,1,0,0,0,update,login,0.7112,failure
dcc5fae8,carlos_dev,ci/cd-proyecto,update auth module,push,4,367,247,614,503,252,213,quality-and-testing,4,database,3,18,0,0,0,0,0,0,0,0,1,0,0,0,update,auth,0.5939,failure
0fa52fca,carlos_dev,hotfix/urgente,refactor docker module,pull_request,3,532,230,762,510,106,362,security-and-build,4,docker,4,18,0,1,0,0,1,0,0,0,0,0,0,0,refactor,docker,0.8797,failure
99e1f895,junior_juan,main,refactor api module,push,10,462,68,530,335,111,201,security-and-build,2,security,7,7,1,0,0,1,0,0,1,0,0,0,0,0,refactor,api,0.7845,failure
61802bef,maria_backend,feature/pagos,update docker module,pull_request,15,577,82,659,468,201,222,security-and-build,4,docker,6,14,1,0,1,0,1,0,0,0,0,0,0,0,update,docker,0.7110,failure
70484d10,maria_backend,feature/api,rollback dashboard module,pull_request,13,203,44,247,406,203,194,none,0,none,5,18,0,0,1,0,0,0,0,1,0,0,0,0,rollback,dashboard,0.0477,success
c7fe73ac,junior_juan,feature/api,rollback login module,pull_request,5,210,181,391,272,24,190,quality-and-testing,5,test,3,22,0,0,1,0,0,0,0,0,1,0,0,0,rollback,login,0.4793,failure
0caec176,maria_backend,hotfix/urgente,refactor login module,pull_request,19,350,97,447,283,60,175,quality-and-testing,2,database,4,10,0,1,0,0,0,0,0,0,1,0,0,0,refactor,login,0.6541,failure
82ba2a93,maria_backend,feature/dashboard,fix frontend module,push,15,144,194,338,322,66,204,none,0,none,5,14,0,0,1,0,0,0,0,1,0,0,0,0,fix,frontend,0.1969,success
42298398,carlos_dev,hotfix/urgente,add database module,pull_request,17,647,281,928,365,213,122,quality-and-testing,4,database,7,21,1,1,0,0,0,1,0,0,0,0,0,0,add,database,0.9200,failure
528e3f24,junior_juan,feature/api,add security module,pull_request,9,298,164,462,232,92,51,none,0,none,3,20,0,0,1,0,0,0,0,0,0,0,0,0,add,security,0.0300,success
68be54f0,maria_backend,ci/cd-proyecto,update docker module,push,17,499,87,586,581,247,313,security-and-build,5,docker,1,10,0,0,0,0,1,0,0,0,0,0,0,0,update,docker,0.5969,failure
e35fdfb2,junior_juan,main,update billing module,pull_request,17,170,333,503,350,106,157,none,0,none,4,6,0,0,0,1,0,0,0,0,0,0,0,0,update,billing,0.1671,success
d9c21ea4,anndrew492,feature/dashboard,merge dependencies module,pull_request,8,420,255,675,403,80,314,security-and-build,5,dependency,7,19,1,0,1,0,0,0,0,0,0,1,0,0,merge,dependencies,0.6616,failure
823efd71,maria_backend,feature/dashboard,update auth module,push,8,368,350,718,514,149,287,quality-and-testing,4,runtime,6,20,1,0,1,0,0,0,0,0,1,0,0,0,update,auth,0.7086,failure
6cdae26e,anndrew492,ci/cd-proyecto,fix environment module,pull_request,11,306,299,605,353,133,176,quality-and-testing,2,syntax,1,0,0,0,0,0,0,0,0,0,0,0,1,0,fix,environment,0.6686,failure
8f6564c3,carlos_dev,ci/cd-proyecto,add frontend module,push,3,134,188,322,487,179,258,none,0,none,6,2,1,0,0,0,0,0,0,1,0,0,0,0,add,frontend,0.3770,success
42f86f42,carlos_dev,release/v1,remove database module,push,10,125,127,252,332,105,192,quality-and-testing,4,database,7,23,1,0,0,0,0,1,0,0,0,0,0,0,remove,database,0.6366,failure
35b063f0,junior_juan,feature/dashboard,update login module,pull_request,6,175,98,273,299,103,146,none,0,none,2,14,0,0,1,0,0,0,0,0,1,0,0,0,update,login,0.1682,success
efd5eb31,maria_backend,feature/dashboard,update billing module,pull_request,7,612,357,969,554,192,322,none,0,none,5,7,0,0,1,0,0,0,0,0,0,0,0,0,update,billing,0.1343,success
c3217832,maria_backend,feature/pagos,merge docker module,pull_request,15,117,176,293,459,212,198,none,0,none,4,21,0,0,1,0,1,0,0,0,0,0,0,0,merge,docker,0.2970,success
c47439d1,junior_juan,feature/dashboard,update dependencies module,pull_request,2,559,84,643,496,72,344,security-and-build,5,dependency,2,14,0,0,1,0,0,0,0,0,0,1,0,0,update,dependencies,0.4989,failure
11ba7a2d,junior_juan,feature/pagos,remove tests module,push,5,269,188,457,339,112,144,none,0,none,5,23,0,0,1,0,0,0,0,0,0,0,0,0,remove,tests,0.1251,success
6a8be57e,anndrew492,feature/pagos,refactor docker module,pull_request,2,85,341,426,401,116,253,none,0,none,6,7,1,0,1,0,1,0,0,0,0,0,0,0,refactor,docker,0.3500,success
7ae75e03,maria_backend,feature/dashboard,refactor tests module,pull_request,13,54,95,149,333,103,155,none,0,none,3,1,0,0,1,0,0,0,0,0,0,0,0,0,refactor,tests,0.0300,success
bba47d57,junior_juan,release/v1,add dependencies module,pull_request,17,324,261,585,565,149,383,security-and-build,1,dependency,7,13,1,0,0,0,0,0,0,0,0,1,0,0,add,dependencies,0.4538,failure
ff7cc87c,carlos_dev,feature/dashboard,update migration module,pull_request,12,372,194,566,491,248,205,none,0,none,5,14,0,0,1,0,0,0,0,0,0,0,0,1,update,migration,0.3855,success
a2ccd5cc,junior_juan,feature/pagos,remove tests module,pull_request,11,515,47,562,539,249,205,none,0,none,7,20,1,0,1,0,0,0,0,0,0,0,0,0,remove,tests,0.2560,success
370070d5,junior_juan,release/v1,remove login module,pull_request,2,617,141,758,333,162,151,security-and-build,2,dependency,1,2,0,0,0,0,0,0,0,0,1,0,0,0,remove,login,0.5502,failure
aefe5c76,anndrew492,ci/cd-proyecto,add frontend module,pull_request,21,460,1,461,344,199,137,none,0,none,1,14,0,0,0,0,0,0,0,1,0,0,0,0,add,frontend,0.0300,success
9c97060a,maria_backend,hotfix/urgente,refactor security module,pull_request,17,250,191,441,180,59,59,none,0,none,1,8,0,1,0,0,0,0,0,0,0,0,0,0,refactor,security,0.4484,success
ffc72d9b,carlos_dev,feature/dashboard,refactor billing module,pull_request,12,65,168,233,184,60,116,none,0,none,5,11,0,0,1,0,0,0,0,0,0,0,0,0,refactor,billing,0.0300,success
331c76a0,anndrew492,release/v1,remove migration module,pull_request,21,400,291,691,599,279,258,quality-and-testing,5,database,7,19,1,0,0,0,0,0,0,0,0,0,0,1,remove,migration,0.7909,failure
7168677b,junior_juan,feature/dashboard,fix tests module,push,2,258,174,432,369,48,260,none,0,none,1,0,0,0,1,0,0,0,0,0,0,0,0,0,fix,tests,0.2079,success
bf15b5fa,anndrew492,feature/api,refactor dependencies module,push,18,592,328,920,642,157,401,security-and-build,1,dependency,3,7,0,0,1,0,0,0,0,0,0,1,0,0,refactor,dependencies,0.9200,failure
dd8df827,maria_backend,feature/api,remove tests module,pull_request,2,65,32,97,381,157,176,none,0,none,3,3,0,0,1,0,0,0,0,0,0,0,0,0,remove,tests,0.0300,success
241c628d,carlos_dev,ci/cd-proyecto,add billing module,pull_request,2,70,281,351,332,183,133,none,0,none,4,1,0,0,0,0,0,0,0,0,0,0,0,0,add,billing,0.0827,success
49486361,carlos_dev,release/v1,merge security module,pull_request,12,582,78,660,606,299,286,none,0,none,4,19,0,0,0,0,0,0,0,0,0,0,0,0,merge,security,0.1463,success
ff8a7525,maria_backend,feature/dashboard,update dependencies module,push,13,127,54,181,438,204,162,security-and-build,3,dependency,7,9,1,0,1,0,0,0,0,0,0,1,0,0,update,dependencies,0.4925,failure
8d7f4277,junior_juan,feature/dashboard,update database module,push,13,111,319,430,461,317,101,none,0,none,4,20,0,0,1,0,0,1,0,0,0,0,0,0,update,database,0.4386,success
bdbba99e,junior_juan,main,add migration module,push,21,419,89,508,512,169,292,quality-and-testing,4,database,5,5,0,0,0,1,0,0,0,0,0,0,0,1,add,migration,0.7765,failure
99414753,junior_juan,hotfix/urgente,update dependencies module,pull_request,12,473,17,490,444,101,282,security-and-build,2,dependency,5,17,0,1,0,0,0,0,0,0,0,1,0,0,update,dependencies,0.6584,failure
7cade2b0,junior_juan,feature/pagos,add security module,push,4,545,44,589,310,169,81,none,0,none,1,2,0,0,1,0,0,0,0,0,0,0,0,0,add,security,0.1642,success
7fd74334,carlos_dev,feature/dashboard,fix docker module,push,10,441,0,441,364,107,226,security-and-build,3,docker,4,3,0,0,1,0,1,0,0,0,0,0,0,0,fix,docker,0.4516,failure
e0db0bc7,maria_backend,feature/pagos,fix frontend module,pull_request,16,38,101,139,301,114,144,none,0,none,4,1,0,0,1,0,0,0,0,1,0,0,0,0,fix,frontend,0.0300,success
ca0d4aaa,anndrew492,feature/api,merge security module,push,11,599,53,652,306,68,208,none,0,none,2,11,0,0,1,0,0,0,0,0,0,0,0,0,merge,security,0.3357,success
040c965d,junior_juan,feature/pagos,add security module,push,8,474,120,594,406,195,162,none,0,none,1,9,0,0,1,0,0,0,0,0,0,0,0,0,add,security,0.1477,success
5af95b29,maria_backend,main,update tests module,push,10,552,202,754,405,131,221,none,0,none,5,11,0,0,0,1,0,0,0,0,0,0,0,0,update,tests,0.4306,success
ba6e2dc9,anndrew492,hotfix/urgente,rollback frontend module,pull_request,16,187,218,405,192,96,67,quality-and-testing,3,runtime,6,12,1,1,0,0,0,0,0,1,0,0,0,0,rollback,frontend,0.7715,failure
426b8d45,anndrew492,hotfix/urgente,rollback tests module,pull_request,10,150,40,190,391,174,142,quality-and-testing,4,test,5,9,0,1,0,0,0,0,0,0,0,0,0,0,rollback,tests,0.4749,failure
bcce4e89,carlos_dev,main,remove auth module,push,1,588,278,866,495,115,314,quality-and-testing,4,test,4,12,0,0,0,1,0,0,0,0,1,0,0,0,remove,auth,0.9053,failure
950740d7,junior_juan,hotfix/urgente,refactor database module,pull_request,22,638,291,929,650,471,111,quality-and-testing,2,database,5,3,0,1,0,0,0,1,0,0,0,0,0,0,refactor,database,0.9200,failure
b00fbb33,carlos_dev,release/v1,add login module,push,16,612,267,879,432,153,268,quality-and-testing,3,test,1,4,0,0,0,0,0,0,0,0,1,0,0,0,add,login,0.8174,failure
42bb10cf,maria_backend,ci/cd-proyecto,rollback migration module,push,17,158,115,273,165,71,40,quality-and-testing,4,database,7,22,1,0,0,0,0,0,0,0,0,0,0,1,rollback,migration,0.7360,failure
7754450b,junior_juan,main,rollback api module,pull_request,13,187,219,406,166,51,55,security-and-build,4,dependency,1,9,0,0,0,1,0,0,1,0,0,0,0,0,rollback,api,0.4881,failure
37a82204,maria_backend,hotfix/urgente,fix auth module,push,11,355,14,369,236,48,141,security-and-build,2,security,2,2,0,1,0,0,0,0,0,0,1,0,0,0,fix,auth,0.8545,failure
05e4a68a,maria_backend,main,merge security module,push,11,394,106,500,168,106,56,none,0,none,7,18,1,0,0,1,0,0,0,0,0,0,0,0,merge,security,0.4481,success
d141efc6,carlos_dev,main,merge environment module,pull_request,7,641,137,778,596,293,229,quality-and-testing,4,timeout,4,20,0,0,0,1,0,0,0,0,0,0,1,0,merge,environment,0.5961,failure
2c7a07f1,junior_juan,main,remove api module,push,15,180,277,457,437,177,234,quality-and-testing,3,test,3,16,0,0,0,1,0,0,1,0,0,0,0,0,remove,api,0.7029,failure
a6d428b7,carlos_dev,hotfix/urgente,merge login module,pull_request,21,551,101,652,363,259,73,security-and-build,4,dependency,4,18,0,1,0,0,0,0,0,0,1,0,0,0,merge,login,0.9200,failure
677a3bdb,anndrew492,hotfix/urgente,refactor api module,pull_request,11,361,231,592,421,156,229,security-and-build,2,dependency,3,10,0,1,0,0,0,0,1,0,0,0,0,0,refactor,api,0.6178,failure
05bf7388,junior_juan,main,rollback api module,pull_request,15,115,170,285,403,106,225,quality-and-testing,5,database,5,10,0,0,0,1,0,0,1,0,0,0,0,0,rollback,api,0.5015,failure
2daaca9e,anndrew492,feature/api,rollback docker module,pull_request,16,522,328,850,494,158,302,security-and-build,4,docker,6,11,1,0,1,0,1,0,0,0,0,0,0,0,rollback,docker,0.8400,failure
20690210,anndrew492,feature/api,add environment module,push,15,566,202,768,444,131,253,quality-and-testing,2,timeout,7,9,1,0,1,0,0,0,0,0,0,0,1,0,add,environment,0.6826,failure
65139441,maria_backend,hotfix/urgente,merge dashboard module,push,7,102,336,438,255,168,55,quality-and-testing,4,timeout,6,18,1,1,0,0,0,0,0,1,0,0,0,0,merge,dashboard,0.4667,failure
0c452c95,carlos_dev,feature/dashboard,fix billing module,push,10,418,63,481,424,195,189,none,0,none,7,5,1,0,1,0,0,0,0,0,0,0,0,0,fix,billing,0.3868,success
89d1b9c1,carlos_dev,hotfix/urgente,remove dashboard module,push,15,345,174,519,528,176,304,security-and-build,1,timeout,2,13,0,1,0,0,0,0,0,1,0,0,0,0,remove,dashboard,0.6785,failure
6600a3c7,maria_backend,feature/dashboard,update api module,pull_request,14,552,200,752,370,106,237,security-and-build,5,docker,4,21,0,0,1,0,0,0,1,0,0,0,0,0,update,api,0.6508,failure
291bc58d,carlos_dev,release/v1,update docker module,pull_request,14,537,328,865,519,218,238,security-and-build,4,docker,1,7,0,0,0,0,1,0,0,0,0,0,0,0,update,docker,0.6435,failure
5acc962b,carlos_dev,feature/pagos,add security module,pull_request,18,616,35,651,568,215,265,none,0,none,4,5,0,0,1,0,0,0,0,0,0,0,0,0,add,security,0.2539,success
955591cd,anndrew492,feature/pagos,merge docker module,pull_request,1,527,345,872,507,239,195,security-and-build,3,docker,1,13,0,0,1,0,1,0,0,0,0,0,0,0,merge,docker,0.5026,failure
056f7d95,carlos_dev,hotfix/urgente,fix auth module,push,9,126,278,404,330,189,87,quality-and-testing,4,timeout,1,5,0,1,0,0,0,0,0,0,1,0,0,0,fix,auth,0.7923,failure
f15f7cc2,maria_backend,ci/cd-proyecto,remove environment module,pull_request,4,440,281,721,379,77,280,security-and-build,5,dependency,2,8,0,0,0,0,0,0,0,0,0,0,1,0,remove,environment,0.5069,failure
6643cd24,junior_juan,release/v1,rollback dependencies module,push,6,396,165,561,629,244,316,security-and-build,4,dependency,4,5,0,0,0,0,0,0,0,0,0,1,0,0,rollback,dependencies,0.6597,failure
2d507174,carlos_dev,hotfix/urgente,merge tests module,push,21,300,248,548,659,342,227,quality-and-testing,3,timeout,5,10,0,1,0,0,0,0,0,0,0,0,0,0,merge,tests,0.5795,failure
4081de17,carlos_dev,hotfix/urgente,rollback login module,push,16,418,323,741,344,174,137,quality-and-testing,5,syntax,3,11,0,1,0,0,0,0,0,0,1,0,0,0,rollback,login,0.9200,failure
4b62084d,maria_backend,feature/pagos,update api module,push,5,547,278,825,602,219,320,security-and-build,3,timeout,7,6,1,0,1,0,0,0,1,0,0,0,0,0,update,api,0.5113,failure
7428aaff,junior_juan,main,add docker module,push,3,390,198,588,479,72,330,security-and-build,2,docker,1,3,0,0,0,1,1,0,0,0,0,0,0,0,add,docker,0.6251,failure
0927826c,junior_juan,main,fix migration module,push,9,242,273,515,538,337,175,quality-and-testing,2,database,5,19,0,0,0,1,0,0,0,0,0,0,0,1,fix,migration,0.7593,failure
9104e5d8,maria_backend,ci/cd-proyecto,fix login module,push,15,302,98,400,367,115,177,security-and-build,4,docker,1,14,0,0,0,0,0,0,0,0,1,0,0,0,fix,login,0.4580,failure
72719bd4,maria_backend,release/v1,merge database module,pull_request,13,365,285,650,530,251,209,quality-and-testing,4,database,7,2,1,0,0,0,0,1,0,0,0,0,0,0,merge,database,0.6926,failure
13df95e1,anndrew492,release/v1,merge api module,pull_request,11,42,191,233,311,175,79,none,0,none,5,15,0,0,0,0,0,0,1,0,0,0,0,0,merge,api,0.2399,success
808f5fc2,anndrew492,main,remove api module,push,3,106,342,448,354,23,246,security-and-build,5,dependency,6,8,1,0,0,1,0,0,1,0,0,0,0,0,remove,api,0.6327,failure
63a3f9e1,junior_juan,feature/pagos,remove security module,push,6,313,137,450,277,220,39,none,0,none,6,17,1,0,1,0,0,0,0,0,0,0,0,0,remove,security,0.1650,success
b82658b6,junior_juan,feature/api,merge migration module,pull_request,4,353,83,436,566,262,254,none,0,none,7,3,1,0,1,0,0,0,0,0,0,0,0,1,merge,migration,0.3576,success
c63e1c3b,anndrew492,ci/cd-proyecto,merge tests module,pull_request,15,547,150,697,493,156,305,none,0,none,1,5,0,0,0,0,0,0,0,0,0,0,0,0,merge,tests,0.2900,success
b2778b98,junior_juan,feature/pagos,rollback login module,push,2,310,318,628,384,264,83,quality-and-testing,3,test,1,9,0,0,1,0,0,0,0,0,1,0,0,0,rollback,login,0.6320,failure
30695688,anndrew492,ci/cd-proyecto,refactor auth module,pull_request,3,17,332,349,473,215,225,none,0,none,6,9,1,0,0,0,0,0,0,0,1,0,0,0,refactor,auth,0.3013,success
1fe0393b,anndrew492,hotfix/urgente,rollback dependencies module,pull_request,16,457,113,570,586,240,285,security-and-build,3,dependency,6,15,1,1,0,0,0,0,0,0,0,1,0,0,rollback,dependencies,0.9200,failure
9e917d62,junior_juan,feature/dashboard,refactor environment module,pull_request,11,409,350,759,516,182,301,quality-and-testing,4,test,4,10,0,0,1,0,0,0,0,0,0,0,1,0,refactor,environment,0.6305,failure
f437faea,anndrew492,feature/pagos,add database module,push,16,381,272,653,451,144,223,quality-and-testing,3,database,3,3,0,0,1,0,0,1,0,0,0,0,0,0,add,database,0.7734,failure
f5028f3f,maria_backend,hotfix/urgente,add login module,pull_request,20,7,105,112,465,154,236,quality-and-testing,3,syntax,7,0,1,1,0,0,0,0,0,0,1,0,0,0,add,login,0.7361,failure
f6ce7bef,maria_backend,release/v1,refactor database module,pull_request,21,280,79,359,537,299,178,quality-and-testing,3,database,7,3,1,0,0,0,0,1,0,0,0,0,0,0,refactor,database,0.6187,failure
f453cbef,anndrew492,main,remove environment module,push,10,68,198,266,388,186,121,quality-and-testing,5,test,7,4,1,0,0,1,0,0,0,0,0,0,1,0,remove,environment,0.7962,failure
59a964b6,carlos_dev,ci/cd-proyecto,refactor frontend module,pull_request,10,523,54,577,508,233,208,none,0,none,1,15,0,0,0,0,0,0,0,1,0,0,0,0,refactor,frontend,0.0997,success
e7045295,maria_backend,release/v1,merge tests module,push,15,648,275,923,573,274,255,security-and-build,2,timeout,5,6,0,0,0,0,0,0,0,0,0,0,0,0,merge,tests,0.5363,failure
dcc30ec4,junior_juan,main,merge security module,pull_request,2,9,13,22,238,32,189,none,0,none,3,19,0,0,0,1,0,0,0,0,0,0,0,0,merge,security,0.0300,success
f4a18d9e,anndrew492,feature/pagos,merge environment module,pull_request,15,268,265,533,441,238,185,security-and-build,1,timeout,3,20,0,0,1,0,0,0,0,0,0,0,1,0,merge,environment,0.4662,failure
5d4418ea,junior_juan,feature/api,fix database module,push,18,195,232,427,249,210,26,quality-and-testing,4,database,5,12,0,0,1,0,0,1,0,0,0,0,0,0,fix,database,0.5454,failure
1a516567,anndrew492,main,rollback environment module,pull_request,15,467,209,676,374,208,136,security-and-build,4,dependency,1,12,0,0,0,1,0,0,0,0,0,0,1,0,rollback,environment,0.7412,failure
973e59a0,junior_juan,hotfix/urgente,remove dashboard module,push,22,352,133,485,347,192,132,security-and-build,1,dependency,7,8,1,1,0,0,0,0,0,1,0,0,0,0,remove,dashboard,0.6135,failure
3ffb0765,junior_juan,feature/dashboard,update docker module,pull_request,10,631,148,779,728,253,389,security-and-build,3,docker,2,5,0,0,1,0,1,0,0,0,0,0,0,0,update,docker,0.5243,failure
c2af3ad4,anndrew492,release/v1,rollback dashboard module,pull_request,18,32,119,151,193,74,56,none,0,none,7,9,1,0,0,0,0,0,0,1,0,0,0,0,rollback,dashboard,0.3249,success
0d2063e0,junior_juan,feature/pagos,update auth module,push,11,116,169,285,260,132,43,quality-and-testing,1,runtime,7,0,1,0,1,0,0,0,0,0,1,0,0,0,update,auth,0.4713,failure
cf3bde01,junior_juan,feature/api,update billing module,pull_request,1,315,324,639,542,252,272,none,0,none,4,5,0,0,1,0,0,0,0,0,0,0,0,0,update,billing,0.0742,success
a4f0d0cd,anndrew492,ci/cd-proyecto,rollback migration module,push,2,308,158,466,454,202,167,quality-and-testing,4,database,7,13,1,0,0,0,0,0,0,0,0,0,0,1,rollback,migration,0.6189,failure
952e0dfd,anndrew492,hotfix/urgente,merge database module,pull_request,20,78,220,298,548,297,166,quality-and-testing,5,database,5,12,0,1,0,0,0,1,0,0,0,0,0,0,merge,database,0.5444,failure
22680027,anndrew492,feature/api,add environment module,pull_request,9,532,271,803,438,292,137,security-and-build,2,dependency,2,14,0,0,1,0,0,0,0,0,0,0,1,0,add,environment,0.5841,failure
3f267910,anndrew492,feature/api,refactor api module,pull_request,9,176,54,230,525,200,258,none,0,none,3,23,0,0,1,0,0,0,1,0,0,0,0,0,refactor,api,0.1790,success
f65a35d6,carlos_dev,feature/api,add migration module,push,17,566,24,590,507,187,248,quality-and-testing,3,database,5,21,0,0,1,0,0,0,0,0,0,0,0,1,add,migration,0.5573,failure
8fb5d28d,maria_backend,release/v1,remove docker module,pull_request,18,574,350,924,598,136,425,security-and-build,2,docker,3,4,0,0,0,0,1,0,0,0,0,0,0,0,remove,docker,0.8628,failure
21543ab1,junior_juan,release/v1,update api module,push,1,153,202,355,225,17,185,none,0,none,1,13,0,0,0,0,0,0,1,0,0,0,0,0,update,api,0.2642,success
d10832ff,carlos_dev,main,merge database module,push,3,281,215,496,271,152,51,quality-and-testing,5,database,3,12,0,0,0,1,0,1,0,0,0,0,0,0,merge,database,0.6225,failure
2ca90fb9,maria_backend,hotfix/urgente,rollback dashboard module,pull_request,24,115,140,255,472,181,252,security-and-build,5,security,6,15,1,1,0,0,0,0,0,1,0,0,0,0,rollback,dashboard,0.4882,failure
55ef3750,junior_juan,feature/dashboard,add dependencies module,push,13,551,352,903,746,285,398,security-and-build,4,dependency,3,12,0,0,1,0,0,0,0,0,0,1,0,0,add,dependencies,0.8593,failure
523bfe56,anndrew492,feature/pagos,rollback docker module,push,18,128,297,425,410,66,329,security-and-build,2,docker,6,12,1,0,1,0,1,0,0,0,0,0,0,0,rollback,docker,0.6453,failure
ed0385d5,maria_backend,feature/pagos,remove frontend module,push,3,236,54,290,119,26,28,none,0,none,4,12,0,0,1,0,0,0,0,1,0,0,0,0,remove,frontend,0.1676,success
e2f928bb,carlos_dev,main,update docker module,pull_request,3,303,157,460,500,170,260,none,0,none,5,18,0,0,0,1,1,0,0,0,0,0,0,0,update,docker,0.2350,success
7001a6ff,carlos_dev,feature/dashboard,fix tests module,push,13,236,59,295,264,85,135,none,0,none,1,3,0,0,1,0,0,0,0,0,0,0,0,0,fix,tests,0.1147,success
88293a35,carlos_dev,hotfix/urgente,refactor database module,pull_request,24,248,127,375,341,154,149,quality-and-testing,2,database,5,19,0,1,0,0,0,1,0,0,0,0,0,0,refactor,database,0.7126,failure
025d89f4,junior_juan,feature/dashboard,refactor dashboard module,push,11,163,82,245,275,183,69,none,0,none,2,21,0,0,1,0,0,0,0,1,0,0,0,0,refactor,dashboard,0.0300,success
10f6ad35,junior_juan,hotfix/urgente,update billing module,pull_request,7,596,46,642,529,221,272,security-and-build,5,timeout,5,23,0,1,0,0,0,0,0,0,0,0,0,0,update,billing,0.4571,failure
624b6ee1,maria_backend,release/v1,merge migration module,pull_request,8,628,153,781,680,351,269,quality-and-testing,5,database,5,14,0,0,0,0,0,0,0,0,0,0,0,1,merge,migration,0.6461,failure
df126b5b,anndrew492,release/v1,merge login module,push,4,452,328,780,584,264,270,security-and-build,4,timeout,7,8,1,0,0,0,0,0,0,0,1,0,0,0,merge,login,0.5823,failure
fafa8c8f,carlos_dev,hotfix/urgente,merge dashboard module,pull_request,16,550,348,898,621,333,233,quality-and-testing,1,timeout,4,21,0,1,0,0,0,0,0,1,0,0,0,0,merge,dashboard,0.6776,failure
8a44255f,maria_backend,main,merge docker module,push,7,364,202,566,363,133,217,security-and-build,5,docker,1,13,0,0,0,1,1,0,0,0,0,0,0,0,merge,docker,0.7387,failure
bcc8f998,carlos_dev,release/v1,remove auth module,pull_request,7,647,121,768,405,262,127,telemetry-dispatch,2,timeout,3,16,0,0,0,0,0,0,0,0,1,0,0,0,remove,auth,0.5532,failure
9eb44b50,carlos_dev,feature/pagos,merge billing module,pull_request,14,182,290,472,307,137,159,none,0,none,3,15,0,0,1,0,0,0,0,0,0,0,0,0,merge,billing,0.0300,success
224866a5,junior_juan,main,add environment module,push,1,86,234,320,402,59,260,telemetry-dispatch,3,env,4,8,0,0,0,1,0,0,0,0,0,0,1,0,add,environment,0.5745,failure
2c0cef57,carlos_dev,feature/pagos,refactor docker module,pull_request,9,199,5,204,636,203,354,none,0,none,3,14,0,0,1,0,1,0,0,0,0,0,0,0,refactor,docker,0.1407,success
29d2da4f,junior_juan,ci/cd-proyecto,update auth module,pull_request,13,616,233,849,326,176,129,security-and-build,3,env,1,4,0,0,0,0,0,0,0,0,1,0,0,0,update,auth,0.5224,failure
26330a47,junior_juan,feature/api,merge api module,push,11,94,89,183,367,99,246,none,0,none,3,17,0,0,1,0,0,0,1,0,0,0,0,0,merge,api,0.3660,success
f67ee3f3,carlos_dev,main,rollback security module,pull_request,7,315,166,481,282,148,64,none,0,none,7,16,1,0,0,1,0,0,0,0,0,0,0,0,rollback,security,0.1418,success
13b33f87,anndrew492,hotfix/urgente,add api module,pull_request,17,636,245,881,548,259,216,telemetry-dispatch,5,timeout,4,14,0,1,0,0,0,0,1,0,0,0,0,0,add,api,0.9200,failure
9ca8e6f2,maria_backend,hotfix/urgente,remove migration module,pull_request,11,616,98,714,541,372,137,quality-and-testing,5,database,4,1,0,1,0,0,0,0,0,0,0,0,0,1,remove,migration,0.9200,failure
53b303b9,carlos_dev,feature/pagos,add billing module,push,6,481,252,733,313,122,159,none,0,none,5,8,0,0,1,0,0,0,0,0,0,0,0,0,add,billing,0.2500,success
4a4d030a,maria_backend,main,remove docker module,pull_request,6,355,23,378,390,26,310,security-and-build,2,docker,6,4,1,0,0,1,1,0,0,0,0,0,0,0,remove,docker,0.5419,failure
9406e71b,carlos_dev,release/v1,update environment module,pull_request,7,153,235,388,254,54,114,none,0,none,3,1,0,0,0,0,0,0,0,0,0,0,1,0,update,environment,0.3806,success
5ae5b909,junior_juan,ci/cd-proyecto,refactor billing module,pull_request,4,478,28,506,577,172,326,none,0,none,7,5,1,0,0,0,0,0,0,0,0,0,0,0,refactor,billing,0.2045,success
fb100a6b,anndrew492,hotfix/urgente,remove security module,push,16,593,142,735,537,231,239,security-and-build,5,security,5,22,0,1,0,0,0,0,0,0,0,0,0,0,remove,security,0.6821,failure
86a34a4e,carlos_dev,feature/dashboard,refactor dependencies module,push,8,227,241,468,244,59,165,security-and-build,1,dependency,6,5,1,0,1,0,0,0,0,0,0,1,0,0,refactor,dependencies,0.6194,failure
6740ba35,junior_juan,release/v1,remove login module,push,14,169,259,428,286,58,211,security-and-build,5,security,7,20,1,0,0,0,0,0,0,0,1,0,0,0,remove,login,0.7552,failure
e00bde03,anndrew492,hotfix/urgente,remove environment module,push,6,611,265,876,268,76,181,security-and-build,5,security,6,23,1,1,0,0,0,0,0,0,0,0,1,0,remove,environment,0.9200,failure
fa7f6cfa,carlos_dev,feature/api,add api module,pull_request,7,420,331,751,558,250,289,telemetry-dispatch,2,timeout,4,8,0,0,1,0,0,0,1,0,0,0,0,0,add,api,0.4526,failure
64cdb8fd,maria_backend,feature/pagos,update environment module,push,6,194,181,375,247,67,113,none,0,none,5,10,0,0,1,0,0,0,0,0,0,0,1,0,update,environment,0.3705,success
76bf71d0,anndrew492,ci/cd-proyecto,merge dependencies module,push,4,636,70,706,626,200,390,security-and-build,4,dependency,6,15,1,0,0,0,0,0,0,0,0,1,0,0,merge,dependencies,0.8426,failure
f4dac1cd,maria_backend,ci/cd-proyecto,add database module,push,9,262,99,361,334,175,101,none,0,none,2,3,0,0,0,0,0,1,0,0,0,0,0,0,add,database,0.4412,success
ee8b06d9,carlos_dev,hotfix/urgente,remove dashboard module,pull_request,21,630,239,869,528,270,171,telemetry-dispatch,1,timeout,3,16,0,1,0,0,0,0,0,1,0,0,0,0,remove,dashboard,0.5499,failure
8abbdd21,carlos_dev,feature/api,fix frontend module,push,6,42,241,283,308,84,145,none,0,none,1,9,0,0,1,0,0,0,0,1,0,0,0,0,fix,frontend,0.0300,success
7b9d823f,junior_juan,main,update auth module,push,2,456,351,807,646,236,327,quality-and-testing,1,timeout,5,15,0,0,0,1,0,0,0,0,1,0,0,0,update,auth,0.7810,failure
19ef0fd1,junior_juan,feature/api,remove tests module,push,8,543,56,599,362,234,62,none,0,none,6,18,1,0,1,0,0,0,0,0,0,0,0,0,remove,tests,0.2531,success
15882aef,maria_backend,ci/cd-proyecto,fix docker module,push,17,213,190,403,392,38,305,security-and-build,5,docker,1,7,0,0,0,0,1,0,0,0,0,0,0,0,fix,docker,0.6181,failure
0a345a0c,junior_juan,release/v1,add billing module,pull_request,4,475,132,607,588,221,292,none,0,none,2,8,0,0,0,0,0,0,0,0,0,0,0,0,add,billing,0.0738,success
41b954bc,maria_backend,feature/pagos,rollback environment module,push,14,326,168,494,175,28,141,quality-and-testing,4,runtime,3,15,0,0,1,0,0,0,0,0,0,0,1,0,rollback,environment,0.5533,failure
3a62cae3,maria_backend,release/v1,merge docker module,pull_request,17,19,247,266,459,164,279,none,0,none,3,1,0,0,0,0,1,0,0,0,0,0,0,0,merge,docker,0.4164,success
9b06dfc1,carlos_dev,release/v1,merge dependencies module,pull_request,9,335,345,680,547,225,251,security-and-build,5,dependency,7,2,1,0,0,0,0,0,0,0,0,1,0,0,merge,dependencies,0.8084,failure
aaa16e17,carlos_dev,main,fix migration module,push,8,131,215,346,368,204,151,quality-and-testing,1,database,6,12,1,0,0,1,0,0,0,0,0,0,0,1,fix,migration,0.8328,failure
40e058e2,junior_juan,feature/dashboard,refactor dependencies module,pull_request,13,299,55,354,440,210,225,none,0,none,5,16,0,0,1,0,0,0,0,0,0,1,0,0,refactor,dependencies,0.2414,success
034863d2,junior_juan,hotfix/urgente,remove dashboard module,pull_request,7,567,72,639,231,135,90,quality-and-testing,5,syntax,6,22,1,1,0,0,0,0,0,1,0,0,0,0,remove,dashboard,0.7170,failure
69d7be54,carlos_dev,hotfix/urgente,update database module,push,20,119,207,326,396,144,209,quality-and-testing,2,database,5,17,0,1,0,0,0,1,0,0,0,0,0,0,update,database,0.8308,failure
d86e6f65,maria_backend,release/v1,update billing module,push,15,200,341,541,393,207,124,none,0,none,5,15,0,0,0,0,0,0,0,0,0,0,0,0,update,billing,0.2605,success
517911c1,maria_backend,feature/api,rollback tests module,pull_request,4,247,238,485,324,64,243,none,0,none,7,8,1,0,1,0,0,0,0,0,0,0,0,0,rollback,tests,0.2167,success
2a958947,carlos_dev,main,remove migration module,pull_request,15,493,78,571,525,305,170,quality-and-testing,2,database,3,15,0,0,0,1,0,0,0,0,0,0,0,1,remove,migration,0.4738,failure
afa721a8,junior_juan,release/v1,refactor tests module,push,7,358,342,700,384,215,144,none,0,none,4,1,0,0,0,0,0,0,0,0,0,0,0,0,refactor,tests,0.3634,success
c7cdae85,junior_juan,feature/api,refactor login module,pull_request,5,403,312,715,617,271,259,quality-and-testing,5,timeout,2,3,0,0,1,0,0,0,0,0,1,0,0,0,refactor,login,0.5345,failure
29334482,anndrew492,feature/pagos,rollback auth module,push,13,173,160,333,237,50,160,quality-and-testing,4,syntax,6,19,1,0,1,0,0,0,0,0,1,0,0,0,rollback,auth,0.5891,failure
efd39202,anndrew492,ci/cd-proyecto,fix frontend module,push,12,246,326,572,693,337,314,none,0,none,7,13,1,0,0,0,0,0,0,1,0,0,0,0,fix,frontend,0.3729,success
062a0581,junior_juan,ci/cd-proyecto,rollback auth module,push,8,35,352,387,121,20,65,security-and-build,2,dependency,1,15,0,0,0,0,0,0,0,0,1,0,0,0,rollback,auth,0.4932,failure
45514359,junior_juan,feature/api,merge auth module,pull_request,12,614,145,759,385,154,211,quality-and-testing,1,database,5,1,0,0,1,0,0,0,0,0,1,0,0,0,merge,auth,0.5603,failure
7e1d027a,junior_juan,feature/dashboard,add billing module,pull_request,12,448,348,796,326,77,221,none,0,none,3,7,0,0,1,0,0,0,0,0,0,0,0,0,add,billing,0.1311,success
83ef1f71,carlos_dev,hotfix/urgente,refactor billing module,push,5,90,112,202,348,148,188,none,0,none,7,7,1,1,0,0,0,0,0,0,0,0,0,0,refactor,billing,0.2858,success
d904d249,anndrew492,ci/cd-proyecto,rollback migration module,push,4,497,64,561,497,246,197,quality-and-testing,2,database,2,21,0,0,0,0,0,0,0,0,0,0,0,1,rollback,migration,0.5460,failure
18ca5684,maria_backend,hotfix/urgente,update tests module,push,8,590,49,639,510,216,284,quality-and-testing,4,test,4,8,0,1,0,0,0,0,0,0,0,0,0,0,update,tests,0.6866,failure
905662a3,carlos_dev,hotfix/urgente,refactor security module,pull_request,11,590,148,738,384,187,179,security-and-build,4,security,5,13,0,1,0,0,0,0,0,0,0,0,0,0,refactor,security,0.5700,failure
17b85f3e,maria_backend,hotfix/urgente,remove tests module,push,9,419,354,773,343,135,166,quality-and-testing,2,test,7,8,1,1,0,0,0,0,0,0,0,0,0,0,remove,tests,0.6088,failure
48b4879e,maria_backend,feature/pagos,merge login module,push,12,456,312,768,669,325,264,security-and-build,2,timeout,7,20,1,0,1,0,0,0,0,0,1,0,0,0,merge,login,0.7342,failure
68d5fc6f,junior_juan,release/v1,update dashboard module,pull_request,7,296,16,312,248,108,85,none,0,none,4,13,0,0,0,0,0,0,0,1,0,0,0,0,update,dashboard,0.0565,success
2eb5501d,carlos_dev,ci/cd-proyecto,merge tests module,pull_request,12,125,63,188,256,51,130,none,0,none,3,20,0,0,0,0,0,0,0,0,0,0,0,0,merge,tests,0.0300,success
93cb47ab,anndrew492,main,refactor api module,pull_request,16,349,61,410,211,93,103,none,0,none,3,3,0,0,0,1,0,0,1,0,0,0,0,0,refactor,api,0.3713,success
662fd9b6,maria_backend,main,remove dependencies module,pull_request,12,351,142,493,406,94,231,security-and-build,3,dependency,2,1,0,0,0,1,0,0,0,0,0,1,0,0,remove,dependencies,0.5045,failure
e8b93a3a,maria_backend,release/v1,merge migration module,pull_request,9,541,26,567,308,147,123,quality-and-testing,3,database,7,3,1,0,0,0,0,0,0,0,0,0,0,1,merge,migration,0.4916,failure
d484f2b4,carlos_dev,main,update database module,pull_request,6,641,345,986,545,356,107,quality-and-testing,3,database,3,9,0,0,0,1,0,1,0,0,0,0,0,0,update,database,0.6953,failure
ad81a923,anndrew492,main,update database module,pull_request,24,406,31,437,363,165,140,quality-and-testing,5,database,6,1,1,0,0,1,0,1,0,0,0,0,0,0,update,database,0.5300,failure
42373476,maria_backend,feature/pagos,remove database module,pull_request,9,364,195,559,471,262,155,none,0,none,7,13,1,0,1,0,0,1,0,0,0,0,0,0,remove,database,0.3406,success
5c5ac767,anndrew492,main,refactor security module,push,10,224,352,576,291,71,161,none,0,none,1,4,0,0,0,1,0,0,0,0,0,0,0,0,refactor,security,0.4182,success
225b1678,junior_juan,release/v1,fix api module,push,11,527,345,872,473,274,123,security-and-build,3,docker,1,18,0,0,0,0,0,0,1,0,0,0,0,0,fix,api,0.6306,failure
30678e9c,junior_juan,release/v1,fix auth module,pull_request,13,44,177,221,333,117,177,none,0,none,4,8,0,0,0,0,0,0,0,0,1,0,0,0,fix,auth,0.2044,success
bf19575a,maria_backend,release/v1,remove auth module,pull_request,9,587,306,893,361,245,66,quality-and-testing,5,runtime,6,18,1,0,0,0,0,0,0,0,1,0,0,0,remove,auth,0.6384,failure
03cac719,anndrew492,release/v1,remove login module,pull_request,4,488,275,763,526,194,305,security-and-build,1,timeout,5,1,0,0,0,0,0,0,0,0,1,0,0,0,remove,login,0.5405,failure
6f63c3a7,maria_backend,hotfix/urgente,merge database module,pull_request,6,560,257,817,534,257,265,quality-and-testing,2,database,3,2,0,1,0,0,0,1,0,0,0,0,0,0,merge,database,0.7472,failure
6647a215,carlos_dev,hotfix/urgente,merge frontend module,push,12,108,1,109,429,101,242,none,0,none,5,8,0,1,0,0,0,0,0,1,0,0,0,0,merge,frontend,0.3896,success
23de0255,carlos_dev,feature/dashboard,add dashboard module,push,13,423,301,724,327,141,136,none,0,none,6,9,1,0,1,0,0,0,0,1,0,0,0,0,add,dashboard,0.3867,success
5a98a252,carlos_dev,feature/api,refactor database module,push,6,60,214,274,547,255,259,none,0,none,5,10,0,0,1,0,0,1,0,0,0,0,0,0,refactor,database,0.2445,success
297c70a5,anndrew492,hotfix/urgente,rollback dependencies module,push,25,552,127,679,543,252,238,security-and-build,3,dependency,5,10,0,1,0,0,0,0,0,0,0,1,0,0,rollback,dependencies,0.9200,failure
4a5c7c73,anndrew492,ci/cd-proyecto,rollback auth module,push,1,128,319,447,396,64,260,security-and-build,1,security,7,23,1,0,0,0,0,0,0,0,1,0,0,0,rollback,auth,0.7629,failure
94a9dfef,anndrew492,release/v1,fix environment module,pull_request,7,449,314,763,566,306,209,telemetry-dispatch,1,timeout,2,17,0,0,0,0,0,0,0,0,0,0,1,0,fix,environment,0.5950,failure
d7f6b212,anndrew492,ci/cd-proyecto,remove frontend module,push,15,574,266,840,538,248,206,none,0,none,2,8,0,0,0,0,0,0,0,1,0,0,0,0,remove,frontend,0.3807,success
8d2c1f9c,maria_backend,feature/pagos,fix frontend module,push,4,171,281,452,317,171,118,none,0,none,1,14,0,0,1,0,0,0,0,1,0,0,0,0,fix,frontend,0.2035,success
4b06de23,junior_juan,hotfix/urgente,update frontend module,push,22,338,240,578,450,178,189,quality-and-testing,3,syntax,2,0,0,1,0,0,0,0,0,1,0,0,0,0,update,frontend,0.5729,failure
edd59a57,maria_backend,main,refactor api module,push,17,336,292,628,408,245,149,quality-and-testing,4,runtime,5,23,0,0,0,1,0,0,1,0,0,0,0,0,refactor,api,0.9200,failure
41c64bce,anndrew492,main,update tests module,push,12,648,68,716,430,265,108,none,0,none,3,10,0,0,0,1,0,0,0,0,0,0,0,0,update,tests,0.3805,success
dfc00ae7,junior_juan,release/v1,update api module,push,9,571,143,714,278,95,165,security-and-build,5,docker,1,11,0,0,0,0,0,0,1,0,0,0,0,0,update,api,0.6218,failure
563d5990,junior_juan,hotfix/urgente,add frontend module,push,3,378,9,387,380,184,153,quality-and-testing,3,test,6,7,1,1,0,0,0,0,0,1,0,0,0,0,add,frontend,0.5324,failure
31538171,anndrew492,feature/pagos,fix environment module,push,4,301,166,467,366,173,183,none,0,none,6,11,1,0,1,0,0,0,0,0,0,0,1,0,fix,environment,0.3427,success
2c658c96,anndrew492,feature/pagos,update docker module,pull_request,17,458,351,809,476,199,255,security-and-build,5,docker,5,18,0,0,1,0,1,0,0,0,0,0,0,0,update,docker,0.5715,failure
15539e10,maria_backend,release/v1,fix migration module,pull_request,10,220,359,579,366,231,120,none,0,none,2,19,0,0,0,0,0,0,0,0,0,0,0,1,fix,migration,0.4329,success
907c4152,junior_juan,release/v1,add database module,pull_request,18,342,0,342,410,206,150,quality-and-testing,2,database,4,4,0,0,0,0,0,1,0,0,0,0,0,0,add,database,0.4951,failure
4fc93b95,carlos_dev,feature/dashboard,rollback billing module,pull_request,1,435,1,436,331,147,179,none,0,none,7,0,1,0,1,0,0,0,0,0,0,0,0,0,rollback,billing,0.3358,success
b2f6d8da,maria_backend,feature/api,fix docker module,push,2,26,260,286,203,105,88,none,0,none,4,15,0,0,1,0,1,0,0,0,0,0,0,0,fix,docker,0.3284,success
d1ca1259,anndrew492,main,add docker module,push,16,619,105,724,504,96,354,security-and-build,2,docker,3,18,0,0,0,1,1,0,0,0,0,0,0,0,add,docker,0.9200,failure
c6db314b,maria_backend,ci/cd-proyecto,refactor tests module,push,1,190,3,193,262,21,177,none,0,none,5,16,0,0,0,0,0,0,0,0,0,0,0,0,refactor,tests,0.1847,success
d553e184,carlos_dev,main,fix tests module,push,13,421,137,558,452,139,282,quality-and-testing,3,test,6,21,1,0,0,1,0,0,0,0,0,0,0,0,fix,tests,0.5819,failure
fc2269df,maria_backend,feature/api,remove docker module,pull_request,18,135,155,290,353,178,118,none,0,none,6,9,1,0,1,0,1,0,0,0,0,0,0,0,remove,docker,0.3909,success
bf1d5f2c,anndrew492,feature/pagos,remove migration module,push,10,354,228,582,644,303,317,quality-and-testing,5,database,1,20,0,0,1,0,0,0,0,0,0,0,0,1,remove,migration,0.4854,failure
e0e4df47,anndrew492,hotfix/urgente,update migration module,pull_request,5,315,321,636,525,236,253,quality-and-testing,5,database,7,3,1,1,0,0,0,0,0,0,0,0,0,1,update,migration,0.9080,failure
76005453,anndrew492,feature/dashboard,remove dashboard module,pull_request,8,321,314,635,468,75,315,none,0,none,4,4,0,0,1,0,0,0,0,1,0,0,0,0,remove,dashboard,0.1102,success
668267e0,anndrew492,release/v1,remove dependencies module,push,3,58,252,310,445,111,281,security-and-build,1,dependency,2,8,0,0,0,0,0,0,0,0,0,1,0,0,remove,dependencies,0.4762,failure
d8b89190,maria_backend,feature/dashboard,update frontend module,push,15,276,322,598,491,190,247,none,0,none,3,3,0,0,1,0,0,0,0,1,0,0,0,0,update,frontend,0.2926,success
82c12079,maria_backend,feature/pagos,update api module,pull_request,11,446,45,491,257,46,137,none,0,none,6,9,1,0,1,0,0,0,1,0,0,0,0,0,update,api,0.3966,success
3477e6dc,carlos_dev,release/v1,merge api module,push,18,43,80,123,355,35,244,security-and-build,3,env,6,11,1,0,0,0,0,0,1,0,0,0,0,0,merge,api,0.5464,failure
d05d6ecd,maria_backend,feature/pagos,update dependencies module,push,13,460,32,492,407,211,187,security-and-build,4,dependency,1,12,0,0,1,0,0,0,0,0,0,1,0,0,update,dependencies,0.4543,failure
8f4ad2d6,maria_backend,ci/cd-proyecto,rollback environment module,pull_request,11,535,58,593,556,308,164,telemetry-dispatch,5,timeout,4,2,0,0,0,0,0,0,0,0,0,0,1,0,rollback,environment,0.4613,failure
2661bef2,carlos_dev,feature/dashboard,update billing module,pull_request,1,353,283,636,412,145,225,none,0,none,3,20,0,0,1,0,0,0,0,0,0,0,0,0,update,billing,0.1361,success
ccd624cb,junior_juan,main,rollback dashboard module,push,13,475,309,784,414,215,145,quality-and-testing,2,database,6,18,1,0,0,1,0,0,0,1,0,0,0,0,rollback,dashboard,0.5910,failure
ad734e8f,carlos_dev,feature/dashboard,refactor security module,pull_request,8,321,321,642,515,143,285,none,0,none,2,21,0,0,1,0,0,0,0,0,0,0,0,0,refactor,security,0.2994,success
b105e1a1,maria_backend,feature/api,refactor billing module,pull_request,18,417,55,472,193,84,54,none,0,none,2,22,0,0,1,0,0,0,0,0,0,0,0,0,refactor,billing,0.1559,success
c0fb09b9,anndrew492,release/v1,add frontend module,pull_request,17,473,36,509,467,186,245,none,0,none,2,11,0,0,0,0,0,0,0,1,0,0,0,0,add,frontend,0.0962,success
ae7857bf,junior_juan,feature/dashboard,fix migration module,push,16,640,79,719,544,391,144,quality-and-testing,2,database,2,21,0,0,1,0,0,0,0,0,0,0,0,1,fix,migration,0.8294,failure
d093d77c,junior_juan,feature/dashboard,rollback dependencies module,pull_request,7,382,265,647,660,269,386,security-and-build,2,dependency,7,9,1,0,1,0,0,0,0,0,0,1,0,0,rollback,dependencies,0.7086,failure
2ea4dca0,carlos_dev,feature/pagos,remove migration module,push,19,85,170,255,485,199,238,quality-and-testing,2,database,3,8,0,0,1,0,0,0,0,0,0,0,0,1,remove,migration,0.5124,failure
5edf8141,maria_backend,feature/dashboard,add dependencies module,push,11,8,181,189,472,110,299,security-and-build,5,dependency,7,8,1,0,1,0,0,0,0,0,0,1,0,0,add,dependencies,0.5194,failure
bf1c319e,junior_juan,hotfix/urgente,update api module,push,17,318,194,512,466,178,230,security-and-build,3,dependency,6,19,1,1,0,0,0,0,1,0,0,0,0,0,update,api,0.8031,failure
3bc723b4,anndrew492,feature/api,remove dependencies module,pull_request,19,500,304,804,649,107,475,security-and-build,2,dependency,3,3,0,0,1,0,0,0,0,0,0,1,0,0,remove,dependencies,0.7536,failure
50de51a8,anndrew492,feature/api,add auth module,push,1,437,117,554,334,219,100,none,0,none,1,0,0,0,1,0,0,0,0,0,1,0,0,0,add,auth,0.3093,success
0372ced0,junior_juan,release/v1,refactor security module,pull_request,8,282,340,622,424,168,246,none,0,none,3,7,0,0,0,0,0,0,0,0,0,0,0,0,refactor,security,0.2722,success
78380c57,carlos_dev,hotfix/urgente,remove dependencies module,pull_request,6,256,206,462,266,75,186,security-and-build,4,dependency,2,8,0,1,0,0,0,0,0,0,0,1,0,0,remove,dependencies,0.7099,failure
67194238,carlos_dev,ci/cd-proyecto,add database module,push,3,424,186,610,565,345,161,quality-and-testing,4,database,5,12,0,0,0,0,0,1,0,0,0,0,0,0,add,database,0.6575,failure
ec6757e6,maria_backend,main,update environment module,pull_request,4,218,334,552,566,316,239,none,0,none,4,23,0,0,0,1,0,0,0,0,0,0,1,0,update,environment,0.3980,success
19680724,anndrew492,hotfix/urgente,add database module,push,8,641,255,896,634,377,178,quality-and-testing,1,database,1,2,0,1,0,0,0,1,0,0,0,0,0,0,add,database,0.9200,failure
74273b02,anndrew492,feature/pagos,add api module,push,6,551,342,893,306,73,219,quality-and-testing,3,runtime,4,3,0,0,1,0,0,0,1,0,0,0,0,0,add,api,0.6220,failure
12974cff,junior_juan,release/v1,update dashboard module,pull_request,22,287,223,510,324,104,197,none,0,none,1,16,0,0,0,0,0,0,0,1,0,0,0,0,update,dashboard,0.0644,success
4422d245,carlos_dev,feature/api,refactor database module,push,5,199,272,471,388,324,20,none,0,none,1,0,0,0,1,0,0,1,0,0,0,0,0,0,refactor,database,0.4232,success
e138c36f,carlos_dev,hotfix/urgente,update auth module,push,12,196,48,244,399,201,112,security-and-build,4,security,6,7,1,1,0,0,0,0,0,0,1,0,0,0,update,auth,0.6354,failure
8b4b9c5c,carlos_dev,feature/pagos,refactor migration module,push,12,71,210,281,409,133,216,none,0,none,7,11,1,0,1,0,0,0,0,0,0,0,0,1,refactor,migration,0.3527,success
0ed57ac9,anndrew492,feature/pagos,refactor docker module,push,14,609,358,967,412,110,235,security-and-build,4,docker,2,1,0,0,1,0,1,0,0,0,0,0,0,0,refactor,docker,0.9200,failure
b5a31260,carlos_dev,feature/dashboard,fix docker module,push,15,535,259,794,457,222,229,security-and-build,2,docker,1,11,0,0,1,0,1,0,0,0,0,0,0,0,fix,docker,0.7769,failure
86017e7a,maria_backend,feature/pagos,update tests module,push,13,101,86,187,181,43,119,none,0,none,3,13,0,0,1,0,0,0,0,0,0,0,0,0,update,tests,0.0360,success
da9d1dd2,maria_backend,release/v1,merge environment module,pull_request,8,547,156,703,222,83,98,security-and-build,2,env,2,23,0,0,0,0,0,0,0,0,0,0,1,0,merge,environment,0.6880,failure
d5737913,junior_juan,feature/api,remove dashboard module,push,18,72,226,298,493,210,233,none,0,none,3,17,0,0,1,0,0,0,0,1,0,0,0,0,remove,dashboard,0.2272,success
1b469029,carlos_dev,release/v1,add dependencies module,pull_request,10,130,54,184,354,135,132,none,0,none,4,13,0,0,0,0,0,0,0,0,0,1,0,0,add,dependencies,0.3775,success
f862d26c,anndrew492,ci/cd-proyecto,update database module,push,16,51,316,367,560,293,239,quality-and-testing,3,database,1,15,0,0,0,0,0,1,0,0,0,0,0,0,update,database,0.4921,failure
be87fcbb,carlos_dev,hotfix/urgente,update database module,push,27,492,170,662,479,321,119,quality-and-testing,2,database,3,22,0,1,0,0,0,1,0,0,0,0,0,0,update,database,0.9200,failure
9db2c3b6,carlos_dev,main,update tests module,pull_request,13,243,314,557,542,235,224,none,0,none,5,8,0,0,0,1,0,0,0,0,0,0,0,0,update,tests,0.0646,success
f5475bac,carlos_dev,ci/cd-proyecto,remove login module,pull_request,3,188,5,193,310,68,231,none,0,none,5,4,0,0,0,0,0,0,0,0,1,0,0,0,remove,login,0.3756,success
d5072b7b,junior_juan,main,fix api module,pull_request,16,635,192,827,275,102,138,quality-and-testing,2,database,3,2,0,0,0,1,0,0,1,0,0,0,0,0,fix,api,0.6319,failure
a5a0870b,carlos_dev,main,merge database module,push,9,155,131,286,404,263,134,quality-and-testing,4,database,5,9,0,0,0,1,0,1,0,0,0,0,0,0,merge,database,0.6181,failure
90bb3a3e,anndrew492,main,fix migration module,push,15,188,170,358,429,302,114,quality-and-testing,3,database,3,1,0,0,0,1,0,0,0,0,0,0,0,1,fix,migration,0.8642,failure
8ae84e21,carlos_dev,feature/pagos,rollback api module,pull_request,13,406,281,687,383,196,139,quality-and-testing,1,env,4,7,0,0,1,0,0,0,1,0,0,0,0,0,rollback,api,0.6775,failure
a261fd70,carlos_dev,ci/cd-proyecto,update frontend module,pull_request,3,395,125,520,538,268,196,none,0,none,2,15,0,0,0,0,0,0,0,1,0,0,0,0,update,frontend,0.0300,success
08912040,carlos_dev,main,remove dependencies module,pull_request,18,316,310,626,665,161,445,security-and-build,4,dependency,3,11,0,0,0,1,0,0,0,0,0,1,0,0,remove,dependencies,0.7748,failure
41d2bdd6,junior_juan,feature/api,remove environment module,pull_request,18,300,274,574,512,201,282,quality-and-testing,1,runtime,7,23,1,0,1,0,0,0,0,0,0,0,1,0,remove,environment,0.6159,failure
8cbd558b,maria_backend,main,rollback docker module,pull_request,1,407,168,575,568,220,275,security-and-build,5,docker,7,2,1,0,0,1,1,0,0,0,0,0,0,0,rollback,docker,0.5678,failure
43608f1c,junior_juan,main,rollback security module,pull_request,10,608,217,825,262,161,85,none,0,none,7,19,1,0,0,1,0,0,0,0,0,0,0,0,rollback,security,0.4009,success
0af0db8a,carlos_dev,ci/cd-proyecto,fix auth module,pull_request,6,176,29,205,357,114,179,none,0,none,4,16,0,0,0,0,0,0,0,0,1,0,0,0,fix,auth,0.2720,success
dc375b2b,anndrew492,feature/dashboard,merge login module,push,6,445,190,635,240,98,94,quality-and-testing,4,env,5,21,0,0,1,0,0,0,0,0,1,0,0,0,merge,login,0.6309,failure
e90b307f,junior_juan,main,rollback docker module,pull_request,16,631,343,974,651,276,347,security-and-build,3,docker,3,9,0,0,0,1,1,0,0,0,0,0,0,0,rollback,docker,0.9200,failure
a1d45b29,maria_backend,feature/api,fix auth module,pull_request,18,413,345,758,358,192,98,telemetry-dispatch,3,timeout,4,0,0,0,1,0,0,0,0,0,1,0,0,0,fix,auth,0.5855,failure
e8643141,anndrew492,feature/dashboard,update tests module,push,10,191,0,191,213,158,47,none,0,none,4,20,0,0,1,0,0,0,0,0,0,0,0,0,update,tests,0.1437,success
0f3f7e8d,junior_juan,feature/dashboard,update dependencies module,push,11,266,352,618,484,204,216,security-and-build,1,dependency,1,22,0,0,1,0,0,0,0,0,0,1,0,0,update,dependencies,0.7948,failure
520d856a,junior_juan,feature/api,add database module,pull_request,9,108,55,163,367,259,71,none,0,none,7,3,1,0,1,0,0,1,0,0,0,0,0,0,add,database,0.4145,success
7264f65e,maria_backend,feature/api,remove tests module,push,14,165,82,247,396,126,243,none,0,none,1,8,0,0,1,0,0,0,0,0,0,0,0,0,remove,tests,0.1600,success
5096e0e1,carlos_dev,hotfix/urgente,rollback billing module,pull_request,2,269,286,555,306,169,131,security-and-build,4,dependency,3,11,0,1,0,0,0,0,0,0,0,0,0,0,rollback,billing,0.5457,failure
efe54f9a,carlos_dev,main,add database module,pull_request,9,229,251,480,470,255,141,none,0,none,5,6,0,0,0,1,0,1,0,0,0,0,0,0,add,database,0.2779,success
dae8eccb,junior_juan,hotfix/urgente,update migration module,pull_request,13,231,299,530,603,277,290,quality-and-testing,1,database,5,1,0,1,0,0,0,0,0,0,0,0,0,1,update,migration,0.7042,failure
1b93085d,junior_juan,release/v1,add environment module,pull_request,3,400,162,562,523,298,184,none,0,none,2,7,0,0,0,0,0,0,0,0,0,0,1,0,add,environment,0.3323,success
30dd83e3,maria_backend,release/v1,refactor migration module,push,11,427,319,746,709,366,336,quality-and-testing,2,database,4,22,0,0,0,0,0,0,0,0,0,0,0,1,refactor,migration,0.8903,failure
87cf5d59,maria_backend,release/v1,rollback dependencies module,pull_request,8,407,320,727,521,201,280,security-and-build,1,dependency,4,15,0,0,0,0,0,0,0,0,0,1,0,0,rollback,dependencies,0.7842,failure
f512ae84,junior_juan,feature/pagos,rollback billing module,pull_request,11,221,312,533,528,265,183,none,0,none,3,12,0,0,1,0,0,0,0,0,0,0,0,0,rollback,billing,0.0605,success
64f1542c,maria_backend,main,remove database module,push,10,422,258,680,419,156,234,quality-and-testing,5,database,3,11,0,0,0,1,0,1,0,0,0,0,0,0,remove,database,0.8764,failure
7ef93dde,junior_juan,feature/api,add login module,pull_request,6,504,202,706,454,150,222,security-and-build,3,docker,5,20,0,0,1,0,0,0,0,0,1,0,0,0,add,login,0.5310,failure
11212816,anndrew492,release/v1,fix docker module,push,11,167,86,253,497,86,368,none,0,none,5,5,0,0,0,0,1,0,0,0,0,0,0,0,fix,docker,0.4405,success
49e40c4c,anndrew492,feature/api,update billing module,pull_request,1,602,153,755,188,108,73,none,0,none,4,4,0,0,1,0,0,0,0,0,0,0,0,0,update,billing,0.1883,success
9a692185,maria_backend,feature/pagos,add login module,pull_request,7,154,320,474,214,54,84,none,0,none,1,18,0,0,1,0,0,0,0,0,1,0,0,0,add,login,0.2714,success
1dba2d9c,anndrew492,feature/api,fix dashboard module,push,5,420,186,606,242,86,138,none,0,none,2,11,0,0,1,0,0,0,0,1,0,0,0,0,fix,dashboard,0.1645,success
5768f7a1,anndrew492,ci/cd-proyecto,fix login module,push,16,461,238,699,450,231,161,quality-and-testing,2,timeout,2,6,0,0,0,0,0,0,0,0,1,0,0,0,fix,login,0.6355,failure
56636039,anndrew492,feature/pagos,rollback login module,push,12,590,294,884,509,316,111,security-and-build,3,dependency,6,23,1,0,1,0,0,0,0,0,1,0,0,0,rollback,login,0.9185,failure
19779e30,junior_juan,main,rollback dependencies module,push,20,42,238,280,313,110,153,security-and-build,4,dependency,6,1,1,0,0,1,0,0,0,0,0,1,0,0,rollback,dependencies,0.9200,failure
fbbf5d69,carlos_dev,feature/dashboard,remove docker module,pull_request,4,109,195,304,489,187,258,security-and-build,3,docker,7,0,1,0,1,0,1,0,0,0,0,0,0,0,remove,docker,0.5257,failure
bcc994bc,junior_juan,release/v1,add billing module,pull_request,3,90,47,137,473,185,234,none,0,none,2,20,0,0,0,0,0,0,0,0,0,0,0,0,add,billing,0.0300,success
278caac1,junior_juan,feature/pagos,remove security module,push,4,461,319,780,446,279,128,none,0,none,5,4,0,0,1,0,0,0,0,0,0,0,0,0,remove,security,0.2556,success
1673351a,anndrew492,hotfix/urgente,fix tests module,push,6,195,141,336,296,81,125,quality-and-testing,1,test,5,11,0,1,0,0,0,0,0,0,0,0,0,0,fix,tests,0.4954,failure
ee43efbf,maria_backend,main,add docker module,push,10,390,299,689,461,215,200,security-and-build,5,docker,1,6,0,0,0,1,1,0,0,0,0,0,0,0,add,docker,0.8643,failure
b36fd496,carlos_dev,main,refactor api module,pull_request,10,587,359,946,447,235,187,security-and-build,3,dependency,2,17,0,0,0,1,0,0,1,0,0,0,0,0,refactor,api,0.6494,failure
f846114a,carlos_dev,main,remove security module,push,5,316,314,630,499,209,266,security-and-build,1,security,3,21,0,0,0,1,0,0,0,0,0,0,0,0,remove,security,0.4615,failure
d17e4934,maria_backend,feature/pagos,refactor docker module,push,7,466,111,577,637,270,328,security-and-build,1,docker,4,12,0,0,1,0,1,0,0,0,0,0,0,0,refactor,docker,0.4857,failure
dcd41deb,anndrew492,release/v1,rollback docker module,pull_request,17,199,237,436,661,209,378,security-and-build,4,docker,1,19,0,0,0,0,1,0,0,0,0,0,0,0,rollback,docker,0.5305,failure
5f2026a5,junior_juan,ci/cd-proyecto,fix migration module,push,20,214,243,457,440,138,231,quality-and-testing,2,database,6,17,1,0,0,0,0,0,0,0,0,0,0,1,fix,migration,0.6603,failure
0dc9731c,anndrew492,ci/cd-proyecto,add login module,pull_request,14,649,135,784,311,95,180,quality-and-testing,5,runtime,3,11,0,0,0,0,0,0,0,0,1,0,0,0,add,login,0.6473,failure
43b99c22,anndrew492,main,rollback frontend module,pull_request,9,602,306,908,369,208,154,none,0,none,2,19,0,0,0,1,0,0,0,1,0,0,0,0,rollback,frontend,0.3946,success
e4e5d755,carlos_dev,hotfix/urgente,refactor auth module,push,7,309,18,327,454,171,201,security-and-build,3,docker,6,2,1,1,0,0,0,0,0,0,1,0,0,0,refactor,auth,0.7726,failure
6232e58a,junior_juan,release/v1,refactor environment module,pull_request,10,217,131,348,280,126,124,none,0,none,2,15,0,0,0,0,0,0,0,0,0,0,1,0,refactor,environment,0.3714,success
84e26404,junior_juan,feature/dashboard,add dependencies module,push,4,349,200,549,647,161,400,security-and-build,4,dependency,6,4,1,0,1,0,0,0,0,0,0,1,0,0,add,dependencies,0.5242,failure
5acd6778,carlos_dev,main,rollback login module,push,1,312,300,612,572,235,313,quality-and-testing,1,timeout,2,19,0,0,0,1,0,0,0,0,1,0,0,0,rollback,login,0.9200,failure
36385fd0,junior_juan,feature/pagos,rollback docker module,pull_request,15,495,231,726,662,206,403,security-and-build,4,docker,1,13,0,0,1,0,1,0,0,0,0,0,0,0,rollback,docker,0.7211,failure
14a4d4f0,maria_backend,main,merge security module,pull_request,3,65,156,221,219,133,50,none,0,none,4,23,0,0,0,1,0,0,0,0,0,0,0,0,merge,security,0.1500,success
e43af38d,maria_backend,feature/api,merge environment module,pull_request,6,32,185,217,357,129,165,none,0,none,6,22,1,0,1,0,0,0,0,0,0,0,1,0,merge,environment,0.3502,success
d0eb3040,anndrew492,feature/api,rollback dashboard module,pull_request,21,621,326,947,347,245,61,quality-and-testing,2,syntax,6,20,1,0,1,0,0,0,0,1,0,0,0,0,rollback,dashboard,0.6177,failure
80a69d68,maria_backend,hotfix/urgente,remove login module,pull_request,13,11,101,112,301,52,188,security-and-build,3,security,2,13,0,1,0,0,0,0,0,0,1,0,0,0,remove,login,0.4678,failure
1505368a,carlos_dev,main,update dependencies module,pull_request,8,477,216,693,486,284,143,security-and-build,4,dependency,1,18,0,0,0,1,0,0,0,0,0,1,0,0,update,dependencies,0.5267,failure
115abd09,carlos_dev,ci/cd-proyecto,add database module,push,8,85,300,385,494,270,183,none,0,none,1,14,0,0,0,0,0,1,0,0,0,0,0,0,add,database,0.3879,success
d32d9bae,maria_backend,feature/pagos,fix dashboard module,pull_request,11,225,321,546,334,68,243,none,0,none,6,5,1,0,1,0,0,0,0,1,0,0,0,0,fix,dashboard,0.1695,success
bff750fb,anndrew492,hotfix/urgente,rollback tests module,push,5,488,168,656,496,223,243,quality-and-testing,2,test,7,20,1,1,0,0,0,0,0,0,0,0,0,0,rollback,tests,0.9200,failure
ae861784,carlos_dev,main,rollback api module,push,14,347,12,359,258,121,70,security-and-build,1,docker,5,5,0,0,0,1,0,0,1,0,0,0,0,0,rollback,api,0.9018,failure
e8c44bf3,junior_juan,main,add billing module,push,2,235,64,299,367,89,211,none,0,none,3,20,0,0,0,1,0,0,0,0,0,0,0,0,add,billing,0.3101,success
92b0c3a9,anndrew492,feature/dashboard,refactor docker module,pull_request,13,649,72,721,426,109,245,security-and-build,2,docker,5,18,0,0,1,0,1,0,0,0,0,0,0,0,refactor,docker,0.5266,failure
009c84f5,anndrew492,main,update login module,pull_request,12,150,82,232,445,219,194,none,0,none,7,2,1,0,0,1,0,0,0,0,1,0,0,0,update,login,0.3513,success
00908125,junior_juan,feature/api,add tests module,pull_request,6,19,148,167,358,174,145,none,0,none,7,21,1,0,1,0,0,0,0,0,0,0,0,0,add,tests,0.0300,success
47885e8f,junior_juan,feature/pagos,fix tests module,push,4,153,206,359,377,203,97,none,0,none,6,16,1,0,1,0,0,0,0,0,0,0,0,0,fix,tests,0.2478,success
52dfae2b,maria_backend,hotfix/urgente,merge dashboard module,push,16,52,231,283,353,182,145,none,0,none,1,14,0,1,0,0,0,0,0,1,0,0,0,0,merge,dashboard,0.4013,success
2165c068,maria_backend,feature/pagos,add database module,push,5,345,207,552,700,315,311,none,0,none,7,15,1,0,1,0,0,1,0,0,0,0,0,0,add,database,0.3151,success
6ecbb3f8,maria_backend,feature/dashboard,add api module,pull_request,2,347,152,499,470,210,191,none,0,none,6,8,1,0,1,0,0,0,1,0,0,0,0,0,add,api,0.1964,success
5343c263,junior_juan,release/v1,remove login module,pull_request,15,91,142,233,402,177,200,none,0,none,4,9,0,0,0,0,0,0,0,0,1,0,0,0,remove,login,0.4286,success
1aab5e4e,carlos_dev,main,fix database module,push,13,230,222,452,418,293,81,quality-and-testing,2,database,5,0,0,0,0,1,0,1,0,0,0,0,0,0,fix,database,0.7796,failure
6585d858,junior_juan,feature/dashboard,remove security module,push,17,566,66,632,382,166,168,security-and-build,1,security,6,4,1,0,1,0,0,0,0,0,0,0,0,0,remove,security,0.5063,failure
e397b539,junior_juan,main,merge api module,push,14,145,108,253,374,67,238,security-and-build,3,dependency,1,23,0,0,0,1,0,0,1,0,0,0,0,0,merge,api,0.7537,failure
e5e7a0c7,anndrew492,feature/dashboard,merge login module,pull_request,13,417,104,521,348,201,141,quality-and-testing,2,test,6,4,1,0,1,0,0,0,0,0,1,0,0,0,merge,login,0.4779,failure
93b81f2b,anndrew492,feature/pagos,add database module,pull_request,19,6,117,123,321,137,173,none,0,none,2,2,0,0,1,0,0,1,0,0,0,0,0,0,add,database,0.3688,success
bc473994,anndrew492,release/v1,update frontend module,push,20,256,172,428,77,42,30,none,0,none,6,12,1,0,0,0,0,0,0,1,0,0,0,0,update,frontend,0.3153,success
b7a4f930,maria_backend,hotfix/urgente,refactor dashboard module,push,23,352,265,617,518,178,265,security-and-build,2,docker,6,8,1,1,0,0,0,0,0,1,0,0,0,0,refactor,dashboard,0.8010,failure
a37ff151,maria_backend,feature/pagos,refactor frontend module,push,9,414,105,519,545,230,239,none,0,none,7,12,1,0,1,0,0,0,0,1,0,0,0,0,refactor,frontend,0.3211,success
b297894c,anndrew492,feature/api,refactor tests module,pull_request,2,327,110,437,315,32,197,none,0,none,6,7,1,0,1,0,0,0,0,0,0,0,0,0,refactor,tests,0.0459,success
e0decfe2,maria_backend,ci/cd-proyecto,add dashboard module,push,16,195,105,300,325,166,119,none,0,none,4,20,0,0,0,0,0,0,0,1,0,0,0,0,add,dashboard,0.4025,success
1c592e9c,anndrew492,release/v1,merge billing module,push,15,207,327,534,546,167,316,none,0,none,1,6,0,0,0,0,0,0,0,0,0,0,0,0,merge,billing,0.3606,success
de084a45,maria_backend,main,fix dependencies module,push,19,48,51,99,377,149,213,security-and-build,4,dependency,6,23,1,0,0,1,0,0,0,0,0,1,0,0,fix,dependencies,0.8821,failure
6a0ba950,anndrew492,release/v1,remove security module,pull_request,15,226,279,505,653,262,329,none,0,none,1,7,0,0,0,0,0,0,0,0,0,0,0,0,remove,security,0.0960,success
8c61f670,anndrew492,feature/dashboard,fix dashboard module,push,12,580,220,800,505,169,283,none,0,none,4,5,0,0,1,0,0,0,0,1,0,0,0,0,fix,dashboard,0.3838,success
a1f0fc8f,carlos_dev,main,rollback login module,pull_request,18,255,108,363,309,159,105,quality-and-testing,5,syntax,5,18,0,0,0,1,0,0,0,0,1,0,0,0,rollback,login,0.5171,failure
e93f1b89,junior_juan,feature/dashboard,add auth module,push,11,38,152,190,411,135,245,none,0,none,6,1,1,0,1,0,0,0,0,0,1,0,0,0,add,auth,0.4287,success
b2cbe1f4,maria_backend,release/v1,add environment module,push,2,202,278,480,265,179,20,none,0,none,1,7,0,0,0,0,0,0,0,0,0,0,1,0,add,environment,0.4165,success
7c16644f,anndrew492,ci/cd-proyecto,merge migration module,push,24,81,265,346,448,243,156,quality-and-testing,2,database,1,2,0,0,0,0,0,0,0,0,0,0,0,1,merge,migration,0.5722,failure
0dc54d86,carlos_dev,release/v1,merge docker module,push,8,620,239,859,703,265,359,security-and-build,5,docker,3,4,0,0,0,0,1,0,0,0,0,0,0,0,merge,docker,0.7551,failure
0da9ecf8,carlos_dev,ci/cd-proyecto,add database module,pull_request,4,86,116,202,252,152,36,none,0,none,2,13,0,0,0,0,0,1,0,0,0,0,0,0,add,database,0.2576,success
5e2bdcbc,maria_backend,ci/cd-proyecto,refactor docker module,push,13,379,266,645,680,205,441,security-and-build,2,docker,3,12,0,0,0,0,1,0,0,0,0,0,0,0,refactor,docker,0.7593,failure
18d7c696,junior_juan,feature/api,remove frontend module,pull_request,8,197,254,451,279,142,54,none,0,none,4,23,0,0,1,0,0,0,0,1,0,0,0,0,remove,frontend,0.0589,success
be8037f0,anndrew492,feature/pagos,update frontend module,pull_request,18,459,242,701,539,284,230,none,0,none,2,2,0,0,1,0,0,0,0,1,0,0,0,0,update,frontend,0.2869,success
7f4bedb2,anndrew492,feature/pagos,update auth module,pull_request,18,373,337,710,348,117,147,quality-and-testing,3,syntax,4,19,0,0,1,0,0,0,0,0,1,0,0,0,update,auth,0.6111,failure
e61c284f,maria_backend,feature/dashboard,add frontend module,push,13,263,261,524,457,164,286,none,0,none,7,8,1,0,1,0,0,0,0,1,0,0,0,0,add,frontend,0.1533,success
c37a8ab4,carlos_dev,ci/cd-proyecto,add api module,pull_request,5,178,342,520,265,106,145,none,0,none,5,7,0,0,0,0,0,0,1,0,0,0,0,0,add,api,0.2362,success
2a1a6e1e,junior_juan,feature/dashboard,merge tests module,push,12,160,20,180,133,16,27,none,0,none,4,15,0,0,1,0,0,0,0,0,0,0,0,0,merge,tests,0.0300,success
d39e8475,junior_juan,hotfix/urgente,fix docker module,pull_request,13,423,53,476,271,115,73,security-and-build,5,docker,1,2,0,1,0,0,1,0,0,0,0,0,0,0,fix,docker,0.7453,failure
44ad2b7a,maria_backend,hotfix/urgente,add billing module,push,8,25,122,147,270,115,148,none,0,none,2,11,0,1,0,0,0,0,0,0,0,0,0,0,add,billing,0.4274,success
4cd309b7,carlos_dev,feature/dashboard,remove database module,push,12,322,350,672,511,290,155,quality-and-testing,3,database,4,11,0,0,1,0,0,1,0,0,0,0,0,0,remove,database,0.7578,failure
bedc2f6d,maria_backend,release/v1,rollback environment module,pull_request,2,588,234,822,383,154,169,security-and-build,2,security,7,4,1,0,0,0,0,0,0,0,0,0,1,0,rollback,environment,0.7575,failure
f0118204,anndrew492,feature/dashboard,fix billing module,push,3,351,96,447,216,162,46,none,0,none,3,18,0,0,1,0,0,0,0,0,0,0,0,0,fix,billing,0.1622,success
3d60e2e7,junior_juan,feature/dashboard,fix environment module,push,3,351,326,677,475,213,217,quality-and-testing,5,syntax,5,3,0,0,1,0,0,0,0,0,0,0,1,0,fix,environment,0.6528,failure
cff4fa05,anndrew492,feature/pagos,rollback migration module,pull_request,14,494,209,703,367,145,208,quality-and-testing,4,database,7,5,1,0,1,0,0,0,0,0,0,0,0,1,rollback,migration,0.8880,failure
ae3b0cb9,carlos_dev,feature/pagos,merge auth module,pull_request,16,613,253,866,425,229,125,security-and-build,1,security,4,15,0,0,1,0,0,0,0,0,1,0,0,0,merge,auth,0.5347,failure
2ce7aa9a,anndrew492,ci/cd-proyecto,remove migration module,pull_request,8,427,87,514,673,350,257,quality-and-testing,5,database,7,19,1,0,0,0,0,0,0,0,0,0,0,1,remove,migration,0.5213,failure
a487824c,maria_backend,ci/cd-proyecto,merge docker module,push,16,521,0,521,475,161,273,security-and-build,4,docker,4,14,0,0,0,0,1,0,0,0,0,0,0,0,merge,docker,0.5098,failure
c52c269a,junior_juan,hotfix/urgente,refactor environment module,pull_request,14,138,228,366,268,164,48,quality-and-testing,3,runtime,6,13,1,1,0,0,0,0,0,0,0,0,1,0,refactor,environment,0.7164,failure
eb71b315,carlos_dev,main,add security module,pull_request,6,123,144,267,193,105,60,none,0,none,4,22,0,0,0,1,0,0,0,0,0,0,0,0,add,security,0.0300,success
8d987f47,junior_juan,feature/pagos,refactor environment module,pull_request,16,424,330,754,532,223,241,security-and-build,4,timeout,1,7,0,0,1,0,0,0,0,0,0,0,1,0,refactor,environment,0.7561,failure
d957eb7f,junior_juan,ci/cd-proyecto,refactor dependencies module,pull_request,15,304,325,629,528,211,299,security-and-build,2,dependency,2,10,0,0,0,0,0,0,0,0,0,1,0,0,refactor,dependencies,0.7380,failure
2b1570ff,carlos_dev,feature/dashboard,remove login module,pull_request,11,64,20,84,487,207,223,none,0,none,4,8,0,0,1,0,0,0,0,0,1,0,0,0,remove,login,0.3383,success
b1b9bc87,anndrew492,feature/pagos,refactor dashboard module,push,14,612,323,935,347,176,97,security-and-build,5,security,2,20,0,0,1,0,0,0,0,1,0,0,0,0,refactor,dashboard,0.5545,failure
c37d26b3,maria_backend,hotfix/urgente,refactor dependencies module,push,17,498,66,564,702,176,461,security-and-build,1,dependency,3,10,0,1,0,0,0,0,0,0,0,1,0,0,refactor,dependencies,0.9200,failure
bf50e79b,anndrew492,hotfix/urgente,rollback security module,pull_request,14,180,151,331,345,200,64,security-and-build,4,security,6,10,1,1,0,0,0,0,0,0,0,0,0,0,rollback,security,0.7535,failure
1f5f04c6,carlos_dev,feature/pagos,remove migration module,pull_request,18,602,300,902,554,383,141,quality-and-testing,1,database,4,9,0,0,1,0,0,0,0,0,0,0,0,1,remove,migration,0.8601,failure
6fb97b9f,anndrew492,feature/api,merge database module,pull_request,9,534,248,782,544,274,239,quality-and-testing,1,database,7,10,1,0,1,0,0,1,0,0,0,0,0,0,merge,database,0.6464,failure
f3f3d706,carlos_dev,release/v1,refactor api module,pull_request,11,287,37,324,401,138,258,none,0,none,2,12,0,0,0,0,0,0,1,0,0,0,0,0,refactor,api,0.3890,success
cfcd60a7,maria_backend,feature/dashboard,add frontend module,push,17,274,153,427,314,19,225,none,0,none,1,9,0,0,1,0,0,0,0,1,0,0,0,0,add,frontend,0.1960,success
48adb4e9,junior_juan,feature/api,rollback dashboard module,pull_request,6,264,69,333,158,71,29,none,0,none,4,2,0,0,1,0,0,0,0,1,0,0,0,0,rollback,dashboard,0.1701,success
17524520,maria_backend,feature/pagos,update tests module,pull_request,4,474,84,558,449,268,145,none,0,none,4,6,0,0,1,0,0,0,0,0,0,0,0,0,update,tests,0.0300,success
af0395e1,junior_juan,feature/pagos,rollback frontend module,push,8,244,61,305,272,170,75,none,0,none,2,20,0,0,1,0,0,0,0,1,0,0,0,0,rollback,frontend,0.4132,success
5b2357c6,junior_juan,feature/pagos,refactor database module,pull_request,10,649,315,964,701,360,273,quality-and-testing,2,database,2,14,0,0,1,0,0,1,0,0,0,0,0,0,refactor,database,0.7726,failure
c2c9ca6d,junior_juan,hotfix/urgente,remove api module,pull_request,11,227,354,581,679,279,330,telemetry-dispatch,4,timeout,7,10,1,1,0,0,0,0,1,0,0,0,0,0,remove,api,0.7046,failure
f1e15ad0,anndrew492,main,remove billing module,pull_request,8,122,35,157,334,88,165,none,0,none,4,3,0,0,0,1,0,0,0,0,0,0,0,0,remove,billing,0.0831,success
52a05ec3,junior_juan,release/v1,remove dependencies module,pull_request,7,594,255,849,614,208,356,security-and-build,4,dependency,5,23,0,0,0,0,0,0,0,0,0,1,0,0,remove,dependencies,0.6442,failure
4874ebd6,carlos_dev,feature/dashboard,fix security module,pull_request,14,202,122,324,358,174,112,none,0,none,4,5,0,0,1,0,0,0,0,0,0,0,0,0,fix,security,0.0440,success
e597d7fe,anndrew492,release/v1,rollback login module,pull_request,3,322,176,498,335,121,173,none,0,none,5,7,0,0,0,0,0,0,0,0,1,0,0,0,rollback,login,0.3926,success
54d879f2,carlos_dev,feature/dashboard,add api module,push,8,382,221,603,565,226,302,quality-and-testing,2,timeout,4,5,0,0,1,0,0,0,1,0,0,0,0,0,add,api,0.6963,failure
f63a6a8e,junior_juan,feature/pagos,update dependencies module,pull_request,6,341,48,389,449,94,285,none,0,none,5,12,0,0,1,0,0,0,0,0,0,1,0,0,update,dependencies,0.2713,success
8508cc4f,carlos_dev,ci/cd-proyecto,add login module,pull_request,6,12,115,127,356,194,96,none,0,none,6,6,1,0,0,0,0,0,0,0,1,0,0,0,add,login,0.1887,success
0abbcaf3,anndrew492,hotfix/urgente,remove tests module,pull_request,14,531,285,816,597,262,245,security-and-build,2,timeout,6,13,1,1,0,0,0,0,0,0,0,0,0,0,remove,tests,0.6148,failure
6ecb2e40,maria_backend,feature/pagos,fix docker module,push,9,83,52,135,374,72,264,none,0,none,3,1,0,0,1,0,1,0,0,0,0,0,0,0,fix,docker,0.3558,success
5c32708f,anndrew492,feature/pagos,fix environment module,push,1,619,39,658,496,136,305,quality-and-testing,4,syntax,7,17,1,0,1,0,0,0,0,0,0,0,1,0,fix,environment,0.6617,failure
5e369cd9,junior_juan,hotfix/urgente,update auth module,push,6,493,91,584,432,230,120,security-and-build,4,docker,7,1,1,1,0,0,0,0,0,0,1,0,0,0,update,auth,0.8382,failure
bbbac373,carlos_dev,feature/api,add auth module,pull_request,10,510,29,539,376,215,129,none,0,none,3,23,0,0,1,0,0,0,0,0,1,0,0,0,add,auth,0.3045,success
9677d0e7,maria_backend,hotfix/urgente,merge docker module,pull_request,3,379,78,457,368,41,285,security-and-build,1,docker,3,19,0,1,0,0,1,0,0,0,0,0,0,0,merge,docker,0.6195,failure
b073f93b,carlos_dev,release/v1,remove dependencies module,push,12,288,312,600,536,242,246,security-and-build,4,dependency,3,20,0,0,0,0,0,0,0,0,0,1,0,0,remove,dependencies,0.8968,failure
790438be,anndrew492,main,refactor frontend module,push,9,488,315,803,330,74,244,security-and-build,1,docker,7,23,1,0,0,1,0,0,0,1,0,0,0,0,refactor,frontend,0.8036,failure
df1d942c,anndrew492,release/v1,add api module,push,15,594,360,954,468,212,231,security-and-build,3,dependency,4,3,0,0,0,0,0,0,1,0,0,0,0,0,add,api,0.9200,failure
ade0d417,junior_juan,ci/cd-proyecto,refactor login module,push,1,46,23,69,158,32,60,none,0,none,5,18,0,0,0,0,0,0,0,0,1,0,0,0,refactor,login,0.2540,success
01b7a2e6,carlos_dev,hotfix/urgente,merge login module,pull_request,17,178,57,235,388,159,212,quality-and-testing,5,test,6,5,1,1,0,0,0,0,0,0,1,0,0,0,merge,login,0.6306,failure
a70b1216,junior_juan,feature/pagos,rollback api module,pull_request,17,117,210,327,500,209,221,security-and-build,5,dependency,7,8,1,0,1,0,0,0,1,0,0,0,0,0,rollback,api,0.6247,failure
15e80966,carlos_dev,feature/pagos,remove tests module,push,14,629,157,786,441,211,204,none,0,none,6,10,1,0,1,0,0,0,0,0,0,0,0,0,remove,tests,0.4357,success
a9301a37,junior_juan,feature/api,update database module,push,16,478,278,756,681,419,215,quality-and-testing,5,database,4,19,0,0,1,0,0,1,0,0,0,0,0,0,update,database,0.7208,failure
1180795a,carlos_dev,hotfix/urgente,rollback api module,push,6,136,8,144,379,146,189,security-and-build,1,docker,5,5,0,1,0,0,0,0,1,0,0,0,0,0,rollback,api,0.6584,failure
a7d8903e,maria_backend,feature/pagos,add dashboard module,push,16,232,196,428,235,42,133,none,0,none,3,23,0,0,1,0,0,0,0,1,0,0,0,0,add,dashboard,0.2475,success
1da02357,anndrew492,ci/cd-proyecto,add security module,pull_request,12,351,334,685,388,184,159,none,0,none,6,1,1,0,0,0,0,0,0,0,0,0,0,0,add,security,0.2823,success
fd30408e,junior_juan,hotfix/urgente,rollback auth module,push,8,621,215,836,369,124,224,security-and-build,3,dependency,3,5,0,1,0,0,0,0,0,0,1,0,0,0,rollback,auth,0.9200,failure
0e944fdc,carlos_dev,hotfix/urgente,add login module,push,16,563,344,907,252,47,138,quality-and-testing,3,test,7,23,1,1,0,0,0,0,0,0,1,0,0,0,add,login,0.9200,failure
78506d17,anndrew492,release/v1,refactor docker module,pull_request,1,399,20,419,427,153,190,none,0,none,6,17,1,0,0,0,1,0,0,0,0,0,0,0,refactor,docker,0.3896,success
702e3e0d,maria_backend,release/v1,refactor dashboard module,push,11,329,324,653,340,182,90,none,0,none,4,6,0,0,0,0,0,0,0,1,0,0,0,0,refactor,dashboard,0.4144,success
40c1a291,carlos_dev,feature/api,merge billing module,push,8,611,29,640,328,90,225,none,0,none,2,7,0,0,1,0,0,0,0,0,0,0,0,0,merge,billing,0.3208,success
06455c6d,carlos_dev,ci/cd-proyecto,update auth module,pull_request,14,583,72,655,392,122,248,security-and-build,2,env,2,22,0,0,0,0,0,0,0,0,1,0,0,0,update,auth,0.7319,failure
3a36f4f9,junior_juan,feature/pagos,rollback api module,push,1,515,157,672,568,288,229,telemetry-dispatch,2,timeout,2,13,0,0,1,0,0,0,1,0,0,0,0,0,rollback,api,0.7179,failure
a6e97135,anndrew492,feature/pagos,fix frontend module,pull_request,4,163,250,413,484,207,229,none,0,none,7,9,1,0,1,0,0,0,0,1,0,0,0,0,fix,frontend,0.0300,success
6332a9ff,junior_juan,main,update security module,pull_request,15,99,41,140,323,173,144,none,0,none,3,13,0,0,0,1,0,0,0,0,0,0,0,0,update,security,0.0300,success
4bc5851c,maria_backend,feature/pagos,rollback dependencies module,push,16,190,263,453,415,109,266,security-and-build,1,dependency,7,20,1,0,1,0,0,0,0,0,0,1,0,0,rollback,dependencies,0.8321,failure
c609f7dd,junior_juan,ci/cd-proyecto,add tests module,pull_request,4,449,139,588,383,249,127,none,0,none,5,5,0,0,0,0,0,0,0,0,0,0,0,0,add,tests,0.0764,success
0a57bf0f,anndrew492,hotfix/urgente,remove billing module,pull_request,13,492,117,609,314,173,67,quality-and-testing,5,timeout,2,14,0,1,0,0,0,0,0,0,0,0,0,0,remove,billing,0.5623,failure
8d062282,anndrew492,ci/cd-proyecto,fix database module,pull_request,15,206,280,486,482,238,202,quality-and-testing,1,database,4,7,0,0,0,0,0,1,0,0,0,0,0,0,fix,database,0.4724,failure
db15dcb8,anndrew492,ci/cd-proyecto,refactor api module,push,4,397,223,620,465,272,122,security-and-build,3,dependency,2,0,0,0,0,0,0,0,1,0,0,0,0,0,refactor,api,0.7156,failure
dc416114,maria_backend,main,refactor tests module,pull_request,8,251,340,591,555,261,267,none,0,none,6,8,1,0,0,1,0,0,0,0,0,0,0,0,refactor,tests,0.1068,success
7563e8e4,anndrew492,hotfix/urgente,merge tests module,push,16,65,327,392,179,31,106,quality-and-testing,2,test,6,17,1,1,0,0,0,0,0,0,0,0,0,0,merge,tests,0.5852,failure
64f5dd9b,junior_juan,main,merge billing module,pull_request,6,259,20,279,100,30,56,none,0,none,6,19,1,0,0,1,0,0,0,0,0,0,0,0,merge,billing,0.1141,success
bb937b54,carlos_dev,feature/pagos,update tests module,pull_request,6,530,14,544,424,281,119,none,0,none,4,11,0,0,1,0,0,0,0,0,0,0,0,0,update,tests,0.0300,success
88f674af,carlos_dev,feature/dashboard,fix auth module,pull_request,16,483,350,833,392,162,154,quality-and-testing,3,runtime,4,9,0,0,1,0,0,0,0,0,1,0,0,0,fix,auth,0.6242,failure
bd84791d,carlos_dev,ci/cd-proyecto,rollback database module,pull_request,20,84,182,266,487,287,193,quality-and-testing,2,database,5,4,0,0,0,0,0,1,0,0,0,0,0,0,rollback,database,0.5883,failure
e26283ae,maria_backend,hotfix/urgente,refactor login module,push,12,391,176,567,240,78,153,quality-and-testing,4,syntax,5,0,0,1,0,0,0,0,0,0,1,0,0,0,refactor,login,0.8344,failure
254aa0f5,junior_juan,feature/dashboard,update auth module,pull_request,17,396,204,600,629,243,303,security-and-build,2,timeout,5,6,0,0,1,0,0,0,0,0,1,0,0,0,update,auth,0.5298,failure
e9e9c45d,anndrew492,release/v1,rollback auth module,pull_request,7,156,207,363,201,97,33,quality-and-testing,1,database,5,22,0,0,0,0,0,0,0,0,1,0,0,0,rollback,auth,0.4726,failure
0795bb96,carlos_dev,main,add login module,pull_request,1,124,98,222,434,189,208,none,0,none,4,20,0,0,0,1,0,0,0,0,1,0,0,0,add,login,0.2274,success
4b927f4b,junior_juan,main,remove dependencies module,push,9,172,220,392,276,163,86,security-and-build,5,dependency,6,8,1,0,0,1,0,0,0,0,0,1,0,0,remove,dependencies,0.8958,failure
3f2b90e6,carlos_dev,release/v1,add auth module,push,9,134,32,166,86,37,37,quality-and-testing,5,database,2,23,0,0,0,0,0,0,0,0,1,0,0,0,add,auth,0.4544,failure
9b9bddde,junior_juan,hotfix/urgente,add dependencies module,push,10,399,3,402,314,121,153,security-and-build,1,dependency,6,4,1,1,0,0,0,0,0,0,0,1,0,0,add,dependencies,0.9070,failure
0194cf4a,junior_juan,release/v1,rollback auth module,push,4,381,328,709,445,215,212,security-and-build,4,docker,3,11,0,0,0,0,0,0,0,0,1,0,0,0,rollback,auth,0.7982,failure
c98f3aa7,junior_juan,ci/cd-proyecto,remove docker module,push,14,523,9,532,596,240,301,security-and-build,1,docker,2,4,0,0,0,0,1,0,0,0,0,0,0,0,remove,docker,0.6398,failure
4b6ef706,junior_juan,feature/api,merge api module,push,10,136,80,216,347,40,254,none,0,none,5,17,0,0,1,0,0,0,1,0,0,0,0,0,merge,api,0.2829,success
1de8213e,junior_juan,feature/pagos,refactor dependencies module,push,6,52,187,239,405,161,185,none,0,none,1,7,0,0,1,0,0,0,0,0,0,1,0,0,refactor,dependencies,0.4293,success
f04b6d4d,junior_juan,feature/api,merge security module,pull_request,7,383,147,530,460,284,116,none,0,none,3,2,0,0,1,0,0,0,0,0,0,0,0,0,merge,security,0.0300,success
50c5cd7a,junior_juan,hotfix/urgente,refactor environment module,pull_request,9,198,298,496,504,191,247,security-and-build,4,security,4,23,0,1,0,0,0,0,0,0,0,0,1,0,refactor,environment,0.7182,failure
2c0a3719,anndrew492,feature/dashboard,merge billing module,pull_request,15,375,216,591,597,216,314,none,0,none,7,20,1,0,1,0,0,0,0,0,0,0,0,0,merge,billing,0.2955,success
a2be71bc,carlos_dev,feature/api,merge tests module,push,6,85,269,354,278,79,149,none,0,none,6,15,1,0,1,0,0,0,0,0,0,0,0,0,merge,tests,0.1309,success
f10248ff,anndrew492,release/v1,rollback environment module,pull_request,5,397,158,555,421,323,81,security-and-build,4,dependency,3,11,0,0,0,0,0,0,0,0,0,0,1,0,rollback,environment,0.4757,failure
f9b94d54,junior_juan,hotfix/urgente,fix tests module,pull_request,11,342,104,446,304,123,172,quality-and-testing,4,test,3,20,0,1,0,0,0,0,0,0,0,0,0,0,fix,tests,0.5980,failure
465e4e9d,junior_juan,release/v1,merge login module,pull_request,4,535,45,580,399,166,215,none,0,none,6,18,1,0,0,0,0,0,0,0,1,0,0,0,merge,login,0.4199,success
6cb48da6,maria_backend,hotfix/urgente,fix login module,pull_request,21,232,178,410,344,143,158,security-and-build,3,docker,6,6,1,1,0,0,0,0,0,0,1,0,0,0,fix,login,0.7686,failure
137d8c73,junior_juan,release/v1,add docker module,push,16,567,153,720,629,257,312,security-and-build,1,docker,3,11,0,0,0,0,1,0,0,0,0,0,0,0,add,docker,0.8005,failure
ce9f4962,junior_juan,release/v1,add login module,push,18,163,135,298,53,23,22,quality-and-testing,3,syntax,1,10,0,0,0,0,0,0,0,0,1,0,0,0,add,login,0.4582,failure
74cc5b52,maria_backend,feature/api,fix database module,pull_request,18,337,133,470,443,241,143,none,0,none,4,2,0,0,1,0,0,1,0,0,0,0,0,0,fix,database,0.4263,success
ead302a1,junior_juan,feature/api,merge database module,pull_request,11,118,197,315,217,60,104,none,0,none,7,7,1,0,1,0,0,1,0,0,0,0,0,0,merge,database,0.3319,success
89413a2e,carlos_dev,feature/pagos,merge environment module,pull_request,17,348,88,436,167,22,88,quality-and-testing,2,database,7,2,1,0,1,0,0,0,0,0,0,0,1,0,merge,environment,0.5158,failure
48d7d656,carlos_dev,feature/api,remove dependencies module,pull_request,19,396,149,545,614,229,315,security-and-build,3,dependency,6,11,1,0,1,0,0,0,0,0,0,1,0,0,remove,dependencies,0.4605,failure
318aede0,anndrew492,release/v1,update billing module,push,6,234,352,586,438,77,272,none,0,none,7,7,1,0,0,0,0,0,0,0,0,0,0,0,update,billing,0.3363,success
9eb1a1cf,anndrew492,release/v1,update api module,pull_request,9,252,5,257,289,80,138,none,0,none,1,16,0,0,0,0,0,0,1,0,0,0,0,0,update,api,0.2354,success
0c58cd46,maria_backend,release/v1,refactor dashboard module,push,4,378,10,388,351,99,209,none,0,none,7,16,1,0,0,0,0,0,0,1,0,0,0,0,refactor,dashboard,0.2775,success
27a0d3d1,carlos_dev,feature/api,update auth module,push,6,275,43,318,320,120,158,none,0,none,5,5,0,0,1,0,0,0,0,0,1,0,0,0,update,auth,0.4059,success
e12db84b,maria_backend,release/v1,rollback database module,push,20,598,61,659,337,247,67,quality-and-testing,5,database,5,22,0,0,0,0,0,1,0,0,0,0,0,0,rollback,database,0.9200,failure
e7724a43,carlos_dev,feature/dashboard,remove database module,pull_request,3,30,111,141,339,118,140,none,0,none,5,15,0,0,1,0,0,1,0,0,0,0,0,0,remove,database,0.1820,success
83c6d30b,maria_backend,feature/pagos,update migration module,push,9,233,326,559,491,292,118,none,0,none,3,7,0,0,1,0,0,0,0,0,0,0,0,1,update,migration,0.3530,success
d93e1d7b,anndrew492,feature/dashboard,update security module,pull_request,13,153,314,467,367,217,142,none,0,none,4,17,0,0,1,0,0,0,0,0,0,0,0,0,update,security,0.0605,success
7d1dba4f,junior_juan,feature/dashboard,remove migration module,push,16,593,307,900,697,359,282,quality-and-testing,3,database,5,18,0,0,1,0,0,0,0,0,0,0,0,1,remove,migration,0.8639,failure
4ffce3d7,junior_juan,hotfix/urgente,fix api module,pull_request,13,416,325,741,418,166,242,quality-and-testing,4,runtime,1,9,0,1,0,0,0,0,1,0,0,0,0,0,fix,api,0.9125,failure
db73edd3,maria_backend,feature/dashboard,merge auth module,pull_request,8,145,7,152,382,129,215,none,0,none,4,2,0,0,1,0,0,0,0,0,1,0,0,0,merge,auth,0.3307,success
2d105f73,maria_backend,feature/api,refactor frontend module,push,19,620,129,749,525,188,252,quality-and-testing,2,timeout,4,4,0,0,1,0,0,0,0,1,0,0,0,0,refactor,frontend,0.5817,failure
8c1192f4,carlos_dev,feature/dashboard,fix auth module,pull_request,16,452,245,697,538,179,319,quality-and-testing,1,timeout,4,11,0,0,1,0,0,0,0,0,1,0,0,0,fix,auth,0.6562,failure
aa0b6616,junior_juan,feature/api,remove billing module,push,2,284,349,633,601,246,301,none,0,none,4,13,0,0,1,0,0,0,0,0,0,0,0,0,remove,billing,0.2870,success
2bd99a1b,junior_juan,feature/api,rollback api module,push,17,68,30,98,215,72,94,security-and-build,2,docker,7,18,1,0,1,0,0,0,1,0,0,0,0,0,rollback,api,0.4999,failure
e65572cf,maria_backend,main,remove database module,push,4,192,276,468,525,235,234,quality-and-testing,3,database,1,1,0,0,0,1,0,1,0,0,0,0,0,0,remove,database,0.7756,failure
606d195b,carlos_dev,main,fix security module,push,18,583,265,848,513,203,293,security-and-build,4,security,1,2,0,0,0,1,0,0,0,0,0,0,0,0,fix,security,0.6657,failure
eb4436da,carlos_dev,feature/pagos,merge docker module,push,18,502,305,807,636,107,439,security-and-build,3,docker,2,8,0,0,1,0,1,0,0,0,0,0,0,0,merge,docker,0.7240,failure
8799ae19,maria_backend,hotfix/urgente,rollback database module,pull_request,20,450,227,677,384,233,126,quality-and-testing,5,database,2,20,0,1,0,0,0,1,0,0,0,0,0,0,rollback,database,0.9200,failure
600e6219,junior_juan,ci/cd-proyecto,add tests module,push,3,95,5,100,325,33,232,none,0,none,5,23,0,0,0,0,0,0,0,0,0,0,0,0,add,tests,0.0423,success
1d540ff5,maria_backend,release/v1,update database module,push,14,631,199,830,354,209,133,quality-and-testing,2,database,4,18,0,0,0,0,0,1,0,0,0,0,0,0,update,database,0.6973,failure
b36e3f9c,anndrew492,release/v1,fix docker module,pull_request,12,627,336,963,358,108,169,security-and-build,1,docker,5,20,0,0,0,0,1,0,0,0,0,0,0,0,fix,docker,0.7526,failure
8558aa56,carlos_dev,feature/dashboard,fix environment module,pull_request,1,167,86,253,154,91,37,none,0,none,5,7,0,0,1,0,0,0,0,0,0,0,1,0,fix,environment,0.1806,success
16fd8641,junior_juan,feature/pagos,rollback login module,pull_request,6,115,110,225,370,176,124,none,0,none,6,9,1,0,1,0,0,0,0,0,1,0,0,0,rollback,login,0.3282,success
c3a660a0,anndrew492,feature/dashboard,update auth module,pull_request,7,264,21,285,263,79,131,none,0,none,7,17,1,0,1,0,0,0,0,0,1,0,0,0,update,auth,0.1386,success
9e4a9296,junior_juan,ci/cd-proyecto,remove dashboard module,pull_request,6,492,110,602,434,140,233,none,0,none,2,23,0,0,0,0,0,0,0,1,0,0,0,0,remove,dashboard,0.2183,success
391c6cc9,maria_backend,hotfix/urgente,merge security module,push,13,199,244,443,156,15,111,security-and-build,5,security,6,7,1,1,0,0,0,0,0,0,0,0,0,0,merge,security,0.5469,failure
aea4b013,junior_juan,main,rollback docker module,push,12,51,31,82,467,123,268,security-and-build,4,docker,4,7,0,0,0,1,1,0,0,0,0,0,0,0,rollback,docker,0.6912,failure
5f0ea791,anndrew492,feature/dashboard,remove migration module,pull_request,16,185,156,341,478,289,138,quality-and-testing,5,database,1,2,0,0,1,0,0,0,0,0,0,0,0,1,remove,migration,0.5976,failure
8dd646f8,maria_backend,hotfix/urgente,add security module,pull_request,19,340,1,341,234,41,149,security-and-build,5,security,1,11,0,1,0,0,0,0,0,0,0,0,0,0,add,security,0.4519,failure
f8b41054,carlos_dev,feature/pagos,add auth module,pull_request,10,527,262,789,572,175,353,security-and-build,2,timeout,4,22,0,0,1,0,0,0,0,0,1,0,0,0,add,auth,0.6029,failure
e380572d,carlos_dev,feature/dashboard,refactor frontend module,push,9,610,224,834,378,199,173,quality-and-testing,4,syntax,1,3,0,0,1,0,0,0,0,1,0,0,0,0,refactor,frontend,0.4922,failure
c14295b4,carlos_dev,hotfix/urgente,update frontend module,push,6,277,95,372,309,179,116,quality-and-testing,5,test,4,12,0,1,0,0,0,0,0,1,0,0,0,0,update,frontend,0.5656,failure
af70971b,carlos_dev,main,add database module,push,14,16,63,79,424,255,104,quality-and-testing,4,database,7,17,1,0,0,1,0,1,0,0,0,0,0,0,add,database,0.7602,failure
a6f8db91,anndrew492,feature/pagos,remove environment module,pull_request,7,363,32,395,259,179,73,none,0,none,5,7,0,0,1,0,0,0,0,0,0,0,1,0,remove,environment,0.2422,success
0199a010,junior_juan,main,update docker module,pull_request,5,511,317,828,550,79,442,none,0,none,1,16,0,0,0,1,1,0,0,0,0,0,0,0,update,docker,0.4448,success
ab87d619,maria_backend,release/v1,refactor dependencies module,push,13,69,58,127,369,173,123,security-and-build,2,dependency,1,14,0,0,0,0,0,0,0,0,0,1,0,0,refactor,dependencies,0.4684,failure
f1a484b7,carlos_dev,main,remove dashboard module,push,14,563,340,903,572,238,280,quality-and-testing,2,timeout,6,10,1,0,0,1,0,0,0,1,0,0,0,0,remove,dashboard,0.7960,failure
64d8167d,carlos_dev,main,fix dependencies module,push,9,208,278,486,400,44,298,security-and-build,2,dependency,5,17,0,0,0,1,0,0,0,0,0,1,0,0,fix,dependencies,0.8695,failure
4d834fb1,junior_juan,release/v1,rollback dashboard module,pull_request,21,278,0,278,306,30,220,none,0,none,7,9,1,0,0,0,0,0,0,1,0,0,0,0,rollback,dashboard,0.2941,success
238e8615,anndrew492,feature/api,add dependencies module,pull_request,20,478,207,685,562,207,332,security-and-build,2,dependency,7,5,1,0,1,0,0,0,0,0,0,1,0,0,add,dependencies,0.8194,failure
4edb9841,carlos_dev,hotfix/urgente,refactor frontend module,push,12,42,150,192,333,190,64,none,0,none,3,15,0,1,0,0,0,0,0,1,0,0,0,0,refactor,frontend,0.3251,success
fd240d20,carlos_dev,main,add docker module,push,10,471,120,591,648,162,459,security-and-build,4,docker,4,13,0,0,0,1,1,0,0,0,0,0,0,0,add,docker,0.7262,failure
9e2a265b,carlos_dev,feature/api,add docker module,pull_request,1,607,42,649,711,285,345,security-and-build,2,docker,2,2,0,0,1,0,1,0,0,0,0,0,0,0,add,docker,0.6008,failure
895a27d4,anndrew492,feature/dashboard,fix dependencies module,pull_request,15,178,201,379,448,89,337,security-and-build,3,dependency,2,5,0,0,1,0,0,0,0,0,0,1,0,0,fix,dependencies,0.5227,failure
30011c4e,maria_backend,feature/dashboard,update frontend module,pull_request,6,469,150,619,562,176,342,none,0,none,2,10,0,0,1,0,0,0,0,1,0,0,0,0,update,frontend,0.0454,success
35122118,anndrew492,ci/cd-proyecto,merge frontend module,pull_request,8,426,142,568,547,304,197,none,0,none,7,18,1,0,0,0,0,0,0,1,0,0,0,0,merge,frontend,0.1748,success
94db5f23,anndrew492,feature/dashboard,rollback migration module,pull_request,15,325,322,647,599,387,188,quality-and-testing,4,database,2,14,0,0,1,0,0,0,0,0,0,0,0,1,rollback,migration,0.7297,failure
13f51d64,maria_backend,hotfix/urgente,rollback auth module,push,13,601,32,633,308,143,118,security-and-build,2,docker,5,22,0,1,0,0,0,0,0,0,1,0,0,0,rollback,auth,0.9200,failure
8e320412,anndrew492,feature/pagos,fix auth module,push,9,73,275,348,215,91,81,none,0,none,3,19,0,0,1,0,0,0,0,0,1,0,0,0,fix,auth,0.4292,success
e74accf5,carlos_dev,hotfix/urgente,fix api module,push,13,170,76,246,174,65,70,security-and-build,1,dependency,4,8,0,1,0,0,0,0,1,0,0,0,0,0,fix,api,0.6138,failure
8431e3da,junior_juan,release/v1,merge docker module,pull_request,12,45,341,386,657,214,394,none,0,none,5,1,0,0,0,0,1,0,0,0,0,0,0,0,merge,docker,0.3249,success
1ba2caf1,maria_backend,hotfix/urgente,refactor migration module,push,11,434,280,714,553,311,157,quality-and-testing,5,database,4,11,0,1,0,0,0,0,0,0,0,0,0,1,refactor,migration,0.9200,failure
30ad8d5e,junior_juan,feature/api,merge frontend module,pull_request,14,316,82,398,160,48,64,none,0,none,7,1,1,0,1,0,0,0,0,1,0,0,0,0,merge,frontend,0.1644,success
99105564,maria_backend,feature/pagos,remove auth module,push,13,638,349,987,353,196,82,telemetry-dispatch,5,timeout,4,10,0,0,1,0,0,0,0,0,1,0,0,0,remove,auth,0.6954,failure
bb91da24,carlos_dev,feature/pagos,fix login module,pull_request,10,172,314,486,325,104,149,none,0,none,6,6,1,0,1,0,0,0,0,0,1,0,0,0,fix,login,0.3191,success
8d2f3f5f,anndrew492,main,refactor migration module,push,11,385,90,475,254,161,61,quality-and-testing,2,database,1,14,0,0,0,1,0,0,0,0,0,0,0,1,refactor,migration,0.7624,failure
ed332fb7,maria_backend,feature/pagos,remove billing module,push,4,325,202,527,417,163,204,none,0,none,6,21,1,0,1,0,0,0,0,0,0,0,0,0,remove,billing,0.2686,success
363502ac,maria_backend,ci/cd-proyecto,remove api module,push,17,55,187,242,320,29,228,security-and-build,4,docker,3,23,0,0,0,0,0,0,1,0,0,0,0,0,remove,api,0.4918,failure
e71df678,junior_juan,feature/api,rollback migration module,pull_request,7,526,112,638,572,393,124,quality-and-testing,3,database,7,21,1,0,1,0,0,0,0,0,0,0,0,1,rollback,migration,0.8119,failure
f99d2851,junior_juan,hotfix/urgente,rollback environment module,push,16,447,281,728,498,244,171,quality-and-testing,5,timeout,4,20,0,1,0,0,0,0,0,0,0,0,1,0,rollback,environment,0.9200,failure
b8e9634c,junior_juan,main,refactor dashboard module,pull_request,13,279,222,501,425,167,218,none,0,none,5,14,0,0,0,1,0,0,0,1,0,0,0,0,refactor,dashboard,0.1273,success
9e1363be,carlos_dev,feature/pagos,fix billing module,push,8,165,16,181,497,217,193,none,0,none,1,13,0,0,1,0,0,0,0,0,0,0,0,0,fix,billing,0.0300,success
cd2d6fd7,junior_juan,feature/api,merge database module,push,9,67,262,329,321,153,136,none,0,none,3,17,0,0,1,0,0,1,0,0,0,0,0,0,merge,database,0.3418,success
cfd1cd39,junior_juan,ci/cd-proyecto,fix tests module,pull_request,18,546,282,828,414,173,226,none,0,none,3,13,0,0,0,0,0,0,0,0,0,0,0,0,fix,tests,0.3184,success
3bf66672,carlos_dev,main,update tests module,push,13,97,83,180,131,58,24,none,0,none,2,1,0,0,0,1,0,0,0,0,0,0,0,0,update,tests,0.3791,success
7517e502,anndrew492,feature/api,add dashboard module,pull_request,21,345,143,488,230,191,21,none,0,none,2,6,0,0,1,0,0,0,0,1,0,0,0,0,add,dashboard,0.0300,success
253a9ebc,junior_juan,feature/pagos,update tests module,push,11,355,6,361,306,185,48,none,0,none,2,9,0,0,1,0,0,0,0,0,0,0,0,0,update,tests,0.1403,success
edd3ebc1,junior_juan,main,add migration module,push,24,444,189,633,732,375,302,quality-and-testing,4,database,6,0,1,0,0,1,0,0,0,0,0,0,0,1,add,migration,0.9200,failure
a75beedf,maria_backend,main,merge api module,pull_request,5,282,251,533,376,147,193,quality-and-testing,3,runtime,6,22,1,0,0,1,0,0,1,0,0,0,0,0,merge,api,0.5209,failure
7b361063,maria_backend,ci/cd-proyecto,remove environment module,pull_request,11,172,240,412,317,153,77,none,0,none,1,1,0,0,0,0,0,0,0,0,0,0,1,0,remove,environment,0.3921,success
ed67b862,junior_juan,feature/api,remove api module,pull_request,11,300,12,312,323,151,82,none,0,none,3,17,0,0,1,0,0,0,1,0,0,0,0,0,remove,api,0.2353,success
b278c848,junior_juan,feature/dashboard,update dashboard module,push,2,638,216,854,621,250,319,none,0,none,2,17,0,0,1,0,0,0,0,1,0,0,0,0,update,dashboard,0.1856,success
e792a771,junior_juan,release/v1,update dependencies module,push,14,23,16,39,281,185,72,security-and-build,3,dependency,7,17,1,0,0,0,0,0,0,0,0,1,0,0,update,dependencies,0.5417,failure
b8bdbfda,anndrew492,release/v1,rollback api module,push,13,575,204,779,532,253,273,security-and-build,3,timeout,2,17,0,0,0,0,0,0,1,0,0,0,0,0,rollback,api,0.7437,failure
003fc6be,carlos_dev,release/v1,fix environment module,pull_request,4,419,18,437,528,209,240,none,0,none,6,4,1,0,0,0,0,0,0,0,0,0,1,0,fix,environment,0.3810,success
32479f15,anndrew492,hotfix/urgente,merge api module,pull_request,8,443,276,719,292,124,135,quality-and-testing,3,syntax,5,16,0,1,0,0,0,0,1,0,0,0,0,0,merge,api,0.8484,failure
23d65e23,junior_juan,main,rollback api module,push,4,84,257,341,220,64,145,quality-and-testing,3,runtime,2,3,0,0,0,1,0,0,1,0,0,0,0,0,rollback,api,0.8308,failure
942c1b0b,junior_juan,feature/dashboard,fix security module,push,2,68,318,386,430,179,174,none,0,none,3,18,0,0,1,0,0,0,0,0,0,0,0,0,fix,security,0.1794,success
59ddeddc,maria_backend,hotfix/urgente,merge dependencies module,pull_request,23,205,97,302,501,39,400,security-and-build,4,dependency,6,5,1,1,0,0,0,0,0,0,0,1,0,0,merge,dependencies,0.8573,failure
d57c8231,anndrew492,feature/dashboard,merge migration module,push,7,59,241,300,508,306,131,quality-and-testing,5,database,6,16,1,0,1,0,0,0,0,0,0,0,0,1,merge,migration,0.4527,failure
ea45facd,junior_juan,feature/dashboard,fix tests module,push,6,549,79,628,476,157,232,none,0,none,7,5,1,0,1,0,0,0,0,0,0,0,0,0,fix,tests,0.3365,success
c6540ff2,carlos_dev,main,update docker module,pull_request,4,539,208,747,596,210,322,security-and-build,3,docker,3,15,0,0,0,1,1,0,0,0,0,0,0,0,update,docker,0.6035,failure
68475888,junior_juan,ci/cd-proyecto,refactor billing module,pull_request,4,453,239,692,498,243,243,none,0,none,4,12,0,0,0,0,0,0,0,0,0,0,0,0,refactor,billing,0.2326,success
bddae227,anndrew492,hotfix/urgente,fix billing module,pull_request,15,488,334,822,321,135,138,quality-and-testing,4,database,6,8,1,1,0,0,0,0,0,0,0,0,0,0,fix,billing,0.8586,failure
e4e6c662,anndrew492,feature/pagos,remove security module,pull_request,13,127,63,190,134,29,84,none,0,none,1,6,0,0,1,0,0,0,0,0,0,0,0,0,remove,security,0.0300,success
342b9cda,anndrew492,ci/cd-proyecto,update tests module,pull_request,16,635,350,985,529,227,294,security-and-build,3,timeout,2,3,0,0,0,0,0,0,0,0,0,0,0,0,update,tests,0.4531,failure
178b778e,anndrew492,feature/api,rollback dependencies module,push,20,105,354,459,206,22,131,security-and-build,3,dependency,1,6,0,0,1,0,0,0,0,0,0,1,0,0,rollback,dependencies,0.6575,failure
8e89655a,junior_juan,ci/cd-proyecto,remove security module,push,7,363,240,603,525,185,266,none,0,none,4,1,0,0,0,0,0,0,0,0,0,0,0,0,remove,security,0.3867,success
7e8075cf,carlos_dev,main,merge frontend module,pull_request,12,357,17,374,110,43,36,none,0,none,3,2,0,0,0,1,0,0,0,1,0,0,0,0,merge,frontend,0.2517,success
12a231c5,junior_juan,release/v1,add docker module,push,6,512,305,817,468,223,204,security-and-build,4,docker,1,8,0,0,0,0,1,0,0,0,0,0,0,0,add,docker,0.5610,failure
fedbc125,anndrew492,hotfix/urgente,merge billing module,pull_request,7,58,143,201,237,21,139,none,0,none,2,4,0,1,0,0,0,0,0,0,0,0,0,0,merge,billing,0.2403,success
cd56ec42,junior_juan,ci/cd-proyecto,update environment module,push,4,42,358,400,303,217,61,none,0,none,7,18,1,0,0,0,0,0,0,0,0,0,1,0,update,environment,0.3886,success
3f0e9419,junior_juan,feature/dashboard,add dashboard module,push,14,377,331,708,440,145,229,security-and-build,3,dependency,4,21,0,0,1,0,0,0,0,1,0,0,0,0,add,dashboard,0.4538,failure
09a147f7,anndrew492,feature/pagos,rollback login module,push,18,479,12,491,411,194,186,security-and-build,3,security,6,4,1,0,1,0,0,0,0,0,1,0,0,0,rollback,login,0.7897,failure
7952a89f,maria_backend,release/v1,add frontend module,pull_request,18,28,120,148,159,56,55,none,0,none,4,21,0,0,0,0,0,0,0,1,0,0,0,0,add,frontend,0.0832,success
ddce675a,carlos_dev,main,add dependencies module,push,16,48,146,194,286,208,64,security-and-build,1,dependency,3,17,0,0,0,1,0,0,0,0,0,1,0,0,add,dependencies,0.8529,failure
a05e2e09,carlos_dev,feature/pagos,add dependencies module,push,8,59,333,392,402,87,282,security-and-build,1,dependency,6,14,1,0,1,0,0,0,0,0,0,1,0,0,add,dependencies,0.5074,failure
ced15d66,junior_juan,feature/api,add api module,pull_request,4,544,218,762,374,81,228,none,0,none,5,2,0,0,1,0,0,0,1,0,0,0,0,0,add,api,0.4331,success
67763013,maria_backend,feature/pagos,merge dashboard module,push,17,473,164,637,555,197,271,none,0,none,7,10,1,0,1,0,0,0,0,1,0,0,0,0,merge,dashboard,0.3758,success
ffe4ceac,junior_juan,ci/cd-proyecto,add auth module,pull_request,4,385,128,513,363,186,169,none,0,none,7,4,1,0,0,0,0,0,0,0,1,0,0,0,add,auth,0.3509,success
a1b09a72,maria_backend,release/v1,remove environment module,push,10,58,228,286,449,145,219,quality-and-testing,3,syntax,1,14,0,0,0,0,0,0,0,0,0,0,1,0,remove,environment,0.4606,failure
5164401e,anndrew492,feature/dashboard,add auth module,push,6,101,166,267,338,151,100,none,0,none,4,23,0,0,1,0,0,0,0,0,1,0,0,0,add,auth,0.3438,success
0112fde3,carlos_dev,main,rollback billing module,push,17,305,229,534,527,223,275,security-and-build,2,timeout,2,14,0,0,0,1,0,0,0,0,0,0,0,0,rollback,billing,0.5139,failure
a8c4dff1,anndrew492,feature/api,update migration module,push,5,578,235,813,532,307,184,quality-and-testing,5,database,2,22,0,0,1,0,0,0,0,0,0,0,0,1,update,migration,0.7252,failure
a06ccc13,maria_backend,feature/api,update billing module,push,12,544,22,566,351,168,146,none,0,none,4,4,0,0,1,0,0,0,0,0,0,0,0,0,update,billing,0.2943,success
bd34d96b,junior_juan,feature/api,add dependencies module,push,3,130,236,366,458,216,188,security-and-build,2,dependency,4,10,0,0,1,0,0,0,0,0,0,1,0,0,add,dependencies,0.5234,failure
0d3e0a20,carlos_dev,main,fix dependencies module,pull_request,21,337,331,668,551,312,186,security-and-build,3,dependency,4,2,0,0,0,1,0,0,0,0,0,1,0,0,fix,dependencies,0.6903,failure
9c768658,junior_juan,feature/pagos,remove dashboard module,pull_request,16,141,262,403,322,59,234,none,0,none,1,14,0,0,1,0,0,0,0,1,0,0,0,0,remove,dashboard,0.1139,success
877df62c,maria_backend,hotfix/urgente,merge environment module,pull_request,20,68,167,235,132,15,73,security-and-build,2,timeout,1,23,0,1,0,0,0,0,0,0,0,0,1,0,merge,environment,0.5713,failure
6eda48eb,carlos_dev,release/v1,remove docker module,push,14,110,152,262,458,136,283,security-and-build,4,docker,4,13,0,0,0,0,1,0,0,0,0,0,0,0,remove,docker,0.5278,failure
659b4718,carlos_dev,feature/api,remove dashboard module,push,19,587,287,874,430,197,156,quality-and-testing,2,test,7,14,1,0,1,0,0,0,0,1,0,0,0,0,remove,dashboard,0.4560,failure
0e93c80b,junior_juan,ci/cd-proyecto,rollback environment module,pull_request,18,106,202,308,305,86,188,quality-and-testing,5,runtime,4,20,0,0,0,0,0,0,0,0,0,0,1,0,rollback,environment,0.6556,failure
8e3b69ca,junior_juan,feature/pagos,update tests module,pull_request,18,371,80,451,328,124,159,none,0,none,6,16,1,0,1,0,0,0,0,0,0,0,0,0,update,tests,0.2134,success
8f7b301f,junior_juan,feature/dashboard,fix database module,push,12,168,169,337,398,152,197,none,0,none,2,17,0,0,1,0,0,1,0,0,0,0,0,0,fix,database,0.3745,success
1603e82e,junior_juan,hotfix/urgente,add database module,pull_request,18,238,295,533,580,348,194,quality-and-testing,2,database,6,17,1,1,0,0,0,1,0,0,0,0,0,0,add,database,0.6929,failure
2a3d6b66,maria_backend,hotfix/urgente,remove tests module,push,10,38,71,109,470,177,225,none,0,none,1,23,0,1,0,0,0,0,0,0,0,0,0,0,remove,tests,0.4328,success
d677e9d4,maria_backend,ci/cd-proyecto,remove login module,pull_request,2,62,290,352,362,72,219,quality-and-testing,5,database,7,7,1,0,0,0,0,0,0,0,1,0,0,0,remove,login,0.4632,failure
dcb62241,anndrew492,feature/dashboard,update tests module,push,18,490,200,690,438,150,259,none,0,none,1,15,0,0,1,0,0,0,0,0,0,0,0,0,update,tests,0.2903,success
2e975048,carlos_dev,release/v1,update auth module,pull_request,5,261,39,300,402,188,203,none,0,none,3,1,0,0,0,0,0,0,0,0,1,0,0,0,update,auth,0.3495,success
058de5ef,maria_backend,feature/api,update billing module,pull_request,2,440,237,677,380,217,135,none,0,none,5,15,0,0,1,0,0,0,0,0,0,0,0,0,update,billing,0.0722,success
236da610,carlos_dev,ci/cd-proyecto,add billing module,pull_request,1,25,110,135,162,22,51,none,0,none,4,1,0,0,0,0,0,0,0,0,0,0,0,0,add,billing,0.0300,success
8fd1ed52,carlos_dev,feature/api,merge dashboard module,pull_request,17,174,128,302,299,25,194,none,0,none,5,4,0,0,1,0,0,0,0,1,0,0,0,0,merge,dashboard,0.1385,success
ffd494a6,maria_backend,feature/dashboard,remove frontend module,pull_request,14,617,230,847,340,164,123,none,0,none,7,0,1,0,1,0,0,0,0,1,0,0,0,0,remove,frontend,0.3109,success
c42e1568,maria_backend,ci/cd-proyecto,add dependencies module,push,3,352,273,625,735,309,387,security-and-build,4,dependency,6,19,1,0,0,0,0,0,0,0,0,1,0,0,add,dependencies,0.7914,failure
a852c327,junior_juan,hotfix/urgente,rollback environment module,push,8,624,167,791,340,138,188,quality-and-testing,5,test,6,10,1,1,0,0,0,0,0,0,0,0,1,0,rollback,environment,0.9200,failure
ddf82563,maria_backend,ci/cd-proyecto,fix docker module,pull_request,12,426,289,715,422,218,191,security-and-build,3,docker,5,23,0,0,0,0,1,0,0,0,0,0,0,0,fix,docker,0.6751,failure
b76feb85,junior_juan,hotfix/urgente,refactor database module,pull_request,18,380,191,571,700,319,329,quality-and-testing,3,database,6,13,1,1,0,0,0,1,0,0,0,0,0,0,refactor,database,0.7487,failure
0bf254c2,carlos_dev,feature/dashboard,merge docker module,pull_request,2,40,134,174,354,107,199,none,0,none,7,8,1,0,1,0,1,0,0,0,0,0,0,0,merge,docker,0.2864,success
2c653121,carlos_dev,main,update security module,push,7,491,196,687,556,297,177,none,0,none,6,17,1,0,0,1,0,0,0,0,0,0,0,0,update,security,0.4399,success
e3396789,maria_backend,release/v1,add login module,push,1,208,19,227,297,98,131,quality-and-testing,3,timeout,6,0,1,0,0,0,0,0,0,0,1,0,0,0,add,login,0.4778,failure
cb3b031d,maria_backend,hotfix/urgente,merge api module,pull_request,10,99,179,278,214,139,51,security-and-build,5,timeout,7,4,1,1,0,0,0,0,1,0,0,0,0,0,merge,api,0.6617,failure
3838e991,junior_juan,release/v1,rollback tests module,pull_request,14,371,91,462,258,89,117,quality-and-testing,1,test,7,3,1,0,0,0,0,0,0,0,0,0,0,0,rollback,tests,0.4531,failure
43f65b61,carlos_dev,feature/dashboard,fix auth module,push,10,119,252,371,298,196,70,none,0,none,5,19,0,0,1,0,0,0,0,0,1,0,0,0,fix,auth,0.3593,success
8737abf9,carlos_dev,hotfix/urgente,fix frontend module,push,5,327,37,364,351,81,204,quality-and-testing,1,test,3,8,0,1,0,0,0,0,0,1,0,0,0,0,fix,frontend,0.5445,failure
7a4a3d7d,junior_juan,hotfix/urgente,rollback migration module,pull_request,18,457,64,521,452,352,92,quality-and-testing,2,database,3,4,0,1,0,0,0,0,0,0,0,0,0,1,rollback,migration,0.8740,failure
05ceedf1,maria_backend,ci/cd-proyecto,add auth module,pull_request,9,512,143,655,371,186,144,quality-and-testing,5,test,6,17,1,0,0,0,0,0,0,0,1,0,0,0,add,auth,0.5168,failure
d176cb5d,junior_juan,release/v1,refactor docker module,push,18,572,340,912,665,182,410,security-and-build,4,docker,7,4,1,0,0,0,1,0,0,0,0,0,0,0,refactor,docker,0.9200,failure
7f92c556,anndrew492,ci/cd-proyecto,add database module,pull_request,16,626,319,945,386,194,121,quality-and-testing,5,database,5,11,0,0,0,0,0,1,0,0,0,0,0,0,add,database,0.7733,failure
478875d2,maria_backend,feature/dashboard,update dependencies module,pull_request,21,453,45,498,418,169,166,security-and-build,1,dependency,4,5,0,0,1,0,0,0,0,0,0,1,0,0,update,dependencies,0.5297,failure
bd0e210a,anndrew492,feature/dashboard,refactor auth module,push,11,584,95,679,411,198,195,quality-and-testing,2,database,2,7,0,0,1,0,0,0,0,0,1,0,0,0,refactor,auth,0.6281,failure
37ed219a,maria_backend,main,add billing module,push,9,245,127,372,366,51,242,security-and-build,2,security,6,20,1,0,0,1,0,0,0,0,0,0,0,0,add,billing,0.5752,failure
2ffbdf4a,junior_juan,release/v1,refactor tests module,push,7,393,329,722,544,297,197,none,0,none,4,0,0,0,0,0,0,0,0,0,0,0,0,0,refactor,tests,0.3550,success
cce12fa9,maria_backend,ci/cd-proyecto,refactor environment module,push,13,216,126,342,339,127,201,none,0,none,3,1,0,0,0,0,0,0,0,0,0,0,1,0,refactor,environment,0.4191,success
ec16741e,maria_backend,ci/cd-proyecto,add docker module,push,3,99,51,150,182,18,105,none,0,none,4,15,0,0,0,0,1,0,0,0,0,0,0,0,add,docker,0.3448,success
6d63509b,maria_backend,ci/cd-proyecto,update dependencies module,push,16,341,291,632,398,76,302,security-and-build,5,dependency,4,14,0,0,0,0,0,0,0,0,0,1,0,0,update,dependencies,0.7881,failure
1629e92e,carlos_dev,release/v1,refactor environment module,push,12,173,348,521,444,210,224,quality-and-testing,5,database,6,19,1,0,0,0,0,0,0,0,0,0,1,0,refactor,environment,0.6564,failure
7b282a00,carlos_dev,feature/pagos,fix tests module,pull_request,7,190,101,291,136,58,65,none,0,none,3,0,0,0,1,0,0,0,0,0,0,0,0,0,fix,tests,0.0300,success
93467ffc,anndrew492,feature/api,refactor tests module,pull_request,4,553,127,680,475,221,171,none,0,none,4,13,0,0,1,0,0,0,0,0,0,0,0,0,refactor,tests,0.2124,success
3da8b1ab,carlos_dev,main,merge login module,push,13,109,314,423,317,142,130,quality-and-testing,1,runtime,5,9,0,0,0,1,0,0,0,0,1,0,0,0,merge,login,0.7302,failure
c3371edb,carlos_dev,feature/api,update security module,push,7,139,106,245,266,76,113,none,0,none,5,12,0,0,1,0,0,0,0,0,0,0,0,0,update,security,0.0300,success
2f9c27a2,junior_juan,hotfix/urgente,add dashboard module,pull_request,19,115,21,136,204,85,88,none,0,none,2,13,0,1,0,0,0,0,0,1,0,0,0,0,add,dashboard,0.2814,success
d73bb277,carlos_dev,ci/cd-proyecto,rollback security module,pull_request,2,326,146,472,120,15,35,none,0,none,7,7,1,0,0,0,0,0,0,0,0,0,0,0,rollback,security,0.2977,success
1b3b39c7,carlos_dev,hotfix/urgente,update docker module,pull_request,14,466,157,623,626,213,402,security-and-build,2,docker,6,0,1,1,0,0,1,0,0,0,0,0,0,0,update,docker,0.9200,failure
cd528a02,maria_backend,feature/dashboard,rollback security module,push,11,619,174,793,417,176,174,none,0,none,4,11,0,0,1,0,0,0,0,0,0,0,0,0,rollback,security,0.4293,success
b3f44ecb,junior_juan,ci/cd-proyecto,update database module,pull_request,8,74,93,167,512,262,236,none,0,none,7,9,1,0,0,0,0,1,0,0,0,0,0,0,update,database,0.2966,success
5472ae55,junior_juan,hotfix/urgente,fix security module,push,19,189,76,265,475,159,245,security-and-build,5,security,6,8,1,1,0,0,0,0,0,0,0,0,0,0,fix,security,0.5687,failure
4b3ad759,anndrew492,release/v1,remove auth module,pull_request,3,368,177,545,349,135,196,none,0,none,2,12,0,0,0,0,0,0,0,0,1,0,0,0,remove,auth,0.4027,success
8a70932a,carlos_dev,release/v1,merge database module,push,11,357,312,669,757,401,272,quality-and-testing,1,database,3,20,0,0,0,0,0,1,0,0,0,0,0,0,merge,database,0.7452,failure
d9b82a31,anndrew492,feature/dashboard,rollback docker module,pull_request,6,567,37,604,548,196,262,security-and-build,5,docker,6,20,1,0,1,0,1,0,0,0,0,0,0,0,rollback,docker,0.7101,failure
08e38cb6,anndrew492,release/v1,merge frontend module,pull_request,16,56,333,389,250,148,56,none,0,none,6,7,1,0,0,0,0,0,0,1,0,0,0,0,merge,frontend,0.1255,success
5ef1671f,maria_backend,ci/cd-proyecto,remove billing module,pull_request,4,22,87,109,220,98,38,none,0,none,5,1,0,0,0,0,0,0,0,0,0,0,0,0,remove,billing,0.0300,success
238bb4eb,anndrew492,main,refactor frontend module,push,1,151,91,242,301,54,181,none,0,none,3,19,0,0,0,1,0,0,0,1,0,0,0,0,refactor,frontend,0.2315,success
18a456cb,anndrew492,feature/dashboard,rollback docker module,push,15,99,41,140,442,217,209,security-and-build,5,docker,4,13,0,0,1,0,1,0,0,0,0,0,0,0,rollback,docker,0.6158,failure
4f4356e8,maria_backend,hotfix/urgente,remove dashboard module,pull_request,17,166,355,521,481,198,277,security-and-build,2,env,6,23,1,1,0,0,0,0,0,1,0,0,0,0,remove,dashboard,0.6165,failure
d53f6305,maria_backend,main,add dependencies module,push,7,434,199,633,745,287,394,security-and-build,4,dependency,5,23,0,0,0,1,0,0,0,0,0,1,0,0,add,dependencies,0.9200,failure
d5ef8c9f,maria_backend,feature/pagos,refactor database module,push,12,96,140,236,379,142,196,none,0,none,4,23,0,0,1,0,0,1,0,0,0,0,0,0,refactor,database,0.2784,success
8656130d,anndrew492,release/v1,fix billing module,push,12,392,127,519,429,227,166,none,0,none,3,9,0,0,0,0,0,0,0,0,0,0,0,0,fix,billing,0.2304,success
e19ae764,maria_backend,feature/pagos,merge api module,pull_request,4,548,52,600,405,116,266,none,0,none,6,18,1,0,1,0,0,0,1,0,0,0,0,0,merge,api,0.4269,success
c332db49,carlos_dev,ci/cd-proyecto,add api module,pull_request,13,144,74,218,245,107,91,none,0,none,4,6,0,0,0,0,0,0,1,0,0,0,0,0,add,api,0.2966,success
e45ea98d,carlos_dev,feature/api,refactor dashboard module,push,19,20,87,107,96,49,30,none,0,none,1,12,0,0,1,0,0,0,0,1,0,0,0,0,refactor,dashboard,0.1263,success
61f1be8d,carlos_dev,ci/cd-proyecto,fix database module,push,12,557,207,764,708,320,317,quality-and-testing,2,database,7,4,1,0,0,0,0,1,0,0,0,0,0,0,fix,database,0.8010,failure
ebbb0adc,maria_backend,main,add login module,push,12,602,292,894,589,274,236,security-and-build,1,timeout,2,3,0,0,0,1,0,0,0,0,1,0,0,0,add,login,0.9169,failure
3af4c361,carlos_dev,feature/dashboard,remove security module,pull_request,16,363,81,444,354,149,139,none,0,none,3,8,0,0,1,0,0,0,0,0,0,0,0,0,remove,security,0.1124,success
7400114a,junior_juan,ci/cd-proyecto,remove database module,pull_request,20,136,83,219,404,264,75,quality-and-testing,5,database,7,2,1,0,0,0,0,1,0,0,0,0,0,0,remove,database,0.6036,failure
578aa632,anndrew492,release/v1,merge dependencies module,pull_request,16,511,200,711,721,270,425,security-and-build,5,dependency,7,10,1,0,0,0,0,0,0,0,0,1,0,0,merge,dependencies,0.7092,failure
9eeabb7a,anndrew492,release/v1,fix api module,push,2,208,320,528,403,168,165,none,0,none,5,22,0,0,0,0,0,0,1,0,0,0,0,0,fix,api,0.3571,success
307117f2,anndrew492,hotfix/urgente,rollback frontend module,pull_request,9,555,110,665,203,89,98,security-and-build,2,dependency,6,12,1,1,0,0,0,0,0,1,0,0,0,0,rollback,frontend,0.6572,failure
ea959888,carlos_dev,hotfix/urgente,fix api module,pull_request,15,585,8,593,295,96,117,security-and-build,5,env,6,23,1,1,0,0,0,0,1,0,0,0,0,0,fix,api,0.8716,failure
a01f50f5,junior_juan,ci/cd-proyecto,remove environment module,pull_request,8,47,48,95,220,62,132,security-and-build,5,docker,3,1,0,0,0,0,0,0,0,0,0,0,1,0,remove,environment,0.4690,failure
1dc652ae,anndrew492,ci/cd-proyecto,merge api module,pull_request,6,243,208,451,289,165,40,none,0,none,4,18,0,0,0,0,0,0,1,0,0,0,0,0,merge,api,0.2336,success
65ddb7b0,carlos_dev,feature/api,update dashboard module,pull_request,8,613,68,681,593,341,188,none,0,none,1,13,0,0,1,0,0,0,0,1,0,0,0,0,update,dashboard,0.0469,success
982b39c0,maria_backend,feature/pagos,remove billing module,push,14,505,276,781,564,162,355,none,0,none,5,0,0,0,1,0,0,0,0,0,0,0,0,0,remove,billing,0.3592,success
71453719,maria_backend,feature/dashboard,remove docker module,pull_request,6,96,12,108,329,74,219,none,0,none,3,19,0,0,1,0,1,0,0,0,0,0,0,0,remove,docker,0.2801,success
5381a775,junior_juan,feature/pagos,merge database module,push,7,31,146,177,278,127,104,none,0,none,3,11,0,0,1,0,0,1,0,0,0,0,0,0,merge,database,0.3009,success
c26b69c1,carlos_dev,main,update dependencies module,push,19,97,143,240,349,105,180,security-and-build,5,dependency,7,2,1,0,0,1,0,0,0,0,0,1,0,0,update,dependencies,0.8910,failure
f01bc2c3,junior_juan,feature/dashboard,remove environment module,push,17,417,199,616,500,182,252,security-and-build,1,security,3,15,0,0,1,0,0,0,0,0,0,0,1,0,remove,environment,0.8123,failure
f594a78f,carlos_dev,release/v1,remove tests module,push,7,376,103,479,320,105,198,none,0,none,2,20,0,0,0,0,0,0,0,0,0,0,0,0,remove,tests,0.1620,success
e44f0fc3,maria_backend,release/v1,rollback environment module,pull_request,17,96,324,420,425,188,169,security-and-build,3,security,7,21,1,0,0,0,0,0,0,0,0,0,1,0,rollback,environment,0.6745,failure
4ee39abe,carlos_dev,main,update docker module,push,8,27,214,241,419,155,183,security-and-build,4,docker,2,22,0,0,0,1,1,0,0,0,0,0,0,0,update,docker,0.6217,failure
3197ef36,carlos_dev,feature/dashboard,update migration module,pull_request,8,293,3,296,269,106,93,none,0,none,4,4,0,0,1,0,0,0,0,0,0,0,0,1,update,migration,0.3181,success
cfbb2d61,anndrew492,release/v1,rollback login module,pull_request,9,411,30,441,341,88,181,quality-and-testing,4,syntax,2,12,0,0,0,0,0,0,0,0,1,0,0,0,rollback,login,0.4837,failure
f2c64c19,junior_juan,hotfix/urgente,update dependencies module,pull_request,16,429,53,482,360,116,209,security-and-build,2,dependency,5,14,0,1,0,0,0,0,0,0,0,1,0,0,update,dependencies,0.7414,failure
53405edc,anndrew492,main,fix api module,pull_request,4,413,230,643,465,201,258,security-and-build,3,security,1,3,0,0,0,1,0,0,1,0,0,0,0,0,fix,api,0.4908,failure
28605d13,maria_backend,feature/api,remove environment module,push,12,389,276,665,512,278,202,quality-and-testing,5,test,4,10,0,0,1,0,0,0,0,0,0,0,1,0,remove,environment,0.6509,failure
d616d903,anndrew492,feature/pagos,add api module,pull_request,18,172,66,238,293,159,54,none,0,none,5,21,0,0,1,0,0,0,1,0,0,0,0,0,add,api,0.3462,success
6fc8b929,carlos_dev,main,refactor billing module,push,6,604,336,940,405,187,210,quality-and-testing,2,database,6,21,1,0,0,1,0,0,0,0,0,0,0,0,refactor,billing,0.8253,failure
96bad85e,carlos_dev,main,remove tests module,pull_request,8,279,330,609,505,196,285,none,0,none,3,21,0,0,0,1,0,0,0,0,0,0,0,0,remove,tests,0.2846,success
4c12f16a,anndrew492,feature/dashboard,remove dashboard module,push,17,390,194,584,368,188,133,none,0,none,1,21,0,0,1,0,0,0,0,1,0,0,0,0,remove,dashboard,0.3223,success
9083ce94,maria_backend,release/v1,update dependencies module,push,21,173,295,468,350,192,142,security-and-build,1,dependency,1,18,0,0,0,0,0,0,0,0,0,1,0,0,update,dependencies,0.6573,failure
8c1f2aa1,junior_juan,ci/cd-proyecto,remove docker module,push,2,588,176,764,665,216,428,security-and-build,4,docker,3,1,0,0,0,0,1,0,0,0,0,0,0,0,remove,docker,0.7721,failure
778ce8d6,junior_juan,ci/cd-proyecto,update migration module,push,23,497,114,611,400,215,152,quality-and-testing,4,database,4,16,0,0,0,0,0,0,0,0,0,0,0,1,update,migration,0.8090,failure
19ff33c4,junior_juan,feature/dashboard,fix api module,pull_request,11,265,46,311,257,116,69,none,0,none,2,22,0,0,1,0,0,0,1,0,0,0,0,0,fix,api,0.2249,success
9e7ecfe0,maria_backend,release/v1,merge database module,push,11,231,248,479,371,99,211,quality-and-testing,1,database,2,9,0,0,0,0,0,1,0,0,0,0,0,0,merge,database,0.5006,failure
3d79f975,junior_juan,feature/api,update database module,push,9,476,49,525,620,286,297,none,0,none,2,7,0,0,1,0,0,1,0,0,0,0,0,0,update,database,0.4475,success
25b07b0d,maria_backend,feature/pagos,refactor tests module,push,2,459,312,771,617,258,279,none,0,none,2,20,0,0,1,0,0,0,0,0,0,0,0,0,refactor,tests,0.3317,success
553cde9b,anndrew492,feature/api,refactor login module,pull_request,10,124,280,404,304,115,159,none,0,none,4,8,0,0,1,0,0,0,0,0,1,0,0,0,refactor,login,0.2835,success
86023bed,junior_juan,release/v1,remove database module,push,19,329,60,389,482,277,183,quality-and-testing,3,database,4,18,0,0,0,0,0,1,0,0,0,0,0,0,remove,database,0.6277,failure
5cf48f1f,carlos_dev,feature/dashboard,fix tests module,pull_request,9,473,261,734,532,254,220,none,0,none,3,3,0,0,1,0,0,0,0,0,0,0,0,0,fix,tests,0.1597,success
c0e98a34,carlos_dev,release/v1,refactor api module,push,17,271,321,592,420,225,161,quality-and-testing,3,runtime,4,5,0,0,0,0,0,0,1,0,0,0,0,0,refactor,api,0.6618,failure
2dccaf63,anndrew492,release/v1,update tests module,push,14,527,121,648,529,186,309,none,0,none,4,6,0,0,0,0,0,0,0,0,0,0,0,0,update,tests,0.3741,success
daf0826f,maria_backend,ci/cd-proyecto,add frontend module,pull_request,14,266,149,415,459,211,230,none,0,none,3,17,0,0,0,0,0,0,0,1,0,0,0,0,add,frontend,0.0490,success
fbd71a19,anndrew492,feature/api,merge migration module,push,17,291,192,483,432,207,140,quality-and-testing,4,database,1,21,0,0,1,0,0,0,0,0,0,0,0,1,merge,migration,0.5374,failure
0adc4057,maria_backend,hotfix/urgente,merge auth module,push,13,107,233,340,312,157,77,security-and-build,5,timeout,5,2,0,1,0,0,0,0,0,0,1,0,0,0,merge,auth,0.7549,failure
a8e11cb3,maria_backend,main,rollback database module,pull_request,15,177,24,201,387,140,242,quality-and-testing,1,database,2,1,0,0,0,1,0,1,0,0,0,0,0,0,rollback,database,0.4788,failure
e9d2ac97,carlos_dev,feature/pagos,add dashboard module,push,17,417,59,476,403,196,177,none,0,none,7,9,1,0,1,0,0,0,0,1,0,0,0,0,add,dashboard,0.4106,success
a3a7fbc5,maria_backend,hotfix/urgente,update frontend module,push,13,95,102,197,283,71,152,none,0,none,1,6,0,1,0,0,0,0,0,1,0,0,0,0,update,frontend,0.3317,success
c0739714,junior_juan,feature/api,remove frontend module,push,17,31,33,64,187,67,103,none,0,none,4,12,0,0,1,0,0,0,0,1,0,0,0,0,remove,frontend,0.1526,success
feea633a,anndrew492,ci/cd-proyecto,add frontend module,pull_request,8,426,31,457,259,57,129,none,0,none,7,11,1,0,0,0,0,0,0,1,0,0,0,0,add,frontend,0.0774,success
b691ab10,maria_backend,hotfix/urgente,refactor database module,pull_request,13,279,281,560,634,372,174,quality-and-testing,1,database,6,4,1,1,0,0,0,1,0,0,0,0,0,0,refactor,database,0.7920,failure
9d9669ab,junior_juan,feature/api,rollback environment module,push,15,145,159,304,169,35,72,security-and-build,5,docker,1,19,0,0,1,0,0,0,0,0,0,0,1,0,rollback,environment,0.6873,failure
38ce9827,maria_backend,hotfix/urgente,rollback migration module,pull_request,13,169,33,202,554,274,192,quality-and-testing,1,database,5,1,0,1,0,0,0,0,0,0,0,0,0,1,rollback,migration,0.7227,failure
21d9b109,maria_backend,hotfix/urgente,update database module,pull_request,18,148,231,379,309,156,130,quality-and-testing,4,database,4,14,0,1,0,0,0,1,0,0,0,0,0,0,update,database,0.6267,failure
fe4265ce,carlos_dev,feature/api,update auth module,push,15,137,62,199,368,122,170,none,0,none,6,15,1,0,1,0,0,0,0,0,1,0,0,0,update,auth,0.4089,success
874ca8b1,maria_backend,feature/api,update frontend module,pull_request,20,387,299,686,392,152,234,none,0,none,6,0,1,0,1,0,0,0,0,1,0,0,0,0,update,frontend,0.3661,success
d8e50143,maria_backend,feature/api,rollback api module,push,11,9,320,329,377,77,225,quality-and-testing,2,test,5,16,0,0,1,0,0,0,1,0,0,0,0,0,rollback,api,0.4805,failure
dcbd4106,maria_backend,hotfix/urgente,merge tests module,push,4,405,303,708,459,152,285,quality-and-testing,1,test,3,18,0,1,0,0,0,0,0,0,0,0,0,0,merge,tests,0.5638,failure
23298a4e,anndrew492,release/v1,remove environment module,pull_request,15,175,163,338,400,179,148,quality-and-testing,4,runtime,1,4,0,0,0,0,0,0,0,0,0,0,1,0,remove,environment,0.6126,failure
d64c6853,carlos_dev,feature/api,update billing module,push,2,174,196,370,296,174,40,none,0,none,7,11,1,0,1,0,0,0,0,0,0,0,0,0,update,billing,0.1849,success
180be7da,anndrew492,feature/pagos,remove environment module,pull_request,17,571,94,665,421,229,182,quality-and-testing,4,syntax,1,8,0,0,1,0,0,0,0,0,0,0,1,0,remove,environment,0.6999,failure
ba47dce8,anndrew492,ci/cd-proyecto,update dashboard module,push,7,620,160,780,645,330,273,none,0,none,6,19,1,0,0,0,0,0,0,1,0,0,0,0,update,dashboard,0.3933,success
bcdad43d,maria_backend,ci/cd-proyecto,rollback dependencies module,push,19,42,321,363,416,195,169,security-and-build,5,dependency,6,2,1,0,0,0,0,0,0,0,0,1,0,0,rollback,dependencies,0.9200,failure
2d28f657,maria_backend,main,add database module,pull_request,9,643,197,840,358,206,130,quality-and-testing,4,database,1,22,0,0,0,1,0,1,0,0,0,0,0,0,add,database,0.5916,failure
4df691b8,junior_juan,hotfix/urgente,remove frontend module,push,12,287,309,596,372,83,217,quality-and-testing,4,syntax,3,19,0,1,0,0,0,0,0,1,0,0,0,0,remove,frontend,0.5833,failure
b5aa27aa,anndrew492,release/v1,refactor dependencies module,push,17,561,127,688,445,200,209,security-and-build,5,dependency,1,2,0,0,0,0,0,0,0,0,0,1,0,0,refactor,dependencies,0.8844,failure
3b218186,anndrew492,feature/dashboard,merge auth module,push,18,102,270,372,136,63,39,security-and-build,2,dependency,1,21,0,0,1,0,0,0,0,0,1,0,0,0,merge,auth,0.4674,failure
1741f333,anndrew492,feature/pagos,rollback environment module,push,13,153,136,289,109,48,48,quality-and-testing,5,syntax,5,22,0,0,1,0,0,0,0,0,0,0,1,0,rollback,environment,0.4850,failure
af5be306,carlos_dev,hotfix/urgente,refactor tests module,pull_request,17,575,215,790,533,156,312,telemetry-dispatch,4,timeout,6,10,1,1,0,0,0,0,0,0,0,0,0,0,refactor,tests,0.6697,failure
0aad2165,anndrew492,feature/api,rollback dashboard module,pull_request,10,100,219,319,342,74,222,none,0,none,7,3,1,0,1,0,0,0,0,1,0,0,0,0,rollback,dashboard,0.2518,success
d9c478f8,maria_backend,hotfix/urgente,remove billing module,push,8,21,307,328,383,79,239,security-and-build,2,env,1,23,0,1,0,0,0,0,0,0,0,0,0,0,remove,billing,0.5200,failure
252c3dec,junior_juan,ci/cd-proyecto,remove tests module,pull_request,12,133,313,446,417,137,230,none,0,none,5,2,0,0,0,0,0,0,0,0,0,0,0,0,remove,tests,0.1096,success
6929832b,anndrew492,hotfix/urgente,remove api module,push,15,318,147,465,318,189,104,quality-and-testing,2,test,4,14,0,1,0,0,0,0,1,0,0,0,0,0,remove,api,0.7557,failure
383faae8,anndrew492,feature/api,remove login module,pull_request,11,92,295,387,197,101,74,none,0,none,1,3,0,0,1,0,0,0,0,0,1,0,0,0,remove,login,0.3872,success
b9066fd0,junior_juan,feature/api,refactor database module,pull_request,4,49,16,65,370,146,199,none,0,none,4,12,0,0,1,0,0,1,0,0,0,0,0,0,refactor,database,0.2077,success
b33d7664,junior_juan,hotfix/urgente,rollback docker module,pull_request,11,456,265,721,421,65,290,security-and-build,2,docker,3,10,0,1,0,0,1,0,0,0,0,0,0,0,rollback,docker,0.9200,failure
3fc84e6b,maria_backend,feature/api,remove dashboard module,pull_request,9,352,173,525,521,145,303,none,0,none,7,16,1,0,1,0,0,0,0,1,0,0,0,0,remove,dashboard,0.0669,success
837fc81f,anndrew492,release/v1,update dashboard module,pull_request,3,617,4,621,563,287,251,none,0,none,5,5,0,0,0,0,0,0,0,1,0,0,0,0,update,dashboard,0.1222,success
873dc677,carlos_dev,feature/api,refactor api module,pull_request,2,366,41,407,390,180,151,none,0,none,3,20,0,0,1,0,0,0,1,0,0,0,0,0,refactor,api,0.2575,success
40e44689,junior_juan,hotfix/urgente,refactor migration module,pull_request,23,119,3,122,329,283,23,quality-and-testing,2,database,6,21,1,1,0,0,0,0,0,0,0,0,0,1,refactor,migration,0.6844,failure
30aa7fee,junior_juan,feature/api,fix database module,push,18,340,104,444,288,101,175,quality-and-testing,1,database,5,1,0,0,1,0,0,1,0,0,0,0,0,0,fix,database,0.5310,failure
be2bcb9c,carlos_dev,hotfix/urgente,rollback docker module,push,7,592,198,790,591,197,326,security-and-build,1,docker,4,23,0,1,0,0,1,0,0,0,0,0,0,0,rollback,docker,0.9200,failure
0c061b05,carlos_dev,main,rollback migration module,push,14,181,17,198,619,327,212,quality-and-testing,2,database,6,19,1,0,0,1,0,0,0,0,0,0,0,1,rollback,migration,0.9145,failure
20504b24,maria_backend,feature/api,add api module,push,11,182,248,430,289,185,42,none,0,none,4,22,0,0,1,0,0,0,1,0,0,0,0,0,add,api,0.4411,success
9f45e566,anndrew492,hotfix/urgente,merge database module,push,16,627,335,962,437,194,226,quality-and-testing,3,database,2,2,0,1,0,0,0,1,0,0,0,0,0,0,merge,database,0.9200,failure
062bd772,maria_backend,hotfix/urgente,add security module,pull_request,16,247,65,312,356,82,199,security-and-build,3,security,6,23,1,1,0,0,0,0,0,0,0,0,0,0,add,security,0.7339,failure
1e5da90e,anndrew492,ci/cd-proyecto,rollback migration module,push,9,312,93,405,222,91,64,quality-and-testing,5,database,3,4,0,0,0,0,0,0,0,0,0,0,0,1,rollback,migration,0.7119,failure
26ffe67d,maria_backend,feature/api,rollback auth module,push,4,505,129,634,520,202,247,security-and-build,2,security,4,4,0,0,1,0,0,0,0,0,1,0,0,0,rollback,auth,0.8051,failure
7e48a68d,junior_juan,feature/pagos,rollback database module,push,3,553,203,756,570,279,258,quality-and-testing,1,database,4,17,0,0,1,0,0,1,0,0,0,0,0,0,rollback,database,0.7360,failure
3b85b4c6,junior_juan,feature/dashboard,add dependencies module,push,7,596,238,834,542,224,290,security-and-build,3,dependency,1,23,0,0,1,0,0,0,0,0,0,1,0,0,add,dependencies,0.6697,failure
138234e7,maria_backend,feature/pagos,update database module,push,18,275,21,296,251,216,27,none,0,none,6,11,1,0,1,0,0,1,0,0,0,0,0,0,update,database,0.4075,success
481d54d2,carlos_dev,ci/cd-proyecto,rollback dependencies module,pull_request,12,421,163,584,474,203,244,security-and-build,5,dependency,6,15,1,0,0,0,0,0,0,0,0,1,0,0,rollback,dependencies,0.5570,failure
03b214b0,junior_juan,feature/dashboard,refactor auth module,pull_request,16,203,342,545,527,219,230,telemetry-dispatch,4,timeout,6,18,1,0,1,0,0,0,0,0,1,0,0,0,refactor,auth,0.4835,failure
0a9f0682,junior_juan,feature/dashboard,rollback frontend module,push,11,372,293,665,261,72,130,quality-and-testing,2,test,6,19,1,0,1,0,0,0,0,1,0,0,0,0,rollback,frontend,0.5344,failure
c745659c,maria_backend,feature/pagos,rollback migration module,push,7,433,262,695,551,200,310,quality-and-testing,4,database,2,17,0,0,1,0,0,0,0,0,0,0,0,1,rollback,migration,0.6551,failure
3f9009e4,maria_backend,ci/cd-proyecto,add dependencies module,pull_request,8,46,148,194,376,93,197,none,0,none,6,2,1,0,0,0,0,0,0,0,0,1,0,0,add,dependencies,0.3913,success
430ea977,maria_backend,release/v1,remove security module,push,17,138,20,158,453,169,250,none,0,none,2,16,0,0,0,0,0,0,0,0,0,0,0,0,remove,security,0.2729,success
be72cd85,carlos_dev,feature/pagos,update database module,push,12,396,53,449,397,151,186,quality-and-testing,1,database,4,4,0,0,1,0,0,1,0,0,0,0,0,0,update,database,0.4682,failure
7ae0310f,maria_backend,ci/cd-proyecto,update frontend module,pull_request,3,162,104,266,431,191,225,none,0,none,7,10,1,0,0,0,0,0,0,1,0,0,0,0,update,frontend,0.0300,success
0ac0179c,carlos_dev,feature/dashboard,remove migration module,push,12,287,126,413,381,321,41,quality-and-testing,3,database,1,6,0,0,1,0,0,0,0,0,0,0,0,1,remove,migration,0.5095,failure
7b811e17,junior_juan,feature/pagos,update billing module,pull_request,7,72,231,303,381,194,157,none,0,none,6,8,1,0,1,0,0,0,0,0,0,0,0,0,update,billing,0.0300,success
52ea5647,maria_backend,ci/cd-proyecto,rollback security module,pull_request,14,613,264,877,340,88,194,none,0,none,3,14,0,0,0,0,0,0,0,0,0,0,0,0,rollback,security,0.3910,success
e7cecd9d,junior_juan,ci/cd-proyecto,merge environment module,pull_request,12,27,215,242,205,43,128,none,0,none,7,19,1,0,0,0,0,0,0,0,0,0,1,0,merge,environment,0.3016,success
eaaaf2bf,junior_juan,release/v1,refactor database module,pull_request,9,342,24,366,480,259,143,none,0,none,6,11,1,0,0,0,0,1,0,0,0,0,0,0,refactor,database,0.3320,success
feac2fe7,maria_backend,hotfix/urgente,rollback dashboard module,push,10,259,200,459,331,27,238,quality-and-testing,1,runtime,7,18,1,1,0,0,0,0,0,1,0,0,0,0,rollback,dashboard,0.7406,failure
10362e08,carlos_dev,feature/pagos,remove security module,pull_request,13,309,336,645,410,122,217,none,0,none,4,3,0,0,1,0,0,0,0,0,0,0,0,0,remove,security,0.0630,success
153135f7,junior_juan,ci/cd-proyecto,remove database module,push,15,5,103,108,474,142,257,quality-and-testing,3,database,2,18,0,0,0,0,0,1,0,0,0,0,0,0,remove,database,0.4706,failure
c6a75b87,junior_juan,main,rollback tests module,pull_request,2,352,167,519,511,99,349,none,0,none,1,7,0,0,0,1,0,0,0,0,0,0,0,0,rollback,tests,0.0804,success
2ead4ffa,junior_juan,hotfix/urgente,merge billing module,push,17,213,217,430,138,78,32,quality-and-testing,4,runtime,2,11,0,1,0,0,0,0,0,0,0,0,0,0,merge,billing,0.5354,failure
1cea9fe9,carlos_dev,feature/api,fix database module,push,13,247,301,548,532,357,139,none,0,none,1,7,0,0,1,0,0,1,0,0,0,0,0,0,fix,database,0.4402,success
4f1620fa,maria_backend,hotfix/urgente,update database module,push,20,171,185,356,409,268,88,quality-and-testing,1,database,4,22,0,1,0,0,0,1,0,0,0,0,0,0,update,database,0.8579,failure
d568bb0d,carlos_dev,feature/api,remove billing module,pull_request,6,100,212,312,418,215,167,none,0,none,1,2,0,0,1,0,0,0,0,0,0,0,0,0,remove,billing,0.0300,success
fc2d3acc,carlos_dev,main,refactor api module,push,8,577,164,741,294,163,70,quality-and-testing,3,runtime,3,16,0,0,0,1,0,0,1,0,0,0,0,0,refactor,api,0.8648,failure
430864d4,junior_juan,main,rollback dashboard module,push,15,459,235,694,317,154,113,quality-and-testing,3,env,4,9,0,0,0,1,0,0,0,1,0,0,0,0,rollback,dashboard,0.7377,failure
ac6a7626,junior_juan,hotfix/urgente,update environment module,pull_request,9,610,2,612,441,140,241,security-and-build,5,dependency,7,16,1,1,0,0,0,0,0,0,0,0,1,0,update,environment,0.9200,failure
26a37793,anndrew492,feature/api,add database module,push,12,627,65,692,602,370,176,quality-and-testing,1,database,1,2,0,0,1,0,0,1,0,0,0,0,0,0,add,database,0.6012,failure
3e92b968,maria_backend,main,rollback security module,push,7,241,276,517,478,170,250,security-and-build,3,security,4,1,0,0,0,1,0,0,0,0,0,0,0,0,rollback,security,0.5744,failure
d3050196,junior_juan,main,refactor dashboard module,push,13,190,77,267,368,215,109,none,0,none,3,7,0,0,0,1,0,0,0,1,0,0,0,0,refactor,dashboard,0.2268,success
ae56d087,maria_backend,feature/pagos,refactor migration module,push,16,29,315,344,402,238,153,quality-and-testing,5,database,7,11,1,0,1,0,0,0,0,0,0,0,0,1,refactor,migration,0.5189,failure
33e60c9d,anndrew492,feature/dashboard,update dashboard module,push,4,14,124,138,337,219,34,none,0,none,1,15,0,0,1,0,0,0,0,1,0,0,0,0,update,dashboard,0.0300,success
3c255d43,junior_juan,feature/dashboard,remove frontend module,pull_request,21,81,106,187,421,204,137,none,0,none,2,4,0,0,1,0,0,0,0,1,0,0,0,0,remove,frontend,0.0300,success
9e0a5d23,maria_backend,feature/pagos,update dependencies module,push,9,248,72,320,202,54,142,security-and-build,4,dependency,7,2,1,0,1,0,0,0,0,0,0,1,0,0,update,dependencies,0.6614,failure
85280a4e,anndrew492,feature/api,refactor billing module,push,9,167,318,485,167,34,67,none,0,none,1,3,0,0,1,0,0,0,0,0,0,0,0,0,refactor,billing,0.2124,success
68b07ce7,anndrew492,release/v1,add auth module,pull_request,2,305,108,413,328,17,233,none,0,none,2,20,0,0,0,0,0,0,0,0,1,0,0,0,add,auth,0.2332,success
6e932d06,anndrew492,feature/dashboard,remove frontend module,pull_request,14,51,114,165,361,95,228,none,0,none,3,1,0,0,1,0,0,0,0,1,0,0,0,0,remove,frontend,0.0300,success
65cf46c7,junior_juan,main,remove login module,pull_request,16,421,216,637,368,127,217,security-and-build,4,docker,6,8,1,0,0,1,0,0,0,0,1,0,0,0,remove,login,0.7714,failure
27cc2259,carlos_dev,release/v1,fix dashboard module,pull_request,12,501,13,514,447,143,214,none,0,none,2,9,0,0,0,0,0,0,0,1,0,0,0,0,fix,dashboard,0.0636,success
784d7c74,maria_backend,main,rollback api module,push,15,642,252,894,389,186,173,quality-and-testing,5,database,1,2,0,0,0,1,0,0,1,0,0,0,0,0,rollback,api,0.9200,failure
e5651775,anndrew492,hotfix/urgente,remove frontend module,push,8,221,357,578,511,144,300,security-and-build,4,timeout,2,4,0,1,0,0,0,0,0,1,0,0,0,0,remove,frontend,0.6515,failure
0debf321,junior_juan,main,rollback billing module,push,7,160,343,503,425,95,294,none,0,none,4,6,0,0,0,1,0,0,0,0,0,0,0,0,rollback,billing,0.4028,success
d8b91a60,carlos_dev,hotfix/urgente,add tests module,push,12,423,278,701,502,185,280,quality-and-testing,3,test,3,5,0,1,0,0,0,0,0,0,0,0,0,0,add,tests,0.6288,failure
3230cbce,junior_juan,ci/cd-proyecto,refactor billing module,push,1,356,61,417,298,63,206,none,0,none,4,13,0,0,0,0,0,0,0,0,0,0,0,0,refactor,billing,0.2872,success
cb8f0642,carlos_dev,ci/cd-proyecto,merge database module,push,9,357,165,522,396,217,148,quality-and-testing,4,database,5,23,0,0,0,0,0,1,0,0,0,0,0,0,merge,database,0.4902,failure
496f2361,carlos_dev,ci/cd-proyecto,refactor tests module,pull_request,1,148,166,314,249,132,34,none,0,none,5,14,0,0,0,0,0,0,0,0,0,0,0,0,refactor,tests,0.0300,success
fefc20f8,maria_backend,main,update migration module,pull_request,18,49,186,235,287,172,36,quality-and-testing,3,database,7,8,1,0,0,1,0,0,0,0,0,0,0,1,update,migration,0.4812,failure
2250912b,maria_backend,release/v1,fix environment module,push,15,629,87,716,362,174,168,quality-and-testing,3,runtime,1,1,0,0,0,0,0,0,0,0,0,0,1,0,fix,environment,0.8691,failure
5ed1e304,junior_juan,feature/pagos,rollback migration module,push,12,208,119,327,331,91,172,quality-and-testing,1,database,1,23,0,0,1,0,0,0,0,0,0,0,0,1,rollback,migration,0.5498,failure
9bd51bce,carlos_dev,ci/cd-proyecto,merge billing module,pull_request,7,367,332,699,424,232,126,none,0,none,7,3,1,0,0,0,0,0,0,0,0,0,0,0,merge,billing,0.2249,success
0c734992,maria_backend,ci/cd-proyecto,add dependencies module,push,20,310,272,582,618,186,413,security-and-build,5,dependency,5,14,0,0,0,0,0,0,0,0,0,1,0,0,add,dependencies,0.5362,failure
6721d7e1,maria_backend,release/v1,rollback frontend module,push,5,533,243,776,472,181,219,quality-and-testing,2,database,5,10,0,0,0,0,0,0,0,1,0,0,0,0,rollback,frontend,0.4695,failure
53e7bc71,maria_backend,hotfix/urgente,merge login module,push,17,160,219,379,89,19,29,quality-and-testing,1,syntax,1,17,0,1,0,0,0,0,0,0,1,0,0,0,merge,login,0.7972,failure
1b30e65f,junior_juan,ci/cd-proyecto,remove dashboard module,push,7,185,227,412,249,111,122,none,0,none,6,9,1,0,0,0,0,0,0,1,0,0,0,0,remove,dashboard,0.1713,success
777fb27f,anndrew492,feature/dashboard,refactor dependencies module,push,7,230,259,489,364,71,259,none,0,none,7,10,1,0,1,0,0,0,0,0,0,1,0,0,refactor,dependencies,0.4143,success
deef8965,maria_backend,hotfix/urgente,merge tests module,pull_request,9,586,127,713,516,205,275,quality-and-testing,1,test,5,7,0,1,0,0,0,0,0,0,0,0,0,0,merge,tests,0.4880,failure
df1a80ed,carlos_dev,ci/cd-proyecto,refactor environment module,push,3,361,184,545,442,280,112,none,0,none,3,6,0,0,0,0,0,0,0,0,0,0,1,0,refactor,environment,0.3905,success
34e30c6a,anndrew492,hotfix/urgente,fix security module,pull_request,8,358,250,608,454,231,182,security-and-build,1,security,5,9,0,1,0,0,0,0,0,0,0,0,0,0,fix,security,0.7098,failure
5a49af63,junior_juan,main,merge billing module,pull_request,5,480,186,666,352,153,180,none,0,none,1,23,0,0,0,1,0,0,0,0,0,0,0,0,merge,billing,0.2974,success
